1,1,0.00,8.84,351.23,1061.85,0.9275,-1,-1,-1
1,2,874.75,152.63,238.77,626.84,0.8142,-1,-1,-1
1,3,546.17,271.39,94.46,315.83,0.8119,-1,-1,-1
1,4,404.01,277.97,107.40,319.41,0.8106,-1,-1,-1
1,5,740.98,330.80,42.17,124.86,0.4067,-1,-1,-1
1,6,1058.79,293.52,82.81,324.78,0.4014,-1,-1,-1
1,7,798.29,307.65,46.04,140.85,0.3540,-1,-1,-1
2,1,-0.19,5.71,345.39,1064.85,0.9308,-1,-1,-1
2,2,870.34,148.91,234.64,629.24,0.8053,-1,-1,-1
2,3,542.48,266.61,95.30,321.89,0.8087,-1,-1,-1
2,4,397.84,274.29,110.58,321.38,0.8139,-1,-1,-1
2,5,739.89,330.34,41.60,121.81,0.2920,-1,-1,-1
2,6,1054.02,291.66,86.90,329.72,0.4816,-1,-1,-1
2,7,798.16,305.51,47.86,141.02,0.2871,-1,-1,-1
3,1,-0.37,4.83,339.44,1063.67,0.9292,-1,-1,-1
3,2,865.37,152.04,227.18,628.17,0.8284,-1,-1,-1
3,3,536.80,266.04,96.77,326.74,0.8045,-1,-1,-1
3,4,390.93,274.42,108.92,322.75,0.8448,-1,-1,-1
3,5,738.34,329.93,39.78,123.39,0.3178,-1,-1,-1
3,6,1048.54,293.73,90.69,333.27,0.5743,-1,-1,-1
3,7,795.88,309.42,47.58,138.82,0.2801,-1,-1,-1
4,1,-0.27,3.24,327.05,1062.30,0.9252,-1,-1,-1
4,2,868.49,152.94,218.35,629.07,0.8343,-1,-1,-1
4,3,531.79,264.77,96.26,329.16,0.8075,-1,-1,-1
4,4,381.99,271.26,111.50,327.20,0.8421,-1,-1,-1
4,5,733.39,325.68,40.95,128.22,0.4025,-1,-1,-1
4,6,1044.03,292.95,91.18,342.38,0.5791,-1,-1,-1
4,7,793.10,318.25,42.00,128.18,0.2215,-1,-1,-1
5,1,-0.16,2.67,312.04,1063.01,0.9159,-1,-1,-1
5,2,876.97,151.48,207.00,636.31,0.8185,-1,-1,-1
5,3,526.25,262.11,97.42,334.17,0.8088,-1,-1,-1
5,4,376.12,265.20,111.69,331.71,0.8344,-1,-1,-1
5,5,730.28,321.49,43.16,126.97,0.3932,-1,-1,-1
5,6,1046.92,291.77,85.10,344.62,0.5788,-1,-1,-1
5,7,789.61,322.43,42.27,118.59,0.2386,-1,-1,-1
5,8,691.09,333.15,38.15,111.03,0.3960,-1,-1,-1
6,1,0.29,16.06,292.37,1056.32,0.8778,-1,-1,-1
6,2,883.77,151.03,197.85,628.70,0.8031,-1,-1,-1
6,3,520.23,261.99,100.99,335.94,0.7974,-1,-1,-1
6,4,371.80,262.10,111.26,334.81,0.8304,-1,-1,-1
6,5,728.14,323.14,39.84,115.69,0.3998,-1,-1,-1
6,6,1045.98,293.05,82.44,345.88,0.5861,-1,-1,-1
6,7,787.23,321.42,40.64,117.62,0.3040,-1,-1,-1
6,8,687.91,333.51,39.39,115.04,0.4194,-1,-1,-1
7,1,0.63,62.36,273.48,1009.56,0.9035,-1,-1,-1
7,2,890.81,153.08,189.55,622.08,0.8163,-1,-1,-1
7,3,515.36,260.18,102.20,343.64,0.7801,-1,-1,-1
7,4,364.03,261.05,113.75,338.18,0.8226,-1,-1,-1
7,5,726.02,321.99,39.53,121.53,0.4658,-1,-1,-1
7,6,1041.67,296.26,84.13,347.09,0.6037,-1,-1,-1
7,7,784.97,317.90,40.63,123.55,0.3464,-1,-1,-1
7,8,684.90,332.76,41.41,119.98,0.4067,-1,-1,-1
7,9,864.18,253.87,80.06,308.40,0.5746,-1,-1,-1
8,1,0.71,85.51,258.67,986.52,0.8960,-1,-1,-1
8,2,890.97,153.38,188.81,626.28,0.7931,-1,-1,-1
8,3,511.09,262.67,102.08,345.97,0.8153,-1,-1,-1
8,4,354.36,260.46,118.03,341.98,0.8266,-1,-1,-1
8,5,723.51,321.59,40.80,125.50,0.5088,-1,-1,-1
8,6,1037.78,299.56,86.98,347.17,0.6755,-1,-1,-1
8,7,782.87,307.84,47.35,138.53,0.4137,-1,-1,-1
8,8,682.47,332.52,40.62,121.58,0.5018,-1,-1,-1
8,9,862.95,263.31,73.82,300.93,0.5863,-1,-1,-1
9,1,0.22,100.31,227.78,972.90,0.8637,-1,-1,-1
9,2,888.99,154.65,186.85,625.82,0.7894,-1,-1,-1
9,3,506.54,262.88,103.26,344.89,0.8361,-1,-1,-1
9,4,348.01,260.84,119.98,343.81,0.8186,-1,-1,-1
9,5,721.35,321.44,39.38,129.95,0.5794,-1,-1,-1
9,6,1036.31,303.26,85.23,348.69,0.6626,-1,-1,-1
9,7,782.17,306.76,43.54,140.50,0.3869,-1,-1,-1
9,8,679.72,333.75,38.17,121.54,0.4069,-1,-1,-1
9,9,862.19,264.52,72.43,300.31,0.5885,-1,-1,-1
10,1,0.72,108.56,206.25,961.30,0.7268,-1,-1,-1
10,2,883.15,157.01,188.29,623.59,0.8160,-1,-1,-1
10,3,500.31,264.60,106.68,347.36,0.8257,-1,-1,-1
10,4,344.63,259.94,118.42,346.89,0.8080,-1,-1,-1
10,5,720.17,323.72,40.18,131.23,0.5865,-1,-1,-1
10,6,1036.38,301.64,82.87,352.79,0.7006,-1,-1,-1
10,7,777.98,300.27,47.97,151.58,0.4918,-1,-1,-1
10,8,676.66,336.00,40.74,123.57,0.4888,-1,-1,-1
10,9,861.53,262.17,72.31,302.80,0.5663,-1,-1,-1
11,1,1.00,113.42,178.62,954.54,0.7330,-1,-1,-1
11,2,880.32,157.00,187.59,628.60,0.8168,-1,-1,-1
11,3,493.75,263.23,109.64,352.69,0.8230,-1,-1,-1
11,4,337.82,261.83,121.12,348.99,0.7896,-1,-1,-1
11,5,719.06,325.81,39.23,130.12,0.5187,-1,-1,-1
11,6,1037.91,298.05,76.60,358.95,0.6632,-1,-1,-1
11,7,776.84,312.89,47.49,140.61,0.5636,-1,-1,-1
11,8,675.86,340.19,40.95,118.92,0.4723,-1,-1,-1
11,9,861.86,274.44,68.09,292.43,0.5334,-1,-1,-1
12,1,0.87,119.17,160.56,761.06,0.7883,-1,-1,-1
12,2,872.50,158.24,188.94,631.37,0.8355,-1,-1,-1
12,3,490.17,259.89,110.98,357.71,0.7970,-1,-1,-1
12,4,327.33,264.35,127.35,351.49,0.8275,-1,-1,-1
12,5,717.97,327.02,40.95,131.77,0.5498,-1,-1,-1
12,6,1037.17,297.13,72.80,361.79,0.6770,-1,-1,-1
12,7,774.42,317.87,51.46,136.51,0.5497,-1,-1,-1
12,8,674.03,339.85,40.90,121.05,0.4349,-1,-1,-1
12,9,863.53,250.46,67.13,315.52,0.3899,-1,-1,-1
12,10,828.34,323.69,43.53,122.98,0.3624,-1,-1,-1
13,1,0.88,139.29,139.81,625.63,0.8206,-1,-1,-1
13,2,864.35,156.17,195.07,637.26,0.8253,-1,-1,-1
13,3,483.73,256.63,114.12,361.58,0.8272,-1,-1,-1
13,4,319.19,264.77,133.19,355.51,0.8304,-1,-1,-1
13,5,717.15,327.57,40.67,132.97,0.4859,-1,-1,-1
13,6,1035.86,299.02,73.25,355.83,0.6955,-1,-1,-1
13,7,772.63,320.46,52.25,134.52,0.5424,-1,-1,-1
13,8,672.78,340.42,39.97,122.76,0.4350,-1,-1,-1
13,9,864.74,246.35,65.08,315.67,0.2623,-1,-1,-1
13,10,829.07,326.22,43.75,121.12,0.4359,-1,-1,-1
14,1,0.61,174.80,117.61,579.19,0.8183,-1,-1,-1
14,2,855.92,153.78,200.76,642.81,0.7865,-1,-1,-1
14,3,479.18,255.20,115.66,364.46,0.8363,-1,-1,-1
14,4,313.45,266.12,136.01,358.74,0.8352,-1,-1,-1
14,5,715.34,327.36,43.51,133.74,0.5340,-1,-1,-1
14,6,1034.16,293.35,73.80,358.54,0.6848,-1,-1,-1
14,7,772.66,323.08,48.95,130.88,0.5630,-1,-1,-1
14,8,672.08,342.24,37.89,120.81,0.3720,-1,-1,-1
14,9,866.54,275.20,61.21,285.45,0.1845,-1,-1,-1
14,10,828.43,325.72,44.04,122.22,0.4670,-1,-1,-1
15,1,0.35,231.34,85.98,542.42,0.5556,-1,-1,-1
15,2,844.21,153.38,207.74,639.47,0.7980,-1,-1,-1
15,3,474.99,256.54,119.30,363.05,0.8392,-1,-1,-1
15,4,313.22,268.97,133.80,360.06,0.8286,-1,-1,-1
15,5,714.02,329.64,45.67,131.46,0.5303,-1,-1,-1
15,6,1030.38,285.55,77.44,367.98,0.6674,-1,-1,-1
15,7,772.32,323.17,48.00,129.81,0.5427,-1,-1,-1
15,8,671.65,345.14,35.03,114.00,0.4076,-1,-1,-1
15,10,827.84,328.63,43.81,120.58,0.4351,-1,-1,-1
16,2,837.74,153.73,213.00,640.34,0.8022,-1,-1,-1
16,3,472.08,256.92,122.70,366.10,0.8446,-1,-1,-1
16,4,309.44,270.28,135.35,365.12,0.8397,-1,-1,-1
16,5,713.61,330.85,45.79,130.99,0.5309,-1,-1,-1
16,6,1027.19,278.17,81.50,377.01,0.6330,-1,-1,-1
16,7,771.13,324.10,49.43,129.22,0.5744,-1,-1,-1
16,8,671.02,348.76,33.00,109.97,0.4417,-1,-1,-1
16,10,828.36,333.06,42.69,116.97,0.4196,-1,-1,-1
17,2,834.95,155.14,216.89,642.71,0.8271,-1,-1,-1
17,3,470.71,258.85,123.96,367.74,0.8426,-1,-1,-1
17,4,307.84,274.61,134.57,367.66,0.8501,-1,-1,-1
17,5,713.28,330.82,46.74,134.71,0.5725,-1,-1,-1
17,6,1023.94,276.02,86.76,378.89,0.6612,-1,-1,-1
17,7,770.48,326.02,51.53,129.26,0.5934,-1,-1,-1
17,8,671.06,348.08,32.93,116.30,0.4484,-1,-1,-1
17,10,829.22,338.14,41.54,116.22,0.4210,-1,-1,-1
18,2,836.28,158.26,215.27,651.58,0.8573,-1,-1,-1
18,3,468.56,260.04,126.79,373.05,0.8378,-1,-1,-1
18,4,308.75,278.63,133.23,369.68,0.8303,-1,-1,-1
18,5,714.00,333.32,46.83,135.95,0.4784,-1,-1,-1
18,6,1021.64,261.74,89.10,392.21,0.6973,-1,-1,-1
18,7,771.80,320.66,50.81,139.53,0.4272,-1,-1,-1
18,8,671.60,351.46,33.13,117.55,0.2545,-1,-1,-1
18,10,829.40,340.13,42.23,117.32,0.3609,-1,-1,-1
19,2,841.48,160.72,205.15,657.01,0.8588,-1,-1,-1
19,3,466.65,264.50,130.29,378.33,0.8214,-1,-1,-1
19,4,297.95,281.95,143.32,377.09,0.8301,-1,-1,-1
19,5,715.23,338.24,46.11,138.07,0.4881,-1,-1,-1
19,6,1016.19,257.44,94.08,398.27,0.7191,-1,-1,-1
19,7,772.48,331.07,50.97,133.05,0.5105,-1,-1,-1
19,8,670.79,356.71,33.70,120.81,0.2714,-1,-1,-1
19,10,830.36,347.62,44.33,112.89,0.3048,-1,-1,-1
20,2,845.57,167.09,197.92,655.98,0.8634,-1,-1,-1
20,3,467.68,271.58,130.74,379.84,0.8269,-1,-1,-1
20,4,296.73,287.39,145.87,379.38,0.8286,-1,-1,-1
20,5,717.61,342.87,44.00,139.93,0.5284,-1,-1,-1
20,6,1012.64,252.17,98.32,408.10,0.7665,-1,-1,-1
20,7,773.28,335.13,51.82,131.98,0.5668,-1,-1,-1
20,8,670.32,361.43,35.85,119.73,0.1551,-1,-1,-1
20,10,829.02,356.24,48.00,108.02,0.3497,-1,-1,-1
21,2,860.00,170.21,188.70,657.13,0.8510,-1,-1,-1
21,3,472.66,274.25,133.97,387.06,0.8126,-1,-1,-1
21,4,303.48,288.98,146.24,383.86,0.8443,-1,-1,-1
21,5,725.94,346.35,40.47,119.00,0.2311,-1,-1,-1
21,6,1017.80,249.87,105.26,414.69,0.8080,-1,-1,-1
21,7,775.88,336.34,57.32,131.79,0.3783,-1,-1,-1
22,2,880.55,169.51,187.39,660.41,0.8537,-1,-1,-1
22,3,493.03,276.21,130.68,390.93,0.8249,-1,-1,-1
22,4,321.40,289.21,145.32,386.95,0.8279,-1,-1,-1
22,5,743.99,349.35,41.57,132.46,0.5241,-1,-1,-1
22,6,1032.97,249.80,107.77,419.23,0.7957,-1,-1,-1
22,7,796.24,339.96,54.43,135.17,0.5639,-1,-1,-1
23,2,886.29,171.14,188.81,664.19,0.8619,-1,-1,-1
23,3,506.16,280.71,129.86,393.77,0.8268,-1,-1,-1
23,4,331.18,291.55,145.69,387.97,0.8290,-1,-1,-1
23,5,754.34,351.27,45.43,132.19,0.3746,-1,-1,-1
23,6,1041.38,252.49,112.39,422.75,0.8008,-1,-1,-1
23,7,809.11,355.43,55.15,126.13,0.2022,-1,-1,-1
23,8,705.64,367.18,39.80,126.11,0.4196,-1,-1,-1
24,2,885.07,172.03,198.43,664.57,0.8683,-1,-1,-1
24,3,516.33,283.70,131.35,396.86,0.8446,-1,-1,-1
24,4,341.02,292.69,147.08,391.30,0.8330,-1,-1,-1
24,5,766.86,351.63,43.70,136.64,0.5115,-1,-1,-1
24,6,1048.14,254.51,118.97,419.62,0.8175,-1,-1,-1
24,7,823.02,350.40,50.37,130.39,0.5152,-1,-1,-1
24,8,716.34,367.79,41.49,126.48,0.5327,-1,-1,-1
25,2,881.52,172.47,207.04,661.72,0.8634,-1,-1,-1
25,3,524.53,284.74,134.44,403.78,0.8442,-1,-1,-1
25,4,353.14,294.52,146.37,390.24,0.8320,-1,-1,-1
25,5,778.19,352.00,46.98,139.43,0.4210,-1,-1,-1
25,6,1058.07,256.39,123.30,420.16,0.8357,-1,-1,-1
25,8,730.55,368.40,40.41,129.21,0.4551,-1,-1,-1
26,2,883.84,173.96,214.20,657.40,0.8693,-1,-1,-1
26,3,539.18,291.93,132.45,405.57,0.7980,-1,-1,-1
26,4,364.82,295.61,149.93,395.23,0.8537,-1,-1,-1
26,5,793.99,353.69,45.80,135.19,0.3052,-1,-1,-1
26,6,1067.69,259.98,131.82,423.19,0.8313,-1,-1,-1
26,8,744.74,375.28,40.82,122.65,0.3271,-1,-1,-1
27,2,884.70,176.79,223.63,657.78,0.8629,-1,-1,-1
27,3,553.21,294.17,133.13,411.41,0.8311,-1,-1,-1
27,4,379.97,299.58,146.52,397.62,0.8407,-1,-1,-1
27,5,807.18,355.59,49.28,137.00,0.3704,-1,-1,-1
27,6,1081.06,265.42,137.47,420.56,0.8299,-1,-1,-1
27,8,761.54,378.34,38.38,125.70,0.3313,-1,-1,-1
27,11,1874.67,551.71,48.77,204.45,0.3682,-1,-1,-1
28,2,884.38,184.02,231.45,658.47,0.8748,-1,-1,-1
28,3,561.19,299.87,132.54,413.69,0.8466,-1,-1,-1
28,4,385.03,305.82,148.17,399.25,0.8609,-1,-1,-1
28,5,816.98,363.22,44.40,133.33,0.4378,-1,-1,-1
28,6,1086.79,272.85,139.77,418.56,0.8360,-1,-1,-1
28,8,768.91,383.02,39.21,126.38,0.4181,-1,-1,-1
29,2,884.12,190.89,227.62,659.48,0.8794,-1,-1,-1
29,3,565.12,301.44,133.75,417.27,0.8639,-1,-1,-1
29,4,391.36,310.03,144.04,404.21,0.8420,-1,-1,-1
29,5,820.72,367.97,45.09,141.45,0.5043,-1,-1,-1
29,6,1091.12,278.47,143.20,426.81,0.8126,-1,-1,-1
29,8,773.43,387.32,40.60,128.76,0.3734,-1,-1,-1
30,2,887.60,195.79,226.30,661.05,0.8921,-1,-1,-1
30,3,569.47,301.18,136.66,418.02,0.8519,-1,-1,-1
30,4,397.34,312.69,144.40,411.01,0.8393,-1,-1,-1
30,5,827.62,371.09,47.90,141.69,0.4914,-1,-1,-1
30,6,1097.89,281.55,149.34,431.96,0.8322,-1,-1,-1
30,8,783.95,390.82,38.10,127.56,0.2928,-1,-1,-1
31,2,888.39,201.57,227.46,664.38,0.8832,-1,-1,-1
31,3,573.42,302.81,136.72,420.29,0.8356,-1,-1,-1
31,4,400.73,317.93,144.90,417.33,0.8435,-1,-1,-1
31,5,836.47,378.61,44.67,139.56,0.5144,-1,-1,-1
31,6,1102.13,285.44,153.49,435.72,0.8543,-1,-1,-1
31,8,790.27,394.26,40.22,126.46,0.4833,-1,-1,-1
32,2,889.27,208.63,230.65,667.98,0.8842,-1,-1,-1
32,3,577.64,305.38,135.16,427.67,0.8521,-1,-1,-1
32,4,402.55,323.19,145.23,419.28,0.8572,-1,-1,-1
32,5,841.44,381.28,43.27,145.00,0.5931,-1,-1,-1
32,6,1104.02,290.25,155.79,433.58,0.8579,-1,-1,-1
32,8,793.87,399.59,44.28,127.50,0.3944,-1,-1,-1
33,2,892.42,213.64,232.58,669.91,0.8824,-1,-1,-1
33,3,580.75,308.11,138.11,431.32,0.8464,-1,-1,-1
33,4,404.28,328.96,147.76,419.76,0.8586,-1,-1,-1
33,5,846.31,388.03,44.26,145.27,0.5298,-1,-1,-1
33,6,1106.30,298.05,161.78,431.56,0.8555,-1,-1,-1
33,8,799.08,402.87,43.05,127.31,0.3546,-1,-1,-1
34,2,894.09,219.72,238.66,672.59,0.8748,-1,-1,-1
34,3,584.97,309.57,136.51,434.34,0.8413,-1,-1,-1
34,4,402.04,332.85,149.21,425.86,0.8417,-1,-1,-1
34,5,848.71,392.52,46.99,147.16,0.5584,-1,-1,-1
34,6,1108.35,302.59,163.89,426.10,0.8548,-1,-1,-1
34,8,801.19,407.44,46.83,129.71,0.3367,-1,-1,-1
35,2,899.04,227.27,236.87,676.20,0.8777,-1,-1,-1
35,3,588.52,313.79,135.85,439.25,0.8296,-1,-1,-1
35,4,399.10,337.03,151.00,433.53,0.8269,-1,-1,-1
35,5,850.48,397.40,48.14,146.86,0.5385,-1,-1,-1
35,6,1110.21,307.05,165.87,421.66,0.8458,-1,-1,-1
35,8,803.27,409.90,48.97,133.57,0.4802,-1,-1,-1
36,2,903.44,233.72,233.47,678.43,0.8840,-1,-1,-1
36,3,589.84,319.30,139.92,443.10,0.8214,-1,-1,-1
36,4,394.20,341.15,152.07,439.74,0.8543,-1,-1,-1
36,5,856.06,406.39,46.66,139.45,0.2911,-1,-1,-1
36,6,1112.85,311.70,164.49,420.00,0.8510,-1,-1,-1
36,8,805.22,413.91,50.05,134.50,0.4319,-1,-1,-1
37,2,904.59,241.89,232.71,678.00,0.8903,-1,-1,-1
37,3,592.52,323.17,136.36,447.00,0.8043,-1,-1,-1
37,4,389.93,343.99,150.03,446.30,0.8666,-1,-1,-1
37,5,860.61,413.88,43.97,134.52,0.4539,-1,-1,-1
37,6,1116.61,316.23,163.88,424.35,0.8439,-1,-1,-1
37,8,806.48,422.49,50.70,130.91,0.3626,-1,-1,-1
38,2,909.83,248.60,228.93,677.63,0.8889,-1,-1,-1
38,3,593.85,328.76,135.67,450.61,0.8258,-1,-1,-1
38,4,382.66,347.49,152.70,448.10,0.8690,-1,-1,-1
38,5,864.54,418.16,41.28,135.85,0.6136,-1,-1,-1
38,6,1117.91,321.57,164.15,422.22,0.8462,-1,-1,-1
38,8,808.03,431.58,53.04,129.88,0.3787,-1,-1,-1
39,2,918.35,255.47,222.48,679.18,0.8845,-1,-1,-1
39,3,591.98,333.78,138.13,459.38,0.8166,-1,-1,-1
39,4,376.96,351.80,156.11,452.93,0.8805,-1,-1,-1
39,5,864.47,425.10,42.92,134.85,0.5075,-1,-1,-1
39,6,1122.49,328.23,160.75,427.27,0.8541,-1,-1,-1
39,8,810.13,439.21,50.98,120.10,0.3252,-1,-1,-1
40,2,924.25,258.09,217.04,684.82,0.8764,-1,-1,-1
40,3,586.40,342.15,143.51,467.31,0.7966,-1,-1,-1
40,4,371.17,356.06,158.66,456.17,0.8741,-1,-1,-1
40,5,863.23,428.17,46.66,143.78,0.5473,-1,-1,-1
40,6,1125.72,334.72,158.94,431.31,0.8541,-1,-1,-1
40,8,808.95,445.08,53.62,126.94,0.2433,-1,-1,-1
41,2,925.83,260.05,212.83,683.87,0.8803,-1,-1,-1
41,3,582.31,343.48,145.08,474.03,0.8019,-1,-1,-1
41,4,359.12,356.52,165.93,458.98,0.8625,-1,-1,-1
41,5,862.54,432.72,47.58,144.91,0.4798,-1,-1,-1
41,6,1130.47,339.12,155.10,430.89,0.8500,-1,-1,-1
41,8,806.62,451.33,55.53,127.19,0.3321,-1,-1,-1
42,2,928.95,265.76,208.39,676.79,0.8821,-1,-1,-1
42,3,577.14,347.48,148.42,480.08,0.7106,-1,-1,-1
42,4,346.29,357.99,171.85,465.29,0.8716,-1,-1,-1
42,5,862.31,436.37,46.65,146.64,0.4655,-1,-1,-1
42,6,1132.65,346.79,151.30,429.10,0.8558,-1,-1,-1
42,8,806.58,458.87,54.58,127.49,0.3295,-1,-1,-1
43,2,931.07,272.90,202.52,665.63,0.8820,-1,-1,-1
43,3,572.33,352.55,144.95,482.60,0.8055,-1,-1,-1
43,4,333.18,363.23,176.56,470.18,0.8482,-1,-1,-1
43,5,859.60,442.16,46.49,139.20,0.3506,-1,-1,-1
43,6,1130.71,353.67,151.54,429.69,0.8571,-1,-1,-1
44,2,930.61,278.32,199.84,660.01,0.8857,-1,-1,-1
44,3,566.97,356.07,143.01,490.41,0.8118,-1,-1,-1
44,4,318.53,365.68,182.13,476.52,0.8580,-1,-1,-1
44,5,855.90,443.04,46.09,145.28,0.3886,-1,-1,-1
44,6,1127.97,360.82,151.98,425.84,0.8563,-1,-1,-1
45,2,929.01,284.35,198.22,660.05,0.8876,-1,-1,-1
45,3,561.12,361.31,140.59,500.03,0.8245,-1,-1,-1
45,4,304.19,371.08,187.91,486.86,0.8454,-1,-1,-1
45,5,848.71,449.41,48.62,146.47,0.4302,-1,-1,-1
45,6,1124.36,367.96,151.18,426.48,0.8407,-1,-1,-1
46,2,925.34,292.89,197.38,664.36,0.8866,-1,-1,-1
46,3,554.36,365.08,140.72,507.01,0.8211,-1,-1,-1
46,4,292.32,378.11,189.59,499.79,0.8412,-1,-1,-1
46,5,844.77,456.56,49.86,147.47,0.4777,-1,-1,-1
46,6,1120.88,376.25,150.42,431.51,0.8510,-1,-1,-1
47,2,921.29,302.18,195.13,668.18,0.8781,-1,-1,-1
47,3,546.10,370.33,143.85,513.48,0.8248,-1,-1,-1
47,4,273.07,383.61,199.20,516.63,0.8436,-1,-1,-1
47,5,841.39,468.59,49.73,138.66,0.3348,-1,-1,-1
47,6,1116.86,382.62,147.86,433.92,0.8358,-1,-1,-1
48,2,915.90,309.68,195.39,676.21,0.8774,-1,-1,-1
48,3,533.92,373.16,149.29,523.06,0.8577,-1,-1,-1
48,4,257.44,391.62,205.23,527.34,0.8569,-1,-1,-1
48,5,837.32,469.50,48.31,148.86,0.6836,-1,-1,-1
48,6,1112.84,389.79,141.39,435.28,0.8321,-1,-1,-1
49,2,909.39,318.84,194.75,682.20,0.8784,-1,-1,-1
49,3,524.63,377.38,153.29,531.19,0.8508,-1,-1,-1
49,4,240.81,399.21,211.50,534.47,0.8719,-1,-1,-1
49,5,831.78,473.56,49.76,150.78,0.4990,-1,-1,-1
49,6,1105.67,395.66,145.30,434.94,0.8529,-1,-1,-1
50,2,903.91,327.76,193.67,683.58,0.8773,-1,-1,-1
50,3,518.73,383.41,155.29,537.33,0.8387,-1,-1,-1
50,4,224.86,406.75,218.38,528.27,0.8354,-1,-1,-1
50,5,823.35,477.51,51.22,153.68,0.5773,-1,-1,-1
50,6,1099.75,400.43,143.73,438.39,0.8537,-1,-1,-1
51,2,898.97,334.92,191.19,685.22,0.8694,-1,-1,-1
51,3,510.46,386.11,157.29,544.36,0.8470,-1,-1,-1
51,4,208.79,412.67,223.27,522.82,0.8440,-1,-1,-1
51,5,816.71,480.35,54.81,155.80,0.5900,-1,-1,-1
51,6,1095.00,403.64,144.79,439.53,0.8682,-1,-1,-1
52,2,893.93,341.73,189.80,684.66,0.8758,-1,-1,-1
52,3,502.13,388.47,160.10,547.10,0.8374,-1,-1,-1
52,4,195.59,417.26,226.96,548.37,0.8292,-1,-1,-1
52,5,811.83,488.94,55.15,147.40,0.3281,-1,-1,-1
52,6,1091.46,405.16,145.92,441.96,0.8646,-1,-1,-1
53,2,889.03,347.83,189.91,682.48,0.8783,-1,-1,-1
53,3,494.75,394.67,162.66,550.34,0.8404,-1,-1,-1
53,4,185.21,420.71,224.78,562.77,0.8704,-1,-1,-1
53,5,809.95,492.19,54.04,147.07,0.6580,-1,-1,-1
53,6,1085.01,408.38,151.97,443.06,0.8650,-1,-1,-1
54,2,883.44,351.16,192.47,680.03,0.8833,-1,-1,-1
54,3,485.25,396.32,169.08,557.47,0.8509,-1,-1,-1
54,4,174.63,422.32,226.42,573.00,0.8822,-1,-1,-1
54,5,810.01,493.83,52.07,141.27,0.5959,-1,-1,-1
54,6,1078.96,409.75,157.84,445.37,0.8712,-1,-1,-1
55,2,875.23,350.61,196.20,679.93,0.8837,-1,-1,-1
55,3,476.80,396.86,176.74,565.06,0.8581,-1,-1,-1
55,4,165.70,420.85,226.15,582.65,0.8952,-1,-1,-1
55,5,807.58,493.23,52.87,142.75,0.4670,-1,-1,-1
55,6,1074.67,410.38,161.80,445.65,0.8757,-1,-1,-1
55,8,747.46,508.69,51.30,139.89,0.5130,-1,-1,-1
56,2,870.12,350.05,197.19,682.11,0.8791,-1,-1,-1
56,3,471.02,398.94,183.53,576.06,0.8728,-1,-1,-1
56,4,158.03,419.95,224.95,592.80,0.8826,-1,-1,-1
56,5,806.03,493.65,53.29,150.24,0.4622,-1,-1,-1
56,6,1074.89,412.07,162.75,441.83,0.8745,-1,-1,-1
56,8,746.22,512.35,48.37,138.81,0.2187,-1,-1,-1
57,2,863.27,349.30,199.69,685.83,0.8751,-1,-1,-1
57,3,464.16,401.83,190.47,589.41,0.8757,-1,-1,-1
57,4,146.87,419.78,226.78,600.69,0.8887,-1,-1,-1
57,5,805.45,497.28,53.21,153.48,0.3716,-1,-1,-1
57,6,1073.67,413.94,164.83,439.09,0.8674,-1,-1,-1
57,8,745.06,521.67,46.61,129.63,0.3010,-1,-1,-1
58,2,857.62,348.22,202.99,680.18,0.8682,-1,-1,-1
58,3,458.49,399.69,195.84,605.36,0.8813,-1,-1,-1
58,4,137.78,418.21,229.03,610.95,0.8760,-1,-1,-1
58,5,806.38,504.08,52.25,147.28,0.2948,-1,-1,-1
58,6,1070.74,412.52,167.58,443.54,0.8718,-1,-1,-1
58,8,746.03,519.56,43.47,128.98,0.2479,-1,-1,-1
59,2,846.83,345.27,207.48,671.96,0.8826,-1,-1,-1
59,3,453.51,395.03,195.75,620.86,0.8828,-1,-1,-1
59,4,126.97,416.87,233.60,617.90,0.8969,-1,-1,-1
59,5,803.01,503.26,52.22,146.21,0.3335,-1,-1,-1
59,6,1069.11,413.74,169.27,441.74,0.8702,-1,-1,-1
59,8,745.29,516.27,40.49,123.34,0.3157,-1,-1,-1
59,9,1024.06,427.57,63.28,332.36,0.4554,-1,-1,-1
60,2,838.11,345.27,209.93,667.13,0.8873,-1,-1,-1
60,3,450.96,396.25,193.40,626.09,0.8772,-1,-1,-1
60,4,115.02,415.80,238.13,623.86,0.9068,-1,-1,-1
60,5,799.41,500.06,53.17,142.29,0.3745,-1,-1,-1
60,6,1066.21,414.76,172.63,442.64,0.8683,-1,-1,-1
60,8,740.80,516.27,46.34,118.89,0.2687,-1,-1,-1
60,9,1024.11,434.12,60.64,321.18,0.2844,-1,-1,-1
61,2,825.97,345.79,218.61,667.57,0.8888,-1,-1,-1
61,3,445.63,398.11,194.52,636.45,0.8642,-1,-1,-1
61,4,105.13,415.39,241.79,632.42,0.9052,-1,-1,-1
61,5,797.89,498.82,53.37,140.41,0.4122,-1,-1,-1
61,6,1063.79,415.94,176.19,443.12,0.8657,-1,-1,-1
61,8,734.46,517.22,53.80,119.15,0.2882,-1,-1,-1
61,9,1023.00,437.23,60.86,314.23,0.2023,-1,-1,-1
62,2,820.03,345.05,224.79,667.92,0.8799,-1,-1,-1
62,3,444.55,397.06,194.64,644.19,0.8512,-1,-1,-1
62,4,98.48,411.99,244.07,652.02,0.9003,-1,-1,-1
62,5,797.17,495.76,52.89,141.89,0.3428,-1,-1,-1
62,6,1064.64,414.90,179.01,442.89,0.8628,-1,-1,-1
62,8,734.19,517.97,54.08,117.87,0.2740,-1,-1,-1
62,9,1023.04,433.68,61.64,314.91,0.3882,-1,-1,-1
63,2,818.12,341.76,225.64,672.64,0.8811,-1,-1,-1
63,3,442.31,392.96,198.00,651.92,0.8613,-1,-1,-1
63,4,95.91,406.47,239.84,668.38,0.8923,-1,-1,-1
63,6,1066.36,413.39,182.90,443.08,0.8706,-1,-1,-1
63,8,736.45,524.49,50.48,113.40,0.1647,-1,-1,-1
63,9,1020.49,430.52,65.84,319.70,0.7150,-1,-1,-1
64,2,818.85,340.34,223.28,676.21,0.8783,-1,-1,-1
64,3,446.32,387.31,198.50,660.59,0.8709,-1,-1,-1
64,4,91.92,402.51,237.87,676.31,0.8872,-1,-1,-1
64,6,1068.43,413.51,185.51,443.28,0.8701,-1,-1,-1
64,8,739.06,513.31,52.47,133.99,0.3746,-1,-1,-1
64,9,1021.09,432.93,67.64,316.48,0.7916,-1,-1,-1
64,5,802.04,493.02,47.98,148.01,0.3708,-1,-1,-1
65,2,816.63,338.41,226.49,679.77,0.8888,-1,-1,-1
65,3,446.28,380.54,202.43,668.78,0.8722,-1,-1,-1
65,4,83.48,401.51,239.70,678.93,0.8833,-1,-1,-1
65,6,1071.86,411.36,186.72,444.66,0.8627,-1,-1,-1
65,8,740.75,509.07,57.17,140.25,0.5813,-1,-1,-1
65,9,1022.26,434.03,70.07,313.62,0.7870,-1,-1,-1
65,5,803.59,489.62,46.38,154.80,0.4025,-1,-1,-1
66,2,818.09,336.57,226.32,682.37,0.8875,-1,-1,-1
66,3,444.75,373.41,208.99,677.02,0.8764,-1,-1,-1
66,4,75.06,400.18,243.71,678.88,0.8884,-1,-1,-1
66,6,1079.62,406.14,188.19,450.56,0.8391,-1,-1,-1
66,8,743.41,504.01,58.48,145.26,0.4663,-1,-1,-1
66,9,1023.61,433.43,73.28,312.40,0.7799,-1,-1,-1
66,5,808.24,487.26,41.26,152.33,0.3334,-1,-1,-1
67,2,818.81,336.05,226.89,683.46,0.8930,-1,-1,-1
67,3,443.92,366.67,213.75,683.93,0.8733,-1,-1,-1
67,4,65.23,395.97,246.01,682.98,0.8880,-1,-1,-1
67,6,1084.51,402.28,190.50,455.85,0.8461,-1,-1,-1
67,8,745.51,497.19,59.77,149.57,0.6053,-1,-1,-1
67,9,1024.15,430.90,76.40,309.87,0.7466,-1,-1,-1
67,5,811.10,491.26,37.57,152.58,0.2486,-1,-1,-1
68,2,820.73,334.72,227.19,684.95,0.8934,-1,-1,-1
68,3,441.96,356.90,219.81,692.40,0.8708,-1,-1,-1
68,4,51.30,392.79,251.61,681.47,0.8889,-1,-1,-1
68,6,1090.38,399.06,184.38,455.47,0.8457,-1,-1,-1
68,8,747.34,495.82,60.26,147.61,0.5303,-1,-1,-1
68,9,1026.40,424.36,78.67,313.52,0.7263,-1,-1,-1
68,5,812.87,490.38,40.34,156.62,0.1539,-1,-1,-1
69,2,827.23,330.97,224.43,685.86,0.8878,-1,-1,-1
69,3,441.90,348.20,224.46,700.75,0.8775,-1,-1,-1
69,4,37.74,384.54,260.13,685.95,0.8998,-1,-1,-1
69,6,1094.66,395.24,182.72,456.58,0.8725,-1,-1,-1
69,8,750.51,490.95,60.02,149.72,0.6037,-1,-1,-1
69,9,1030.25,419.85,78.72,314.97,0.7210,-1,-1,-1
69,5,815.38,485.00,42.92,157.83,0.2817,-1,-1,-1
70,2,828.74,328.07,225.54,684.09,0.8967,-1,-1,-1
70,3,437.98,341.27,230.99,708.71,0.8913,-1,-1,-1
70,4,19.99,376.46,270.23,695.29,0.9135,-1,-1,-1
70,6,1097.44,391.23,182.69,457.21,0.8721,-1,-1,-1
70,8,752.60,486.85,59.61,151.63,0.5373,-1,-1,-1
70,9,1032.36,416.05,79.30,315.44,0.7089,-1,-1,-1
70,5,817.49,473.27,45.46,162.34,0.3138,-1,-1,-1
70,13,1547.51,449.97,54.32,63.99,0.3553,-1,-1,-1
71,2,831.30,325.35,224.74,682.44,0.8904,-1,-1,-1
71,3,433.08,334.13,235.89,720.33,0.8901,-1,-1,-1
71,4,5.01,368.91,269.78,703.26,0.9096,-1,-1,-1
71,6,1100.03,386.80,180.83,455.25,0.8641,-1,-1,-1
71,8,752.98,484.05,60.19,152.05,0.5792,-1,-1,-1
71,9,1032.89,412.40,80.33,315.94,0.7220,-1,-1,-1
71,13,1544.35,447.28,59.06,62.67,0.4407,-1,-1,-1
72,2,831.80,320.44,225.92,682.57,0.8906,-1,-1,-1
72,3,427.93,325.25,239.80,741.68,0.8916,-1,-1,-1
72,4,-2.39,361.45,262.64,711.47,0.9195,-1,-1,-1
72,6,1102.59,384.34,179.43,452.57,0.8592,-1,-1,-1
72,8,753.92,483.28,60.39,151.44,0.5618,-1,-1,-1
72,9,1034.09,410.50,79.70,315.23,0.7231,-1,-1,-1
72,13,1550.77,445.34,53.66,61.99,0.4068,-1,-1,-1
73,2,832.89,314.55,224.92,680.09,0.8854,-1,-1,-1
73,3,421.76,315.60,243.34,758.71,0.8933,-1,-1,-1
73,4,-4.83,349.81,249.37,723.02,0.9111,-1,-1,-1
73,6,1104.15,381.32,177.65,447.22,0.8555,-1,-1,-1
73,8,753.20,477.53,57.77,153.12,0.4687,-1,-1,-1
73,9,1035.01,409.65,78.59,313.28,0.6760,-1,-1,-1
73,13,1546.55,442.45,58.58,61.42,0.4264,-1,-1,-1
74,2,832.46,309.37,224.88,669.40,0.8805,-1,-1,-1
74,3,413.90,310.00,246.91,765.68,0.8908,-1,-1,-1
74,4,-5.22,342.91,232.26,732.50,0.9065,-1,-1,-1
74,6,1105.45,378.05,174.25,443.43,0.8567,-1,-1,-1
74,8,750.64,474.76,59.17,153.27,0.5560,-1,-1,-1
74,9,1034.72,409.29,79.33,311.52,0.6852,-1,-1,-1
74,13,1546.58,440.70,61.76,61.49,0.4309,-1,-1,-1
75,2,834.87,305.20,221.18,663.88,0.8721,-1,-1,-1
75,3,404.19,303.20,250.17,773.08,0.8954,-1,-1,-1
75,4,-4.46,332.34,214.80,744.43,0.8957,-1,-1,-1
75,6,1105.42,375.53,173.46,441.19,0.8616,-1,-1,-1
75,8,748.96,471.83,58.53,153.85,0.5620,-1,-1,-1
75,9,1034.68,419.50,77.04,298.87,0.6643,-1,-1,-1
75,13,1546.18,438.63,64.30,61.68,0.4429,-1,-1,-1
75,5,817.10,456.44,44.98,160.28,0.3708,-1,-1,-1
76,2,839.43,301.15,217.13,661.86,0.8691,-1,-1,-1
76,3,393.63,296.71,254.43,777.70,0.8893,-1,-1,-1
76,4,-3.90,323.85,197.83,751.22,0.8883,-1,-1,-1
76,6,1108.25,373.44,168.86,440.23,0.8559,-1,-1,-1
76,8,747.13,471.39,61.61,149.79,0.5177,-1,-1,-1
76,9,1035.20,431.67,76.52,283.19,0.7230,-1,-1,-1
76,13,1544.27,437.82,68.48,61.82,0.4528,-1,-1,-1
76,5,816.84,452.82,44.53,162.67,0.3979,-1,-1,-1
77,2,844.45,298.63,210.26,663.31,0.8786,-1,-1,-1
77,3,383.64,293.42,257.71,777.62,0.8912,-1,-1,-1
77,4,-3.02,317.65,181.00,758.81,0.8802,-1,-1,-1
77,6,1109.21,372.09,167.24,441.87,0.8657,-1,-1,-1
77,8,745.60,470.87,64.55,149.33,0.5047,-1,-1,-1
77,9,1034.18,435.71,77.21,278.62,0.6327,-1,-1,-1
77,13,1541.68,437.70,71.64,61.14,0.4092,-1,-1,-1
77,5,816.84,450.88,44.56,160.94,0.4093,-1,-1,-1
78,2,848.89,296.16,201.50,665.78,0.8637,-1,-1,-1
78,3,369.30,289.54,263.84,783.03,0.8972,-1,-1,-1
78,4,-3.06,311.94,162.38,762.70,0.8673,-1,-1,-1
78,6,1108.45,370.90,166.45,443.23,0.8638,-1,-1,-1
78,8,742.91,466.22,65.77,155.05,0.5503,-1,-1,-1
78,9,1030.12,423.99,78.20,292.09,0.7076,-1,-1,-1
78,13,1542.35,437.27,70.08,61.46,0.4209,-1,-1,-1
78,5,814.38,450.85,45.47,161.86,0.6320,-1,-1,-1
79,2,850.93,292.36,198.04,670.83,0.8592,-1,-1,-1
79,3,353.19,284.28,267.06,788.73,0.9002,-1,-1,-1
79,4,-3.04,308.44,145.96,765.85,0.8293,-1,-1,-1
79,6,1107.79,368.14,165.46,444.87,0.8599,-1,-1,-1
79,8,741.22,468.38,56.16,152.67,0.4959,-1,-1,-1
79,9,1025.07,408.58,79.74,306.69,0.7193,-1,-1,-1
79,13,1540.09,435.85,68.85,61.68,0.3015,-1,-1,-1
79,5,810.95,449.11,46.58,165.01,0.6448,-1,-1,-1
80,2,850.32,289.36,193.22,675.19,0.8566,-1,-1,-1
80,3,334.61,276.18,274.16,795.98,0.8965,-1,-1,-1
80,4,-2.79,385.92,123.19,504.17,0.5078,-1,-1,-1
80,6,1105.35,364.60,162.75,447.48,0.8433,-1,-1,-1
80,8,737.49,468.76,52.72,153.70,0.5406,-1,-1,-1
80,9,1021.83,400.96,76.42,314.23,0.7096,-1,-1,-1
80,13,1532.85,437.22,53.95,58.94,0.2613,-1,-1,-1
80,5,802.55,445.99,54.06,170.03,0.6153,-1,-1,-1
81,2,848.90,291.07,189.88,675.85,0.8514,-1,-1,-1
81,3,317.00,267.19,278.65,803.79,0.9018,-1,-1,-1
81,4,-2.16,426.68,96.29,445.91,0.6416,-1,-1,-1
81,6,1103.10,363.63,158.03,446.56,0.8565,-1,-1,-1
81,8,731.90,463.98,52.54,154.67,0.5614,-1,-1,-1
81,9,1016.88,403.33,74.67,310.65,0.6942,-1,-1,-1
81,13,1532.59,432.84,65.18,61.96,0.3118,-1,-1,-1
81,5,796.71,444.07,55.72,169.17,0.6194,-1,-1,-1
82,2,846.44,291.66,186.41,675.39,0.8528,-1,-1,-1
82,3,295.43,254.18,292.50,817.64,0.8974,-1,-1,-1
82,4,-1.28,441.25,72.90,371.54,0.7815,-1,-1,-1
82,6,1099.12,359.35,155.30,447.74,0.8628,-1,-1,-1
82,8,725.65,456.83,53.50,158.40,0.6338,-1,-1,-1
82,9,1013.86,393.52,74.54,314.77,0.6471,-1,-1,-1
82,13,1527.23,429.95,71.25,61.32,0.2926,-1,-1,-1
82,5,792.64,440.39,56.36,169.36,0.6748,-1,-1,-1
83,2,844.51,290.88,180.30,674.32,0.8514,-1,-1,-1
83,3,272.37,241.36,301.53,829.61,0.8896,-1,-1,-1
83,4,-0.68,462.32,43.21,339.74,0.2209,-1,-1,-1
83,6,1095.46,357.24,152.45,451.19,0.8517,-1,-1,-1
83,8,720.23,452.02,58.19,157.08,0.3872,-1,-1,-1
83,9,1003.86,384.06,80.10,321.94,0.5453,-1,-1,-1
83,5,789.95,436.35,54.32,166.47,0.5784,-1,-1,-1
84,2,836.95,291.19,177.70,675.09,0.8477,-1,-1,-1
84,3,244.41,229.85,305.46,843.10,0.9033,-1,-1,-1
84,6,1087.54,354.57,153.58,455.73,0.8585,-1,-1,-1
84,8,712.32,449.76,56.35,155.85,0.5917,-1,-1,-1
84,9,995.43,377.60,80.81,322.06,0.7453,-1,-1,-1
84,5,783.31,434.55,52.87,166.38,0.5587,-1,-1,-1
85,2,826.43,289.80,176.71,672.51,0.8274,-1,-1,-1
85,3,212.36,217.32,325.03,856.45,0.9170,-1,-1,-1
85,6,1079.82,353.39,149.87,454.27,0.8485,-1,-1,-1
85,8,705.80,449.91,53.98,152.61,0.4584,-1,-1,-1
85,9,985.02,373.58,81.77,319.38,0.7617,-1,-1,-1
85,5,772.93,427.46,54.60,170.17,0.5999,-1,-1,-1
86,2,812.61,284.68,180.55,672.01,0.8417,-1,-1,-1
86,3,186.88,204.08,326.52,870.48,0.9056,-1,-1,-1
86,6,1071.75,349.09,150.32,454.48,0.8315,-1,-1,-1
86,8,695.75,444.79,56.88,154.72,0.5361,-1,-1,-1
86,9,972.39,369.01,87.81,320.15,0.8070,-1,-1,-1
86,5,767.97,420.80,49.50,175.13,0.5159,-1,-1,-1
86,17,483.16,413.15,77.09,283.87,0.7155,-1,-1,-1
87,2,798.93,279.13,186.85,675.10,0.8524,-1,-1,-1
87,3,156.80,189.92,332.91,885.38,0.9104,-1,-1,-1
87,6,1062.98,346.45,152.12,452.97,0.8508,-1,-1,-1
87,8,688.25,445.89,58.98,151.94,0.4651,-1,-1,-1
87,9,962.58,365.87,90.73,320.36,0.7799,-1,-1,-1
87,5,760.12,414.28,48.66,179.82,0.6886,-1,-1,-1
87,17,472.71,410.60,76.67,285.38,0.7299,-1,-1,-1
88,2,783.17,274.86,196.34,671.38,0.8571,-1,-1,-1
88,3,130.77,180.10,339.19,896.19,0.9154,-1,-1,-1
88,6,1053.18,340.64,152.04,453.98,0.8484,-1,-1,-1
88,8,680.01,440.65,57.54,154.29,0.6149,-1,-1,-1
88,9,950.14,359.14,95.06,323.80,0.7448,-1,-1,-1
88,5,748.77,409.88,50.03,177.73,0.4648,-1,-1,-1
88,17,449.49,407.98,90.77,286.67,0.7607,-1,-1,-1
88,13,1519.15,416.17,40.70,57.41,0.3520,-1,-1,-1
89,2,768.57,268.88,201.51,669.06,0.8476,-1,-1,-1
89,3,103.67,168.56,350.74,906.55,0.9201,-1,-1,-1
89,6,1043.68,334.46,157.84,454.13,0.8534,-1,-1,-1
89,8,672.37,436.43,58.82,156.48,0.5576,-1,-1,-1
89,9,941.11,357.44,98.38,319.34,0.8162,-1,-1,-1
89,5,743.08,407.48,44.03,180.42,0.3301,-1,-1,-1
89,17,431.32,398.58,102.46,298.00,0.7738,-1,-1,-1
89,13,1512.87,406.56,42.08,63.25,0.2760,-1,-1,-1
90,2,752.23,261.57,213.17,659.81,0.8689,-1,-1,-1
90,3,74.82,154.03,369.26,920.63,0.9241,-1,-1,-1
90,6,1037.27,328.56,158.97,458.38,0.8484,-1,-1,-1
90,8,666.40,432.87,61.58,156.16,0.4320,-1,-1,-1
90,9,936.23,354.01,97.59,316.39,0.7822,-1,-1,-1
90,5,736.64,411.46,38.94,156.87,0.1714,-1,-1,-1
90,17,420.03,390.17,106.37,303.07,0.7800,-1,-1,-1
90,13,1491.04,401.06,60.10,63.40,0.2909,-1,-1,-1
91,2,738.05,257.09,221.46,650.77,0.8808,-1,-1,-1
91,3,50.82,142.27,382.19,930.57,0.9224,-1,-1,-1
91,6,1030.84,324.21,162.83,456.70,0.8682,-1,-1,-1
91,8,659.55,426.58,56.76,156.67,0.4532,-1,-1,-1
91,9,929.63,349.66,100.24,317.71,0.7996,-1,-1,-1
91,17,411.50,386.11,106.69,305.71,0.7617,-1,-1,-1
91,13,1497.57,396.52,49.02,62.97,0.3417,-1,-1,-1
92,2,725.41,251.70,226.88,650.49,0.8786,-1,-1,-1
92,3,23.66,128.25,400.75,944.55,0.9221,-1,-1,-1
92,6,1025.06,318.42,166.40,454.78,0.8636,-1,-1,-1
92,8,654.22,423.28,59.03,157.94,0.5491,-1,-1,-1
92,9,923.71,348.27,98.68,316.95,0.7895,-1,-1,-1
92,17,402.71,384.11,108.73,307.89,0.8224,-1,-1,-1
92,13,1502.29,394.85,40.65,61.12,0.4944,-1,-1,-1
93,2,715.62,245.82,233.83,653.58,0.8890,-1,-1,-1
93,3,1.07,116.93,412.28,956.09,0.9244,-1,-1,-1
93,6,1018.49,314.04,170.55,454.50,0.8704,-1,-1,-1
93,8,652.04,420.67,56.37,157.62,0.3377,-1,-1,-1
93,9,920.88,346.78,98.66,316.88,0.7764,-1,-1,-1
93,17,395.46,379.42,109.76,312.09,0.8070,-1,-1,-1
93,13,1497.79,390.45,42.43,62.12,0.4658,-1,-1,-1
93,20,1845.06,838.91,73.85,194.69,0.3976,-1,-1,-1
94,2,708.33,241.95,232.31,657.49,0.8729,-1,-1,-1
94,3,-6.87,107.04,410.33,968.64,0.9323,-1,-1,-1
94,6,1013.67,312.43,174.28,454.02,0.8726,-1,-1,-1
94,8,649.37,417.66,58.30,161.03,0.2703,-1,-1,-1
94,9,918.07,345.95,99.94,318.51,0.8028,-1,-1,-1
94,17,388.46,378.04,112.00,310.76,0.8027,-1,-1,-1
94,13,1496.04,389.96,41.70,59.82,0.4162,-1,-1,-1
94,20,1848.08,836.68,70.77,190.12,0.1794,-1,-1,-1
94,21,1725.36,853.64,94.52,220.79,0.3619,-1,-1,-1
95,2,701.71,240.35,232.52,663.43,0.8860,-1,-1,-1
95,3,-8.90,97.61,408.07,979.24,0.9307,-1,-1,-1
95,6,1008.30,311.62,178.17,453.66,0.8644,-1,-1,-1
95,8,645.82,418.22,65.37,166.35,0.1883,-1,-1,-1
95,9,916.06,344.59,99.57,319.88,0.7809,-1,-1,-1
95,17,382.78,375.65,113.35,314.53,0.8176,-1,-1,-1
95,13,1494.22,390.64,40.85,58.42,0.3200,-1,-1,-1
95,20,1849.90,837.95,68.99,180.76,0.1791,-1,-1,-1
95,21,1724.28,855.23,95.13,219.75,0.3680,-1,-1,-1
96,2,694.04,242.06,233.05,664.42,0.9045,-1,-1,-1
96,3,-8.61,87.01,392.55,990.12,0.9349,-1,-1,-1
96,6,1004.11,311.20,182.55,455.48,0.8597,-1,-1,-1
96,8,637.26,424.75,66.97,159.05,0.3029,-1,-1,-1
96,9,912.40,345.13,101.93,319.98,0.7543,-1,-1,-1
96,17,378.22,374.80,113.03,320.40,0.8098,-1,-1,-1
96,13,1491.43,391.79,40.91,57.46,0.3028,-1,-1,-1
96,20,1848.91,838.71,70.38,181.90,0.2750,-1,-1,-1
96,21,1723.52,856.11,97.36,220.58,0.4046,-1,-1,-1
97,2,693.41,241.23,230.27,669.88,0.8996,-1,-1,-1
97,3,-7.00,76.22,378.63,1000.18,0.9338,-1,-1,-1
97,6,1002.14,310.67,186.35,456.12,0.8618,-1,-1,-1
97,8,633.93,420.21,63.69,161.48,0.5595,-1,-1,-1
97,9,906.23,343.14,106.79,319.50,0.7329,-1,-1,-1
97,17,376.04,371.11,113.77,325.98,0.8188,-1,-1,-1
97,13,1492.13,391.34,38.88,56.93,0.2894,-1,-1,-1
97,20,1849.90,835.72,69.96,183.59,0.3593,-1,-1,-1
97,21,1726.57,855.72,97.38,221.19,0.4495,-1,-1,-1
98,2,692.96,242.95,228.12,674.56,0.8995,-1,-1,-1
98,3,-5.59,59.98,366.13,1014.04,0.9344,-1,-1,-1
98,6,1001.49,310.81,190.80,458.48,0.8592,-1,-1,-1
98,8,632.69,417.29,61.01,165.53,0.6315,-1,-1,-1
98,9,906.86,343.47,105.85,320.63,0.7305,-1,-1,-1
98,17,375.35,368.98,113.94,330.31,0.8257,-1,-1,-1
98,13,1493.59,390.19,39.55,58.13,0.2978,-1,-1,-1
98,20,1848.92,839.27,71.47,204.06,0.2372,-1,-1,-1
98,21,1731.25,857.80,97.69,220.73,0.4016,-1,-1,-1
99,2,692.69,246.48,227.43,676.85,0.8985,-1,-1,-1
99,3,-3.95,48.01,353.91,1025.55,0.9272,-1,-1,-1
99,6,1002.32,311.31,195.86,460.33,0.8699,-1,-1,-1
99,8,633.28,416.75,56.53,165.57,0.6343,-1,-1,-1
99,9,908.19,343.65,105.23,320.92,0.7370,-1,-1,-1
99,17,374.59,366.98,114.59,334.06,0.8214,-1,-1,-1
99,13,1497.00,385.86,39.65,63.97,0.3077,-1,-1,-1
99,21,1732.36,858.42,106.48,218.74,0.2487,-1,-1,-1
100,2,693.96,249.46,224.55,675.81,0.8987,-1,-1,-1
100,3,-2.72,36.47,340.09,1035.46,0.9225,-1,-1,-1
100,6,1004.69,312.35,198.80,460.56,0.8762,-1,-1,-1
100,8,631.98,415.44,58.45,166.25,0.6494,-1,-1,-1
100,9,910.38,347.54,105.86,318.14,0.7435,-1,-1,-1
100,17,372.98,367.68,115.80,334.36,0.8323,-1,-1,-1
100,13,1497.30,382.16,42.20,66.34,0.4185,-1,-1,-1
101,2,699.28,250.04,218.80,675.79,0.8890,-1,-1,-1
101,3,-1.84,19.42,323.11,1054.83,0.9144,-1,-1,-1
101,6,1007.04,311.66,201.31,462.76,0.8567,-1,-1,-1
101,8,633.61,413.85,58.96,165.59,0.7016,-1,-1,-1
101,9,913.24,347.66,105.57,317.51,0.7682,-1,-1,-1
101,17,373.96,365.55,115.92,337.62,0.8240,-1,-1,-1
101,13,1503.03,381.05,41.46,66.25,0.2851,-1,-1,-1
102,2,703.10,250.84,219.86,670.98,0.8947,-1,-1,-1
102,3,-0.67,11.85,303.10,1061.50,0.9190,-1,-1,-1
102,6,1013.91,312.08,200.03,464.57,0.8306,-1,-1,-1
102,8,637.44,413.66,59.52,165.77,0.5226,-1,-1,-1
102,9,919.49,347.02,103.91,318.86,0.7923,-1,-1,-1
102,17,375.37,364.44,117.17,341.28,0.8320,-1,-1,-1
103,2,714.16,250.70,221.25,667.59,0.8881,-1,-1,-1
103,3,1.17,6.73,284.52,1065.56,0.9092,-1,-1,-1
103,6,1022.86,314.11,202.19,465.61,0.8433,-1,-1,-1
103,8,643.94,409.85,60.67,166.39,0.5547,-1,-1,-1
103,9,930.31,342.37,101.94,321.66,0.7446,-1,-1,-1
103,17,384.22,365.29,115.55,338.93,0.8038,-1,-1,-1
104,2,726.39,247.45,222.06,668.40,0.8918,-1,-1,-1
104,3,3.19,7.42,264.79,1056.47,0.8318,-1,-1,-1
104,6,1040.70,309.44,203.25,469.02,0.8581,-1,-1,-1
104,8,658.26,407.16,57.93,168.49,0.6638,-1,-1,-1
104,9,942.69,338.88,105.57,322.48,0.7347,-1,-1,-1
104,17,395.87,368.05,114.37,336.32,0.8112,-1,-1,-1
104,21,1786.87,859.18,108.18,220.39,0.3995,-1,-1,-1
104,13,1534.47,376.69,43.17,66.33,0.5240,-1,-1,-1
105,2,738.47,245.69,220.92,665.27,0.8861,-1,-1,-1
105,3,2.58,165.24,241.46,902.11,0.7803,-1,-1,-1
105,6,1052.87,308.70,202.02,469.86,0.8546,-1,-1,-1
105,8,665.30,407.96,59.47,167.14,0.3746,-1,-1,-1
105,9,953.41,334.73,104.62,327.06,0.7373,-1,-1,-1
105,17,404.30,365.99,112.81,338.17,0.8088,-1,-1,-1
105,21,1804.44,860.99,107.81,219.12,0.4961,-1,-1,-1
105,13,1546.66,374.60,45.87,67.45,0.4182,-1,-1,-1
106,2,747.77,242.54,215.84,654.39,0.8781,-1,-1,-1
106,3,1.04,225.19,160.77,729.77,0.6225,-1,-1,-1
106,6,1064.76,304.19,204.77,475.72,0.8423,-1,-1,-1
106,8,669.77,405.22,61.68,167.71,0.6818,-1,-1,-1
106,9,959.93,332.07,104.45,329.02,0.7896,-1,-1,-1
106,17,410.92,364.43,112.25,337.24,0.8014,-1,-1,-1
106,21,1817.92,858.05,103.29,221.75,0.6354,-1,-1,-1
106,13,1557.22,372.48,45.03,67.55,0.4633,-1,-1,-1
107,2,756.23,237.64,212.94,647.10,0.8783,-1,-1,-1
107,3,0.27,245.17,109.17,769.86,0.7252,-1,-1,-1
107,6,1073.04,302.96,199.32,475.34,0.8424,-1,-1,-1
107,8,671.82,403.93,65.46,169.11,0.6752,-1,-1,-1
107,9,964.87,330.42,106.43,327.78,0.7449,-1,-1,-1
107,17,414.96,361.95,112.84,338.95,0.7888,-1,-1,-1
107,21,1831.34,856.09,92.50,222.25,0.4793,-1,-1,-1
107,13,1567.66,371.49,44.65,67.04,0.3616,-1,-1,-1
108,2,762.03,234.22,210.09,645.20,0.8827,-1,-1,-1
108,6,1080.96,301.69,182.61,473.24,0.8383,-1,-1,-1
108,8,674.03,403.26,67.29,170.09,0.7286,-1,-1,-1
108,9,969.02,328.56,106.61,329.13,0.7284,-1,-1,-1
108,17,417.32,360.50,113.16,344.19,0.7964,-1,-1,-1
108,21,1843.78,863.23,79.88,216.35,0.2573,-1,-1,-1
108,13,1575.60,370.29,43.76,65.91,0.4643,-1,-1,-1
109,2,770.26,232.48,203.99,644.79,0.8753,-1,-1,-1
109,6,1085.75,298.64,174.09,470.47,0.8704,-1,-1,-1
109,8,677.78,401.27,65.44,170.81,0.6815,-1,-1,-1
109,9,972.62,327.17,99.62,327.01,0.5495,-1,-1,-1
109,17,416.16,358.46,115.40,349.04,0.8083,-1,-1,-1
109,21,1856.52,872.57,65.91,207.02,0.2913,-1,-1,-1
109,13,1583.34,372.23,43.12,63.39,0.6013,-1,-1,-1
110,2,772.81,230.68,202.91,646.38,0.8753,-1,-1,-1
110,6,1089.62,295.37,171.65,466.92,0.8719,-1,-1,-1
110,8,679.53,398.30,66.80,171.18,0.6267,-1,-1,-1
110,9,976.23,324.47,102.26,327.39,0.6671,-1,-1,-1
110,17,413.06,354.60,117.67,355.62,0.7983,-1,-1,-1
110,21,1867.66,882.50,53.53,196.72,0.1899,-1,-1,-1
110,13,1588.12,368.36,41.21,64.84,0.4035,-1,-1,-1
111,2,776.65,229.56,199.33,649.18,0.8720,-1,-1,-1
111,6,1093.50,292.25,169.29,463.39,0.8666,-1,-1,-1
111,8,682.31,395.22,66.21,173.28,0.6591,-1,-1,-1
111,9,976.39,323.81,104.55,325.61,0.6154,-1,-1,-1
111,17,411.01,352.70,119.81,355.98,0.8059,-1,-1,-1
111,21,1871.46,881.66,48.89,197.78,0.1594,-1,-1,-1
111,13,1598.08,370.21,39.30,63.18,0.4410,-1,-1,-1
112,2,778.02,228.98,197.53,649.46,0.8674,-1,-1,-1
112,6,1097.96,289.23,168.77,460.95,0.8547,-1,-1,-1
112,8,684.56,394.69,67.19,174.25,0.6444,-1,-1,-1
112,9,975.59,323.42,108.41,326.18,0.6348,-1,-1,-1
112,17,409.32,350.17,121.48,357.90,0.7478,-1,-1,-1
112,21,1878.95,880.43,40.98,198.13,0.3185,-1,-1,-1
112,13,1602.98,366.52,36.98,65.13,0.2808,-1,-1,-1
113,2,780.10,228.51,195.17,650.27,0.8647,-1,-1,-1
113,6,1103.64,286.51,166.30,462.78,0.8511,-1,-1,-1
113,8,686.45,391.42,68.07,178.89,0.7008,-1,-1,-1
113,9,979.24,323.03,108.68,325.82,0.6031,-1,-1,-1
113,17,410.19,348.03,119.66,362.50,0.7394,-1,-1,-1
113,21,1888.74,882.39,31.04,189.03,0.2279,-1,-1,-1
113,13,1609.34,371.39,37.20,57.35,0.2247,-1,-1,-1
114,2,785.23,230.10,191.41,651.26,0.8544,-1,-1,-1
114,6,1109.48,285.06,163.35,465.89,0.8579,-1,-1,-1
114,8,689.82,392.63,67.42,176.79,0.6298,-1,-1,-1
114,9,985.46,321.41,104.76,321.91,0.5939,-1,-1,-1
114,17,411.59,345.46,118.13,365.83,0.7353,-1,-1,-1
114,21,1898.82,878.80,20.73,151.75,0.1574,-1,-1,-1
114,13,1613.72,374.07,38.20,53.43,0.3495,-1,-1,-1
115,2,790.73,231.97,190.96,651.52,0.8444,-1,-1,-1
115,6,1112.85,285.69,163.04,466.12,0.8681,-1,-1,-1
115,8,693.94,391.28,66.48,178.91,0.5961,-1,-1,-1
115,9,994.24,320.96,101.29,322.63,0.7351,-1,-1,-1
115,17,410.84,344.34,120.06,368.40,0.7379,-1,-1,-1
115,13,1622.02,367.73,36.44,59.25,0.3315,-1,-1,-1
116,2,793.15,233.09,191.32,652.03,0.8508,-1,-1,-1
116,6,1115.16,285.94,163.79,464.83,0.8630,-1,-1,-1
116,8,694.32,392.50,68.34,179.45,0.5579,-1,-1,-1
116,9,994.52,322.33,106.53,320.51,0.7071,-1,-1,-1
116,17,406.04,342.96,125.13,370.42,0.7733,-1,-1,-1
116,13,1626.20,365.03,37.93,62.12,0.3823,-1,-1,-1
117,2,792.56,233.24,189.78,652.38,0.8521,-1,-1,-1
117,6,1117.35,284.67,164.12,466.75,0.8591,-1,-1,-1
117,8,691.28,389.78,73.01,179.76,0.6248,-1,-1,-1
117,9,994.48,321.04,107.44,321.09,0.6704,-1,-1,-1
117,17,402.26,342.58,128.31,370.20,0.7216,-1,-1,-1
117,13,1628.36,361.69,40.13,65.09,0.2748,-1,-1,-1
118,2,786.98,235.30,189.40,649.91,0.8565,-1,-1,-1
118,6,1118.75,285.59,165.07,469.59,0.8565,-1,-1,-1
118,8,688.96,391.56,74.81,179.65,0.6157,-1,-1,-1
118,9,986.31,322.38,115.80,321.53,0.7299,-1,-1,-1
118,17,396.59,339.91,131.21,374.76,0.7026,-1,-1,-1
118,13,1631.10,364.16,42.54,63.24,0.2304,-1,-1,-1
119,2,783.50,235.55,188.70,649.55,0.8666,-1,-1,-1
119,6,1122.08,287.33,162.66,472.29,0.8511,-1,-1,-1
119,8,689.90,392.88,73.75,179.49,0.5527,-1,-1,-1
119,9,980.82,324.22,121.72,321.99,0.7559,-1,-1,-1
119,17,391.45,338.68,132.66,377.01,0.8250,-1,-1,-1
119,13,1636.46,371.32,41.49,57.46,0.2957,-1,-1,-1
120,2,777.46,233.38,191.92,649.21,0.8781,-1,-1,-1
120,6,1122.50,287.88,161.79,474.02,0.8532,-1,-1,-1
120,8,686.83,392.28,76.12,179.04,0.5295,-1,-1,-1
120,9,974.99,324.61,125.67,323.02,0.7078,-1,-1,-1
120,17,386.63,334.63,133.09,382.89,0.8358,-1,-1,-1
120,13,1640.18,373.84,40.70,55.20,0.1918,-1,-1,-1
121,2,770.73,229.52,194.87,645.68,0.8741,-1,-1,-1
121,6,1120.47,289.57,162.41,475.43,0.8471,-1,-1,-1
121,8,683.49,393.39,79.60,182.04,0.4326,-1,-1,-1
121,9,969.73,325.62,129.21,322.48,0.6074,-1,-1,-1
121,17,380.33,333.19,134.24,386.22,0.8385,-1,-1,-1
122,2,762.66,227.93,195.56,637.83,0.8656,-1,-1,-1
122,6,1117.89,290.70,162.48,477.09,0.8405,-1,-1,-1
122,8,671.58,391.12,91.20,180.03,0.2143,-1,-1,-1
122,9,967.46,325.37,130.97,322.63,0.6375,-1,-1,-1
122,17,370.65,332.38,137.98,393.17,0.8261,-1,-1,-1
122,13,1639.04,373.20,43.84,58.61,0.3635,-1,-1,-1
123,2,751.47,226.91,200.53,635.85,0.8671,-1,-1,-1
123,6,1115.29,291.12,161.52,478.14,0.8581,-1,-1,-1
123,8,683.14,390.76,74.95,183.58,0.1899,-1,-1,-1
123,9,958.92,326.39,136.52,323.73,0.6226,-1,-1,-1
123,17,363.36,332.05,137.96,400.81,0.8541,-1,-1,-1
123,13,1635.54,372.87,46.91,59.90,0.4416,-1,-1,-1
124,2,741.23,227.06,204.43,636.52,0.8719,-1,-1,-1
124,6,1111.51,290.22,159.39,482.89,0.8493,-1,-1,-1
124,8,677.21,389.42,76.30,188.89,0.2161,-1,-1,-1
124,9,955.05,327.54,128.03,325.03,0.6118,-1,-1,-1
124,17,355.07,331.97,139.55,404.82,0.8591,-1,-1,-1
124,13,1632.81,373.16,48.04,61.98,0.4491,-1,-1,-1
125,2,731.75,227.77,208.43,639.59,0.8766,-1,-1,-1
125,6,1106.93,289.98,159.88,481.47,0.8453,-1,-1,-1
125,8,674.56,391.79,70.80,192.26,0.4480,-1,-1,-1
125,9,950.48,325.51,127.03,329.49,0.6957,-1,-1,-1
125,17,345.89,336.50,141.09,404.53,0.8450,-1,-1,-1
125,13,1628.95,372.86,47.82,63.68,0.3828,-1,-1,-1
126,2,715.61,228.90,220.25,643.69,0.8684,-1,-1,-1
126,6,1101.36,290.49,160.76,478.00,0.8443,-1,-1,-1
126,8,669.20,393.63,69.30,190.11,0.3810,-1,-1,-1
126,9,949.69,322.50,127.08,332.77,0.5804,-1,-1,-1
126,17,334.37,337.21,143.63,407.89,0.8396,-1,-1,-1
126,13,1626.34,371.25,46.88,65.08,0.4173,-1,-1,-1
127,2,708.12,231.41,224.25,645.69,0.8698,-1,-1,-1
127,6,1095.03,291.33,164.47,480.58,0.8567,-1,-1,-1
127,8,665.38,393.72,67.48,187.06,0.2704,-1,-1,-1
127,9,942.94,321.53,135.21,335.72,0.7701,-1,-1,-1
127,17,326.50,341.98,143.45,409.08,0.8475,-1,-1,-1
127,13,1623.24,372.09,45.13,65.27,0.4367,-1,-1,-1
128,2,704.42,231.66,226.05,649.52,0.8799,-1,-1,-1
128,6,1088.98,289.79,168.63,481.91,0.8705,-1,-1,-1
128,8,660.43,391.10,72.36,191.20,0.3741,-1,-1,-1
128,9,934.22,322.87,142.24,335.02,0.6103,-1,-1,-1
128,17,318.46,341.87,145.03,411.73,0.8528,-1,-1,-1
128,13,1620.64,371.10,42.93,66.27,0.3539,-1,-1,-1
129,2,706.33,234.75,222.80,648.40,0.8803,-1,-1,-1
129,6,1084.22,287.41,173.72,482.99,0.8740,-1,-1,-1
129,8,659.69,390.01,68.08,192.64,0.5355,-1,-1,-1
129,9,933.76,322.12,120.79,335.09,0.6499,-1,-1,-1
129,17,313.11,339.08,147.08,420.67,0.8338,-1,-1,-1
129,13,1617.84,368.41,44.46,68.83,0.3771,-1,-1,-1
130,2,705.94,236.50,222.91,648.76,0.8819,-1,-1,-1
130,6,1081.96,286.76,174.99,482.98,0.8673,-1,-1,-1
130,8,659.27,389.41,64.11,193.16,0.5539,-1,-1,-1
130,9,933.51,320.75,110.12,335.07,0.7351,-1,-1,-1
130,17,309.67,335.31,148.86,429.60,0.8403,-1,-1,-1
130,13,1618.37,367.18,42.98,69.91,0.4034,-1,-1,-1
131,2,706.26,238.45,223.76,648.96,0.8799,-1,-1,-1
131,6,1080.20,284.60,176.74,482.73,0.8664,-1,-1,-1
131,8,657.44,389.44,63.82,193.52,0.5877,-1,-1,-1
131,9,928.91,319.26,110.52,333.78,0.7374,-1,-1,-1
131,17,307.69,332.78,147.48,435.13,0.8387,-1,-1,-1
131,13,1619.08,365.68,42.95,69.84,0.3855,-1,-1,-1
131,22,1011.82,371.73,69.72,222.47,0.5432,-1,-1,-1
132,2,707.84,238.99,222.86,649.17,0.8754,-1,-1,-1
132,6,1079.85,282.92,176.13,481.88,0.8632,-1,-1,-1
132,8,656.90,389.09,64.09,194.80,0.5690,-1,-1,-1
132,9,925.62,317.80,111.10,333.82,0.7340,-1,-1,-1
132,17,307.56,332.82,144.50,436.98,0.8288,-1,-1,-1
132,13,1619.45,364.53,42.24,69.65,0.4079,-1,-1,-1
132,22,1012.87,367.69,69.77,226.41,0.5589,-1,-1,-1
133,2,710.96,239.49,222.10,647.61,0.8756,-1,-1,-1
133,6,1077.32,282.40,178.92,482.06,0.8686,-1,-1,-1
133,8,656.99,389.47,62.96,195.31,0.4435,-1,-1,-1
133,9,925.30,316.67,108.57,335.76,0.7473,-1,-1,-1
133,17,297.12,330.96,152.76,441.34,0.8194,-1,-1,-1
133,13,1620.96,364.05,41.87,70.72,0.3853,-1,-1,-1
133,22,1012.75,367.69,72.01,225.85,0.5766,-1,-1,-1
134,2,713.39,239.58,218.36,648.93,0.8765,-1,-1,-1
134,6,1075.04,283.87,182.54,484.84,0.8678,-1,-1,-1
134,8,655.87,391.77,66.64,195.25,0.5312,-1,-1,-1
134,9,926.93,318.23,103.09,337.31,0.7330,-1,-1,-1
134,17,290.02,327.01,155.60,451.96,0.8401,-1,-1,-1
134,13,1622.25,364.63,41.82,71.69,0.3579,-1,-1,-1
134,22,1011.69,367.74,73.52,224.14,0.6113,-1,-1,-1
135,2,715.94,240.69,215.76,648.21,0.8799,-1,-1,-1
135,6,1073.48,285.07,184.37,487.78,0.8648,-1,-1,-1
135,8,652.77,393.69,70.78,195.69,0.5435,-1,-1,-1
135,9,926.68,318.57,99.79,340.45,0.7099,-1,-1,-1
135,17,286.63,329.61,155.07,454.09,0.8317,-1,-1,-1
135,13,1623.27,364.93,44.88,73.08,0.2682,-1,-1,-1
135,22,1010.80,369.76,75.77,220.36,0.6534,-1,-1,-1
136,2,720.89,240.64,212.48,643.77,0.8737,-1,-1,-1
136,6,1072.40,286.83,187.41,489.71,0.8666,-1,-1,-1
136,8,647.44,394.64,77.82,196.89,0.6851,-1,-1,-1
136,9,926.37,319.77,99.27,340.03,0.7318,-1,-1,-1
136,17,282.17,328.01,157.67,459.31,0.8389,-1,-1,-1
136,13,1626.62,366.00,45.34,71.82,0.2399,-1,-1,-1
136,22,1011.24,365.49,77.21,228.04,0.7071,-1,-1,-1
137,2,723.37,240.83,211.91,630.58,0.8832,-1,-1,-1
137,6,1071.22,289.59,191.98,491.83,0.8634,-1,-1,-1
137,8,648.49,394.98,77.77,200.42,0.6355,-1,-1,-1
137,9,927.60,319.51,97.29,341.36,0.7315,-1,-1,-1
137,17,282.59,324.79,155.90,465.10,0.8409,-1,-1,-1
137,13,1631.09,367.53,44.69,70.04,0.4990,-1,-1,-1
137,22,1013.57,368.11,77.33,226.33,0.7447,-1,-1,-1
138,2,723.64,242.82,215.78,624.31,0.8864,-1,-1,-1
138,6,1076.16,294.18,192.78,491.47,0.8619,-1,-1,-1
138,8,651.05,397.32,73.90,200.85,0.5944,-1,-1,-1
138,9,928.67,321.49,96.46,342.17,0.7457,-1,-1,-1
138,17,280.00,323.98,157.39,469.41,0.8040,-1,-1,-1
138,13,1637.03,371.09,45.42,69.66,0.3219,-1,-1,-1
138,22,1017.61,368.67,76.48,228.66,0.7446,-1,-1,-1
139,2,728.20,242.35,213.68,622.22,0.8851,-1,-1,-1
139,6,1080.63,295.00,193.71,491.39,0.8480,-1,-1,-1
139,8,651.88,395.80,72.18,203.87,0.5827,-1,-1,-1
139,9,930.12,320.65,96.44,343.56,0.7268,-1,-1,-1
139,17,272.46,320.63,162.46,474.98,0.8148,-1,-1,-1
139,13,1644.09,373.88,42.40,63.70,0.2465,-1,-1,-1
139,22,1020.81,364.99,76.12,230.24,0.7170,-1,-1,-1
140,2,739.54,241.72,205.01,626.10,0.8779,-1,-1,-1
140,6,1087.49,296.18,191.20,490.25,0.8452,-1,-1,-1
140,8,650.33,396.50,75.05,205.10,0.6323,-1,-1,-1
140,9,936.24,320.01,93.43,345.23,0.7152,-1,-1,-1
140,17,269.08,318.76,165.77,484.52,0.8303,-1,-1,-1
140,13,1647.97,369.46,45.73,66.89,0.3395,-1,-1,-1
140,22,1023.40,367.09,76.73,228.07,0.7777,-1,-1,-1
141,2,747.42,244.68,197.93,628.94,0.8735,-1,-1,-1
141,6,1092.50,296.16,189.83,494.77,0.8584,-1,-1,-1
141,8,648.66,395.54,78.47,206.74,0.7633,-1,-1,-1
141,9,935.94,321.44,95.50,344.84,0.7387,-1,-1,-1
141,17,270.42,318.79,165.23,495.15,0.8243,-1,-1,-1
141,13,1650.99,368.62,47.87,69.19,0.3902,-1,-1,-1
141,22,1025.06,366.72,79.29,228.26,0.6854,-1,-1,-1
142,2,754.24,249.85,193.45,628.56,0.8693,-1,-1,-1
142,6,1099.73,296.83,187.61,498.56,0.8517,-1,-1,-1
142,8,649.25,398.77,83.85,204.10,0.6914,-1,-1,-1
142,9,936.66,324.32,96.36,342.23,0.7640,-1,-1,-1
142,17,270.83,321.14,167.08,500.82,0.8491,-1,-1,-1
142,13,1662.13,372.63,45.97,65.22,0.2147,-1,-1,-1
142,22,1029.64,370.62,79.30,226.89,0.7247,-1,-1,-1
143,2,766.13,253.36,187.71,632.18,0.8787,-1,-1,-1
143,6,1107.04,297.41,187.31,501.88,0.8675,-1,-1,-1
143,8,653.83,400.42,84.08,204.61,0.6636,-1,-1,-1
143,9,948.95,325.84,89.21,341.42,0.7235,-1,-1,-1
143,17,269.68,324.75,170.56,504.07,0.8472,-1,-1,-1
143,13,1670.63,375.31,44.35,62.54,0.3950,-1,-1,-1
143,22,1037.04,372.18,75.25,226.33,0.7464,-1,-1,-1
144,2,772.46,255.62,185.95,632.85,0.8729,-1,-1,-1
144,6,1112.59,297.18,186.99,501.70,0.8616,-1,-1,-1
144,8,661.02,398.20,78.88,207.14,0.7032,-1,-1,-1
144,9,957.67,329.78,84.41,335.33,0.8007,-1,-1,-1
144,17,268.32,324.98,174.21,510.57,0.8578,-1,-1,-1
144,13,1673.75,371.43,49.55,66.74,0.4203,-1,-1,-1
144,22,1041.03,372.39,77.39,227.11,0.7545,-1,-1,-1
145,2,779.48,257.65,184.32,634.20,0.8604,-1,-1,-1
145,6,1120.81,296.79,186.93,501.53,0.8608,-1,-1,-1
145,8,664.46,396.76,80.00,209.78,0.7023,-1,-1,-1
145,9,962.38,329.32,83.08,337.27,0.7497,-1,-1,-1
145,17,266.07,324.14,177.76,514.44,0.8532,-1,-1,-1
145,13,1681.33,370.91,50.20,69.33,0.4222,-1,-1,-1
145,22,1043.54,374.69,78.73,224.15,0.7403,-1,-1,-1
146,2,782.53,261.60,186.74,635.92,0.8636,-1,-1,-1
146,6,1128.51,300.18,184.55,495.77,0.8740,-1,-1,-1
146,8,669.20,397.48,80.37,210.37,0.6983,-1,-1,-1
146,9,968.73,331.55,84.85,337.44,0.6870,-1,-1,-1
146,17,267.33,324.23,178.52,523.22,0.8771,-1,-1,-1
146,13,1693.08,377.20,46.55,64.13,0.3288,-1,-1,-1
146,22,1048.53,377.52,78.33,220.80,0.6477,-1,-1,-1
147,2,783.99,265.08,188.49,637.09,0.8649,-1,-1,-1
147,6,1134.15,299.51,186.58,492.39,0.8668,-1,-1,-1
147,8,670.58,396.88,81.62,214.59,0.7261,-1,-1,-1
147,9,967.40,331.65,89.21,340.00,0.7116,-1,-1,-1
147,17,263.82,325.56,181.83,528.99,0.8600,-1,-1,-1
147,13,1699.85,376.49,47.01,67.08,0.4339,-1,-1,-1
147,22,1050.95,381.16,79.83,220.57,0.6334,-1,-1,-1
148,2,789.32,266.37,185.73,636.22,0.8554,-1,-1,-1
148,6,1139.89,298.51,183.65,491.60,0.8669,-1,-1,-1
148,8,673.02,395.91,77.86,217.92,0.7259,-1,-1,-1
148,9,969.34,331.75,90.37,340.93,0.7302,-1,-1,-1
148,17,258.90,325.85,185.60,539.69,0.8683,-1,-1,-1
148,13,1701.70,375.79,50.43,68.41,0.3775,-1,-1,-1
148,22,1053.80,378.62,78.50,225.71,0.6770,-1,-1,-1
149,2,793.33,267.20,183.89,637.49,0.8615,-1,-1,-1
149,6,1146.54,299.01,180.08,489.08,0.8619,-1,-1,-1
149,8,674.77,399.88,76.86,217.92,0.6011,-1,-1,-1
149,9,972.46,335.53,87.83,338.92,0.7347,-1,-1,-1
149,17,252.87,324.09,184.35,548.75,0.8650,-1,-1,-1
149,13,1706.62,380.29,49.92,66.10,0.3492,-1,-1,-1
149,22,1055.65,378.97,77.87,228.26,0.6367,-1,-1,-1
150,2,794.09,267.58,184.05,637.39,0.8497,-1,-1,-1
150,6,1150.78,300.17,178.68,489.95,0.8641,-1,-1,-1
150,8,673.99,404.33,78.49,216.79,0.6138,-1,-1,-1
150,9,975.01,339.15,88.44,338.95,0.7367,-1,-1,-1
150,17,247.32,319.99,181.50,558.05,0.8501,-1,-1,-1
150,13,1710.89,381.78,51.32,66.89,0.4518,-1,-1,-1
150,22,1056.64,372.74,76.84,236.03,0.6724,-1,-1,-1
151,2,793.73,267.58,186.74,634.36,0.8407,-1,-1,-1
151,6,1152.76,300.05,179.36,497.73,0.8715,-1,-1,-1
151,8,674.83,408.44,77.89,214.58,0.6689,-1,-1,-1
151,9,979.32,340.84,85.49,341.11,0.7334,-1,-1,-1
151,17,236.48,318.17,184.41,567.56,0.8508,-1,-1,-1
151,13,1712.47,381.01,53.53,69.08,0.4883,-1,-1,-1
151,22,1056.69,370.56,77.03,240.22,0.5984,-1,-1,-1
152,2,791.30,266.18,190.44,627.47,0.8416,-1,-1,-1
152,6,1154.12,300.16,180.65,498.98,0.8800,-1,-1,-1
152,8,675.07,409.45,80.14,215.63,0.7134,-1,-1,-1
152,9,978.89,341.51,86.13,341.27,0.7104,-1,-1,-1
152,17,227.43,314.65,187.58,576.95,0.8508,-1,-1,-1
152,13,1715.82,379.42,54.58,70.51,0.5263,-1,-1,-1
152,22,1055.30,371.81,78.74,238.65,0.6059,-1,-1,-1
153,2,786.25,264.08,198.39,620.32,0.8416,-1,-1,-1
153,6,1157.70,301.91,179.66,498.76,0.8825,-1,-1,-1
153,8,675.23,410.13,82.83,218.53,0.7123,-1,-1,-1
153,9,982.40,341.74,83.41,344.52,0.7250,-1,-1,-1
153,17,215.92,311.77,193.73,583.25,0.8584,-1,-1,-1
153,13,1719.40,384.15,51.76,67.78,0.4318,-1,-1,-1
153,22,1055.59,372.04,79.13,239.39,0.6200,-1,-1,-1
154,2,779.74,262.13,206.86,618.31,0.8593,-1,-1,-1
154,6,1159.13,302.68,178.93,497.21,0.8731,-1,-1,-1
154,8,675.42,411.03,85.78,220.46,0.7176,-1,-1,-1
154,9,981.11,341.59,83.92,344.70,0.7265,-1,-1,-1
154,17,203.68,309.36,200.75,589.15,0.8723,-1,-1,-1
154,13,1722.69,384.95,51.16,68.25,0.4099,-1,-1,-1
154,22,1054.24,373.21,80.33,239.21,0.6570,-1,-1,-1
155,2,772.02,258.98,214.65,618.91,0.8684,-1,-1,-1
155,6,1160.36,301.97,177.71,499.38,0.8789,-1,-1,-1
155,8,672.08,407.52,95.36,223.55,0.7299,-1,-1,-1
155,9,982.72,340.03,81.29,343.34,0.7274,-1,-1,-1
155,17,191.86,305.89,206.49,593.71,0.8712,-1,-1,-1
155,13,1722.04,379.61,52.03,71.81,0.3248,-1,-1,-1
155,22,1053.39,371.92,80.38,239.42,0.7019,-1,-1,-1
156,2,766.12,257.94,222.57,621.71,0.8701,-1,-1,-1
156,6,1159.52,305.22,179.34,504.86,0.8774,-1,-1,-1
156,8,671.08,406.00,98.70,226.13,0.7666,-1,-1,-1
156,9,981.48,339.97,82.51,344.05,0.7025,-1,-1,-1
156,17,180.97,302.50,207.97,599.77,0.8714,-1,-1,-1
156,13,1721.33,381.26,52.81,71.86,0.3498,-1,-1,-1
156,22,1051.98,370.67,80.45,242.33,0.6925,-1,-1,-1
157,2,760.09,259.93,228.87,624.20,0.8773,-1,-1,-1
157,6,1156.53,308.04,178.20,507.54,0.8729,-1,-1,-1
157,8,667.57,407.40,100.05,226.48,0.7040,-1,-1,-1
157,9,974.06,341.64,89.68,346.03,0.6968,-1,-1,-1
157,17,170.38,301.02,211.19,605.20,0.8634,-1,-1,-1
157,13,1721.20,381.68,53.43,74.26,0.4144,-1,-1,-1
157,22,1049.33,370.79,81.93,243.93,0.6792,-1,-1,-1
158,2,758.33,257.45,227.53,628.43,0.8731,-1,-1,-1
158,6,1151.39,305.64,177.31,507.92,0.8647,-1,-1,-1
158,8,662.27,405.75,87.23,228.13,0.6732,-1,-1,-1
158,9,968.27,341.21,90.47,345.12,0.7418,-1,-1,-1
158,17,156.74,296.99,214.30,611.66,0.8608,-1,-1,-1
158,13,1717.37,382.88,54.85,71.59,0.4165,-1,-1,-1
158,22,1044.72,370.29,84.40,244.04,0.7391,-1,-1,-1
159,2,761.40,260.60,221.52,628.92,0.8666,-1,-1,-1
159,6,1147.14,306.22,175.58,505.54,0.8760,-1,-1,-1
159,8,658.18,402.14,86.13,230.46,0.6601,-1,-1,-1
159,9,965.21,341.37,87.83,341.49,0.6550,-1,-1,-1
159,17,139.82,294.11,217.84,621.23,0.8558,-1,-1,-1
159,13,1711.89,378.79,57.92,74.46,0.5088,-1,-1,-1
159,22,1040.22,374.81,85.51,239.51,0.7013,-1,-1,-1
160,2,764.72,263.32,215.16,630.09,0.8641,-1,-1,-1
160,6,1142.24,305.93,174.02,506.62,0.8767,-1,-1,-1
160,8,650.92,401.40,92.91,230.39,0.6724,-1,-1,-1
160,9,961.29,339.56,90.14,340.43,0.7255,-1,-1,-1
160,17,126.89,290.78,221.38,637.29,0.8640,-1,-1,-1
160,13,1707.16,375.52,58.20,77.27,0.3365,-1,-1,-1
160,22,1036.76,377.20,84.10,236.22,0.6982,-1,-1,-1
160,24,749.04,355.62,68.83,277.48,0.5037,-1,-1,-1
161,2,767.27,269.10,211.44,628.89,0.8708,-1,-1,-1
161,6,1138.16,306.59,172.59,506.55,0.8782,-1,-1,-1
161,8,645.43,399.05,92.15,235.23,0.6920,-1,-1,-1
161,9,955.82,339.32,89.11,341.14,0.6702,-1,-1,-1
161,17,112.62,289.96,225.03,654.53,0.8548,-1,-1,-1
161,13,1705.22,373.88,56.81,80.18,0.3376,-1,-1,-1
161,22,1032.34,382.99,84.81,229.98,0.7510,-1,-1,-1
161,24,737.37,361.69,71.57,274.31,0.4961,-1,-1,-1
162,2,770.48,270.76,206.71,627.26,0.8823,-1,-1,-1
162,6,1133.12,301.54,171.33,511.55,0.8731,-1,-1,-1
162,8,638.24,395.96,82.92,238.71,0.7045,-1,-1,-1
162,9,950.38,336.86,84.03,346.24,0.6475,-1,-1,-1
162,17,96.28,284.37,229.30,661.23,0.8687,-1,-1,-1
162,13,1700.03,378.73,56.69,76.70,0.4564,-1,-1,-1
162,22,1026.02,385.54,83.84,226.24,0.7440,-1,-1,-1
162,24,730.25,361.07,77.07,278.00,0.6039,-1,-1,-1
163,2,771.16,270.22,202.55,628.50,0.8929,-1,-1,-1
163,6,1123.93,299.70,174.48,512.47,0.8680,-1,-1,-1
163,8,629.71,394.17,83.17,240.63,0.7252,-1,-1,-1
163,9,945.57,332.58,85.05,350.61,0.6177,-1,-1,-1
163,17,81.34,283.17,225.65,675.84,0.8465,-1,-1,-1
163,13,1694.25,380.49,55.85,75.52,0.4455,-1,-1,-1
163,22,1019.65,386.54,84.42,224.58,0.6820,-1,-1,-1
163,24,724.25,358.44,77.52,280.48,0.6667,-1,-1,-1
164,2,767.40,268.65,203.45,625.47,0.8909,-1,-1,-1
164,6,1114.66,297.64,180.81,511.07,0.8671,-1,-1,-1
164,8,620.28,392.51,86.01,243.44,0.7240,-1,-1,-1
164,9,942.05,332.64,83.48,350.45,0.6628,-1,-1,-1
164,17,59.60,282.03,240.50,693.03,0.8833,-1,-1,-1
164,13,1689.97,381.95,57.05,72.65,0.2786,-1,-1,-1
164,22,1016.92,389.29,80.76,220.37,0.7018,-1,-1,-1
164,24,714.25,361.51,79.41,279.05,0.6747,-1,-1,-1
165,2,764.18,264.68,199.92,626.79,0.8865,-1,-1,-1
165,6,1107.79,298.12,181.73,507.43,0.8746,-1,-1,-1
165,8,611.46,392.25,85.62,244.30,0.6889,-1,-1,-1
165,9,940.55,332.27,82.35,348.28,0.6925,-1,-1,-1
165,17,39.98,280.05,248.12,711.29,0.8713,-1,-1,-1
165,13,1683.72,378.46,56.80,74.16,0.3300,-1,-1,-1
165,22,1013.75,390.62,79.32,216.21,0.6874,-1,-1,-1
165,24,707.52,363.47,79.89,277.89,0.7066,-1,-1,-1
166,2,764.68,260.34,196.41,629.94,0.8856,-1,-1,-1
166,6,1101.13,296.88,185.15,502.98,0.8767,-1,-1,-1
166,8,605.41,390.84,87.96,246.63,0.7178,-1,-1,-1
166,9,934.17,327.32,84.33,351.63,0.6961,-1,-1,-1
166,17,21.09,278.19,259.04,725.02,0.8876,-1,-1,-1
166,13,1678.75,375.65,54.88,75.00,0.3938,-1,-1,-1
166,22,1008.88,390.19,79.63,214.16,0.6680,-1,-1,-1
166,24,703.09,364.76,80.71,278.01,0.7309,-1,-1,-1
167,2,766.00,257.16,193.67,630.61,0.8746,-1,-1,-1
167,6,1095.00,293.11,190.16,504.74,0.8659,-1,-1,-1
167,8,600.78,389.60,87.23,248.80,0.7265,-1,-1,-1
167,9,933.03,325.20,84.11,350.46,0.6921,-1,-1,-1
167,17,5.98,274.47,258.80,736.89,0.8650,-1,-1,-1
167,13,1678.14,374.31,55.16,74.73,0.3862,-1,-1,-1
167,22,1007.73,395.42,78.04,209.33,0.5618,-1,-1,-1
167,24,697.66,362.97,86.08,281.05,0.7087,-1,-1,-1
168,2,771.20,254.22,187.21,623.17,0.8656,-1,-1,-1
168,6,1090.81,291.54,191.60,504.21,0.8648,-1,-1,-1
168,8,596.32,389.04,88.04,249.46,0.6913,-1,-1,-1
168,9,930.31,327.50,85.72,349.54,0.6993,-1,-1,-1
168,17,-2.60,266.79,259.35,750.61,0.8877,-1,-1,-1
168,13,1673.63,371.63,58.67,77.29,0.3806,-1,-1,-1
168,22,1006.69,381.77,77.96,225.36,0.6039,-1,-1,-1
168,24,685.97,358.94,94.54,285.50,0.7781,-1,-1,-1
169,2,775.64,250.25,184.66,615.05,0.8632,-1,-1,-1
169,6,1086.83,290.90,193.73,503.04,0.8698,-1,-1,-1
169,8,591.01,387.57,90.36,251.91,0.7354,-1,-1,-1
169,9,929.54,328.33,83.90,344.79,0.6957,-1,-1,-1
169,17,-5.72,259.58,249.56,763.11,0.9024,-1,-1,-1
169,13,1672.26,370.31,58.50,77.75,0.4163,-1,-1,-1
169,22,1004.12,377.03,79.74,227.66,0.6373,-1,-1,-1
169,24,680.20,357.07,96.90,283.25,0.7693,-1,-1,-1
170,2,778.26,248.24,181.69,611.49,0.8546,-1,-1,-1
170,6,1082.12,290.47,197.53,505.02,0.8706,-1,-1,-1
170,8,588.26,386.79,84.50,252.15,0.6208,-1,-1,-1
170,9,928.14,328.97,82.38,343.31,0.6889,-1,-1,-1
170,17,-6.06,252.75,237.13,776.10,0.9022,-1,-1,-1
170,13,1674.81,368.79,54.54,77.57,0.3144,-1,-1,-1
170,22,1003.68,372.82,80.53,231.08,0.6340,-1,-1,-1
170,24,673.46,353.85,102.99,286.89,0.7919,-1,-1,-1
171,2,778.45,246.35,180.33,612.87,0.8563,-1,-1,-1
171,6,1079.01,290.24,200.69,508.40,0.8685,-1,-1,-1
171,8,582.12,383.52,88.79,258.12,0.6406,-1,-1,-1
171,9,927.42,328.56,83.23,346.53,0.7117,-1,-1,-1
171,17,-5.63,247.51,224.93,789.13,0.9018,-1,-1,-1
171,22,1004.79,368.36,78.46,230.97,0.6714,-1,-1,-1
171,24,665.65,352.95,110.48,291.20,0.8042,-1,-1,-1
172,2,777.02,246.78,182.51,616.46,0.8505,-1,-1,-1
172,6,1075.76,290.17,203.94,509.11,0.8734,-1,-1,-1
172,8,575.16,384.27,95.99,260.77,0.6858,-1,-1,-1
172,9,927.68,335.46,81.46,337.31,0.6800,-1,-1,-1
172,17,-4.85,242.71,211.42,800.03,0.8958,-1,-1,-1
172,22,1002.84,367.27,78.61,230.38,0.6567,-1,-1,-1
172,24,659.65,351.63,116.50,294.83,0.8317,-1,-1,-1
173,2,777.74,245.31,180.68,619.67,0.8552,-1,-1,-1
173,6,1073.88,288.90,204.15,510.83,0.8677,-1,-1,-1
173,8,567.48,384.99,101.19,261.96,0.7056,-1,-1,-1
173,9,926.78,336.11,79.17,335.74,0.6682,-1,-1,-1
173,17,-4.10,237.26,199.46,814.78,0.8877,-1,-1,-1
173,22,1002.26,370.40,78.65,224.10,0.6627,-1,-1,-1
173,24,655.91,348.74,122.14,298.33,0.8318,-1,-1,-1
173,13,1674.67,363.87,53.48,76.72,0.4414,-1,-1,-1
174,2,777.42,245.62,181.86,622.18,0.8592,-1,-1,-1
174,6,1075.43,288.67,205.31,514.71,0.8718,-1,-1,-1
174,8,563.11,381.84,97.86,268.26,0.6960,-1,-1,-1
174,9,927.91,335.82,78.10,336.38,0.6468,-1,-1,-1
174,17,-3.31,233.06,190.15,827.93,0.8844,-1,-1,-1
174,22,1002.92,368.21,77.48,226.96,0.6681,-1,-1,-1
174,24,654.14,346.53,126.05,301.06,0.8183,-1,-1,-1
174,13,1676.24,362.63,54.26,75.68,0.4161,-1,-1,-1
175,2,780.29,246.77,179.28,626.33,0.8636,-1,-1,-1
175,6,1078.71,288.87,205.13,518.88,0.8728,-1,-1,-1
175,8,560.04,380.10,97.09,272.31,0.6822,-1,-1,-1
175,9,929.95,331.79,77.89,340.72,0.6397,-1,-1,-1
175,17,-2.36,228.01,181.46,838.30,0.8854,-1,-1,-1
175,22,1004.15,367.76,76.68,229.73,0.6667,-1,-1,-1
175,24,652.84,345.57,129.41,303.86,0.8185,-1,-1,-1
175,13,1679.58,362.71,55.95,75.84,0.4678,-1,-1,-1
176,2,785.18,252.39,176.53,627.74,0.8478,-1,-1,-1
176,6,1082.86,290.13,204.43,520.07,0.8721,-1,-1,-1
176,8,556.64,379.70,99.99,275.98,0.7236,-1,-1,-1
176,9,932.94,328.22,75.39,345.23,0.6382,-1,-1,-1
176,17,-1.05,227.19,174.08,846.17,0.8836,-1,-1,-1
176,22,1007.94,366.96,75.28,231.24,0.6802,-1,-1,-1
176,24,653.45,346.10,129.39,309.05,0.8107,-1,-1,-1
176,13,1685.32,364.18,51.95,72.78,0.3568,-1,-1,-1
177,2,787.39,255.93,176.36,627.46,0.8483,-1,-1,-1
177,6,1085.92,289.92,203.91,518.79,0.8749,-1,-1,-1
177,8,554.13,379.22,101.87,276.01,0.7128,-1,-1,-1
177,9,934.97,324.64,67.77,348.05,0.5912,-1,-1,-1
177,17,-1.18,224.57,164.68,853.31,0.8760,-1,-1,-1
177,22,1009.41,367.03,75.11,229.91,0.6890,-1,-1,-1
177,24,653.15,345.41,129.50,311.39,0.8151,-1,-1,-1
177,13,1685.35,359.51,56.52,74.09,0.3953,-1,-1,-1
178,2,790.93,260.54,176.87,626.33,0.8574,-1,-1,-1
178,6,1090.00,290.15,205.64,522.87,0.8787,-1,-1,-1
178,8,554.05,379.44,101.22,277.80,0.7326,-1,-1,-1
178,9,940.04,326.41,60.09,351.78,0.4104,-1,-1,-1
178,17,-0.41,222.18,156.33,857.71,0.8740,-1,-1,-1
178,22,1013.75,369.62,74.53,229.02,0.6447,-1,-1,-1
178,24,653.32,347.56,133.07,314.23,0.8252,-1,-1,-1
178,13,1690.28,359.61,57.02,74.67,0.3318,-1,-1,-1
179,2,793.30,262.63,176.65,625.14,0.8564,-1,-1,-1
179,6,1097.04,288.31,202.90,526.36,0.8803,-1,-1,-1
179,8,553.09,379.15,102.24,280.15,0.7101,-1,-1,-1
179,9,934.48,308.78,68.61,366.33,0.5764,-1,-1,-1
179,17,0.02,224.27,145.54,855.86,0.8739,-1,-1,-1
179,22,1016.12,373.12,74.84,224.63,0.6754,-1,-1,-1
179,24,651.56,348.78,139.27,315.42,0.8251,-1,-1,-1
179,13,1688.79,357.21,65.53,78.21,0.4432,-1,-1,-1
180,2,796.61,266.03,178.98,619.66,0.8629,-1,-1,-1
180,6,1103.29,289.95,202.43,524.87,0.8716,-1,-1,-1
180,8,552.89,378.82,104.12,283.59,0.7638,-1,-1,-1
180,9,941.80,316.21,61.30,358.43,0.3258,-1,-1,-1
180,17,0.42,228.15,134.93,852.85,0.8652,-1,-1,-1
180,22,1019.35,381.01,74.26,218.14,0.6116,-1,-1,-1
180,24,652.86,350.62,137.95,316.36,0.7985,-1,-1,-1
180,13,1695.51,357.69,65.84,77.13,0.4641,-1,-1,-1
181,2,798.47,266.23,182.08,618.74,0.8678,-1,-1,-1
181,6,1112.29,286.44,198.91,527.12,0.8746,-1,-1,-1
181,8,554.01,381.16,104.05,284.32,0.7261,-1,-1,-1
181,9,943.66,312.49,60.01,360.04,0.3651,-1,-1,-1
181,17,0.80,249.67,127.43,831.47,0.8625,-1,-1,-1
181,22,1020.77,374.59,76.34,224.99,0.6326,-1,-1,-1
181,24,654.23,351.21,138.91,319.93,0.8165,-1,-1,-1
181,13,1708.90,355.90,57.13,77.24,0.4130,-1,-1,-1
182,2,799.02,265.41,183.90,617.82,0.8722,-1,-1,-1
182,6,1119.85,285.82,197.38,527.08,0.8726,-1,-1,-1
182,8,555.03,382.23,106.37,286.67,0.7499,-1,-1,-1
182,9,945.48,312.44,61.98,361.01,0.4417,-1,-1,-1
182,17,0.91,275.43,118.60,805.28,0.8565,-1,-1,-1
182,22,1023.15,376.84,79.02,221.61,0.7338,-1,-1,-1
182,24,654.80,351.10,138.94,323.17,0.8203,-1,-1,-1
182,13,1714.14,354.94,58.87,77.43,0.5691,-1,-1,-1
183,2,801.18,264.05,189.02,612.76,0.8732,-1,-1,-1
183,6,1130.05,283.38,193.11,522.22,0.8706,-1,-1,-1
183,8,555.45,385.14,107.39,287.33,0.7398,-1,-1,-1
183,9,948.08,313.44,63.23,357.34,0.3322,-1,-1,-1
183,17,1.25,301.76,106.58,777.72,0.8433,-1,-1,-1
183,22,1025.54,382.27,81.65,217.39,0.6708,-1,-1,-1
183,24,655.24,349.49,142.99,325.11,0.8299,-1,-1,-1
183,13,1717.26,353.88,60.23,78.00,0.4129,-1,-1,-1
184,2,803.62,264.63,191.61,601.77,0.8760,-1,-1,-1
184,6,1134.72,282.64,192.58,517.67,0.8755,-1,-1,-1
184,8,556.08,387.93,109.87,285.52,0.7551,-1,-1,-1
184,9,951.60,307.57,65.61,366.20,0.4235,-1,-1,-1
184,17,1.35,358.65,94.02,719.10,0.8428,-1,-1,-1
184,22,1030.95,381.79,81.18,220.53,0.6440,-1,-1,-1
184,24,659.38,347.86,144.51,327.59,0.8311,-1,-1,-1
184,13,1725.60,353.75,60.91,77.80,0.4386,-1,-1,-1
185,2,804.19,262.84,193.43,598.94,0.8585,-1,-1,-1
185,6,1140.29,282.78,192.16,514.02,0.8708,-1,-1,-1
185,8,557.40,389.64,114.65,286.20,0.7161,-1,-1,-1
185,9,957.19,310.37,68.64,364.52,0.6067,-1,-1,-1
185,17,1.01,383.97,85.08,692.76,0.8065,-1,-1,-1
185,22,1036.67,383.92,78.37,217.93,0.6760,-1,-1,-1
185,24,666.90,334.87,140.35,343.41,0.8511,-1,-1,-1
185,13,1728.86,351.44,63.72,79.22,0.4077,-1,-1,-1
186,2,805.34,258.97,193.10,602.84,0.8641,-1,-1,-1
186,6,1148.72,283.84,187.28,514.33,0.8791,-1,-1,-1
186,8,558.13,390.36,118.04,288.01,0.7528,-1,-1,-1
186,9,961.97,315.56,67.31,360.92,0.5445,-1,-1,-1
186,17,0.72,396.91,82.04,679.66,0.7607,-1,-1,-1
186,22,1038.49,383.96,81.20,218.17,0.6858,-1,-1,-1
186,24,669.43,327.32,139.74,353.69,0.8471,-1,-1,-1
186,13,1737.37,351.84,62.78,79.00,0.4770,-1,-1,-1
187,2,806.79,255.05,194.42,603.93,0.8674,-1,-1,-1
187,6,1154.08,280.65,188.29,519.29,0.8826,-1,-1,-1
187,8,557.82,386.96,122.70,293.18,0.7655,-1,-1,-1
187,9,969.23,337.38,61.67,339.17,0.3719,-1,-1,-1
187,17,-0.01,414.41,64.23,661.09,0.4284,-1,-1,-1
187,22,1042.42,380.00,80.23,220.01,0.7041,-1,-1,-1
187,24,670.93,327.08,139.19,353.62,0.8514,-1,-1,-1
187,13,1751.47,353.43,57.65,77.34,0.3293,-1,-1,-1
188,2,803.12,252.77,200.45,605.88,0.8690,-1,-1,-1
188,6,1155.79,279.16,188.75,520.19,0.8860,-1,-1,-1
188,8,556.71,385.43,125.31,294.51,0.7759,-1,-1,-1
188,9,972.96,340.52,57.64,335.83,0.2902,-1,-1,-1
188,22,1039.40,377.59,83.67,222.44,0.7110,-1,-1,-1
188,24,669.39,325.08,139.51,354.02,0.8552,-1,-1,-1
188,13,1760.23,353.78,52.59,74.56,0.4169,-1,-1,-1
189,2,800.34,252.41,203.03,609.06,0.8674,-1,-1,-1
189,6,1159.45,276.70,184.04,522.78,0.8824,-1,-1,-1
189,8,554.10,382.62,129.79,298.01,0.7089,-1,-1,-1
189,9,975.51,336.98,55.66,339.56,0.2308,-1,-1,-1
189,22,1038.22,375.83,84.92,223.69,0.7259,-1,-1,-1
189,24,667.16,324.21,141.43,356.30,0.8494,-1,-1,-1
189,13,1761.49,352.26,55.59,74.82,0.4731,-1,-1,-1
190,2,802.20,251.45,200.97,612.18,0.8584,-1,-1,-1
190,6,1160.57,275.55,184.50,526.06,0.8807,-1,-1,-1
190,8,549.07,380.43,137.89,301.32,0.7272,-1,-1,-1
190,9,977.49,334.45,53.98,344.53,0.2671,-1,-1,-1
190,22,1033.80,376.10,89.32,222.20,0.7134,-1,-1,-1
190,24,669.71,322.62,138.37,360.09,0.8444,-1,-1,-1
190,13,1759.56,353.04,59.73,76.13,0.4657,-1,-1,-1
191,2,804.13,252.85,199.03,616.62,0.8553,-1,-1,-1
191,6,1161.84,277.79,184.78,528.55,0.8796,-1,-1,-1
191,8,545.95,379.15,138.09,305.18,0.6635,-1,-1,-1
191,9,978.27,331.12,55.18,351.78,0.3145,-1,-1,-1
191,22,1033.76,375.20,89.85,224.81,0.6992,-1,-1,-1
191,24,670.40,323.87,136.72,362.12,0.8074,-1,-1,-1
191,13,1759.96,355.23,60.44,78.03,0.4881,-1,-1,-1
192,2,808.63,258.79,194.07,617.90,0.8578,-1,-1,-1
192,6,1161.31,283.89,183.61,528.52,0.8862,-1,-1,-1
192,8,541.37,378.76,114.92,307.49,0.7032,-1,-1,-1
192,22,1031.98,378.46,90.00,223.43,0.7034,-1,-1,-1
192,24,666.98,325.40,139.17,362.96,0.8328,-1,-1,-1
192,13,1758.53,359.99,62.77,77.68,0.4312,-1,-1,-1
193,2,808.89,263.24,194.13,617.73,0.8681,-1,-1,-1
193,6,1160.46,285.35,180.21,530.60,0.8836,-1,-1,-1
193,8,535.66,377.79,126.14,309.08,0.6638,-1,-1,-1
193,22,1029.92,377.38,89.51,226.13,0.6985,-1,-1,-1
193,24,659.15,328.95,145.69,361.99,0.7864,-1,-1,-1
193,13,1755.46,361.64,67.41,77.57,0.4427,-1,-1,-1
194,2,806.38,267.82,196.93,615.22,0.8654,-1,-1,-1
194,6,1158.95,288.21,177.89,533.83,0.8793,-1,-1,-1
194,8,530.14,378.21,130.89,312.74,0.7533,-1,-1,-1
194,22,1031.88,378.90,86.55,227.02,0.7262,-1,-1,-1
194,24,655.51,331.68,146.20,365.13,0.8254,-1,-1,-1
194,13,1755.44,363.64,68.07,79.32,0.4233,-1,-1,-1
195,2,802.45,273.65,202.62,611.49,0.8796,-1,-1,-1
195,6,1155.67,291.58,175.93,534.53,0.8688,-1,-1,-1
195,8,522.03,380.58,119.69,316.15,0.7482,-1,-1,-1
195,22,1026.95,381.49,89.32,225.94,0.7373,-1,-1,-1
195,24,646.92,336.42,151.13,367.54,0.8444,-1,-1,-1
195,13,1756.09,367.75,66.35,79.54,0.5029,-1,-1,-1
196,2,798.63,272.29,205.42,613.93,0.8865,-1,-1,-1
196,6,1150.14,294.10,175.62,536.35,0.8561,-1,-1,-1
196,8,514.91,379.95,116.74,321.87,0.7626,-1,-1,-1
196,22,1021.68,383.50,92.03,224.03,0.7188,-1,-1,-1
196,24,643.01,340.78,151.62,367.03,0.8287,-1,-1,-1
196,13,1758.63,369.52,61.75,79.30,0.3739,-1,-1,-1
197,2,795.60,271.73,208.08,614.83,0.8946,-1,-1,-1
197,6,1145.17,294.72,174.00,536.79,0.8555,-1,-1,-1
197,8,506.71,381.76,115.52,324.15,0.7715,-1,-1,-1
197,22,1017.97,386.71,93.10,222.46,0.7609,-1,-1,-1
197,24,634.94,341.67,153.72,369.75,0.8225,-1,-1,-1
197,13,1757.69,374.43,61.70,74.96,0.3222,-1,-1,-1
198,2,795.80,273.34,207.93,615.55,0.8890,-1,-1,-1
198,6,1139.20,297.22,176.09,530.28,0.8547,-1,-1,-1
198,8,496.44,384.77,117.70,329.63,0.7919,-1,-1,-1
198,22,1014.73,390.39,92.42,221.24,0.7206,-1,-1,-1
198,24,622.43,343.49,157.86,374.53,0.8376,-1,-1,-1
198,13,1745.62,374.21,71.30,79.64,0.2463,-1,-1,-1
199,2,801.52,276.15,199.99,601.00,0.8819,-1,-1,-1
199,6,1133.74,298.60,178.47,539.83,0.8627,-1,-1,-1
199,8,488.11,387.85,120.73,332.60,0.8201,-1,-1,-1
199,22,1009.85,396.38,91.80,216.65,0.7437,-1,-1,-1
199,24,607.87,347.45,162.93,381.28,0.8337,-1,-1,-1
199,13,1751.16,379.17,63.43,78.19,0.2931,-1,-1,-1
200,2,800.09,280.42,200.86,589.40,0.8845,-1,-1,-1
200,6,1126.24,300.22,181.66,541.37,0.8615,-1,-1,-1
200,8,478.71,392.22,128.53,335.88,0.7003,-1,-1,-1
200,22,1007.81,404.44,89.07,210.97,0.6668,-1,-1,-1
200,24,605.66,349.46,155.82,383.88,0.8438,-1,-1,-1
200,13,1738.65,381.62,69.51,79.46,0.5503,-1,-1,-1
201,2,799.32,281.48,197.07,588.17,0.8868,-1,-1,-1
201,6,1117.51,303.48,185.94,534.24,0.8700,-1,-1,-1
201,8,467.64,395.20,120.41,335.67,0.7717,-1,-1,-1
201,22,1006.69,397.92,83.81,219.23,0.7351,-1,-1,-1
201,24,586.42,348.51,163.21,384.90,0.7970,-1,-1,-1
201,13,1732.66,384.40,71.90,79.37,0.4133,-1,-1,-1
202,2,796.43,282.07,195.16,590.78,0.8919,-1,-1,-1
202,6,1111.16,304.63,189.09,532.41,0.8721,-1,-1,-1
202,8,458.03,399.03,126.93,335.62,0.8074,-1,-1,-1
202,22,1004.72,403.67,80.92,215.61,0.6843,-1,-1,-1
202,24,582.33,347.49,157.28,389.01,0.8089,-1,-1,-1
202,13,1726.33,384.61,74.63,81.09,0.4248,-1,-1,-1
203,2,798.20,282.68,189.69,593.44,0.8817,-1,-1,-1
203,6,1106.43,305.07,192.38,532.04,0.8731,-1,-1,-1
203,8,445.64,398.13,115.23,342.94,0.6161,-1,-1,-1
203,22,1001.20,408.00,81.60,215.05,0.7239,-1,-1,-1
203,24,577.20,345.83,156.99,395.57,0.8279,-1,-1,-1
203,13,1726.80,384.79,70.69,82.06,0.4242,-1,-1,-1
203,28,761.18,399.08,63.09,239.87,0.4431,-1,-1,-1
204,2,804.67,284.69,180.30,595.05,0.8650,-1,-1,-1
204,6,1104.02,304.35,192.25,531.03,0.8711,-1,-1,-1
204,8,435.78,399.22,134.27,346.34,0.7254,-1,-1,-1
204,22,1002.81,412.04,78.53,216.26,0.7367,-1,-1,-1
204,24,572.40,345.24,157.13,397.78,0.8170,-1,-1,-1
204,13,1728.86,385.09,66.72,82.00,0.3568,-1,-1,-1
204,28,758.40,400.34,67.20,240.61,0.6662,-1,-1,-1
205,2,807.15,285.89,175.88,596.95,0.8644,-1,-1,-1
205,6,1102.39,303.81,193.15,530.03,0.8740,-1,-1,-1
205,8,426.32,399.25,142.54,349.03,0.7802,-1,-1,-1
205,22,1002.30,413.70,76.84,214.87,0.7011,-1,-1,-1
205,24,565.24,343.91,154.48,400.37,0.8009,-1,-1,-1
205,13,1724.31,383.22,69.38,83.89,0.4834,-1,-1,-1
205,28,757.99,397.90,68.60,244.30,0.6582,-1,-1,-1
206,2,808.41,287.38,172.96,598.80,0.8670,-1,-1,-1
206,6,1099.88,306.03,197.86,531.16,0.8667,-1,-1,-1
206,8,418.71,397.66,148.74,352.63,0.7965,-1,-1,-1
206,22,1000.47,415.41,78.05,212.14,0.6889,-1,-1,-1
206,24,559.22,342.77,155.49,404.60,0.8319,-1,-1,-1
206,13,1728.47,382.35,64.88,84.32,0.4243,-1,-1,-1
206,28,756.14,396.63,69.67,248.56,0.6906,-1,-1,-1
207,2,809.08,288.80,171.02,598.54,0.8644,-1,-1,-1
207,6,1096.82,307.20,202.81,533.05,0.8681,-1,-1,-1
207,8,412.16,395.89,149.51,356.24,0.8314,-1,-1,-1
207,22,1000.15,414.86,77.96,213.60,0.6986,-1,-1,-1
207,24,552.30,343.46,160.07,407.08,0.8533,-1,-1,-1
207,13,1733.52,382.12,60.17,84.34,0.3869,-1,-1,-1
207,28,754.01,395.87,71.66,249.24,0.6906,-1,-1,-1
208,2,809.71,289.62,169.11,598.15,0.8560,-1,-1,-1
208,6,1094.46,304.97,206.86,537.97,0.8680,-1,-1,-1
208,8,404.69,394.91,146.66,358.62,0.8412,-1,-1,-1
208,22,1002.17,411.21,75.86,212.22,0.7249,-1,-1,-1
208,24,546.44,337.70,161.50,413.29,0.8586,-1,-1,-1
208,13,1739.46,382.86,55.01,83.01,0.3028,-1,-1,-1
208,28,753.40,393.95,72.06,250.80,0.6880,-1,-1,-1
209,2,808.92,291.19,169.11,598.12,0.8554,-1,-1,-1
209,6,1094.33,305.17,209.30,540.92,0.8675,-1,-1,-1
209,8,399.03,392.47,148.11,362.29,0.8271,-1,-1,-1
209,22,1002.32,405.85,75.80,215.50,0.7166,-1,-1,-1
209,24,538.33,335.97,170.40,419.37,0.8639,-1,-1,-1
209,13,1744.86,383.31,51.67,81.24,0.3861,-1,-1,-1
209,28,753.92,393.95,69.34,252.13,0.6312,-1,-1,-1
210,2,806.46,294.24,171.27,597.52,0.8647,-1,-1,-1
210,6,1095.14,307.95,211.13,540.50,0.8718,-1,-1,-1
210,8,392.34,390.61,148.15,365.80,0.8244,-1,-1,-1
210,22,1002.03,404.84,77.13,216.24,0.5578,-1,-1,-1
210,24,532.31,338.57,175.85,422.71,0.8500,-1,-1,-1
210,13,1731.05,383.03,65.57,83.53,0.4033,-1,-1,-1
210,28,749.64,393.27,71.36,254.64,0.6422,-1,-1,-1
211,2,804.72,294.46,173.26,599.95,0.8700,-1,-1,-1
211,6,1095.89,309.72,211.30,544.00,0.8725,-1,-1,-1
211,8,384.90,389.71,148.68,367.81,0.8251,-1,-1,-1
211,22,1003.50,414.88,74.66,206.10,0.5491,-1,-1,-1
211,24,522.21,331.74,183.72,437.40,0.8324,-1,-1,-1
211,13,1741.27,382.75,56.50,83.40,0.4626,-1,-1,-1
211,28,746.35,393.77,72.13,257.59,0.6484,-1,-1,-1
212,2,799.79,293.07,180.16,600.53,0.8608,-1,-1,-1
212,6,1095.40,313.43,213.45,542.34,0.8651,-1,-1,-1
212,8,377.10,389.25,145.87,374.79,0.8262,-1,-1,-1
212,22,1000.62,407.90,77.56,214.97,0.6690,-1,-1,-1
212,24,507.73,330.76,195.72,446.80,0.8212,-1,-1,-1
212,13,1745.43,387.53,52.83,79.37,0.2426,-1,-1,-1
212,28,743.07,394.62,74.36,259.24,0.6526,-1,-1,-1
213,2,795.39,293.69,182.00,600.65,0.8643,-1,-1,-1
213,6,1094.98,312.30,213.36,545.87,0.8609,-1,-1,-1
213,8,368.46,390.06,149.56,384.43,0.8420,-1,-1,-1
213,22,997.05,404.45,80.52,220.15,0.7170,-1,-1,-1
213,24,504.87,337.05,194.51,446.58,0.8367,-1,-1,-1
213,13,1735.20,390.11,62.09,79.85,0.1898,-1,-1,-1
213,28,740.19,396.07,71.75,262.90,0.6704,-1,-1,-1
214,2,792.74,298.59,183.84,593.07,0.8604,-1,-1,-1
214,6,1096.07,318.24,213.45,545.70,0.8703,-1,-1,-1
214,8,363.92,395.77,150.77,390.34,0.8434,-1,-1,-1
214,22,996.02,410.07,82.58,219.53,0.7443,-1,-1,-1
214,24,503.73,342.62,193.48,449.22,0.8454,-1,-1,-1
214,28,739.17,401.84,70.10,261.42,0.6719,-1,-1,-1
215,2,790.22,294.62,187.35,585.59,0.8647,-1,-1,-1
215,6,1100.22,314.17,211.15,552.74,0.8722,-1,-1,-1
215,8,359.95,395.78,151.02,396.16,0.8483,-1,-1,-1
215,22,995.64,406.85,85.14,221.88,0.7165,-1,-1,-1
215,24,502.20,341.06,194.74,455.28,0.8642,-1,-1,-1
215,28,738.84,400.80,68.95,261.01,0.6942,-1,-1,-1
215,13,1747.03,393.42,56.67,76.82,0.3458,-1,-1,-1
216,2,788.38,292.65,191.10,587.16,0.8661,-1,-1,-1
216,6,1109.48,311.93,203.90,558.32,0.8833,-1,-1,-1
216,8,357.45,396.54,150.53,402.14,0.8469,-1,-1,-1
216,22,1002.26,411.78,81.53,217.95,0.7527,-1,-1,-1
216,24,500.82,338.17,193.85,465.17,0.8709,-1,-1,-1
216,28,741.00,400.68,67.70,260.17,0.6179,-1,-1,-1
216,13,1760.16,396.58,51.38,76.39,0.3599,-1,-1,-1
217,2,787.65,290.96,193.78,588.38,0.8724,-1,-1,-1
217,6,1115.73,309.79,202.12,559.96,0.8829,-1,-1,-1
217,8,355.79,397.08,150.11,403.68,0.8452,-1,-1,-1
217,22,1006.92,415.81,81.09,215.12,0.7734,-1,-1,-1
217,24,500.60,334.46,192.93,473.41,0.8697,-1,-1,-1
217,28,743.16,398.88,67.61,265.73,0.6355,-1,-1,-1
217,13,1768.62,395.06,46.92,77.96,0.3742,-1,-1,-1
218,2,790.71,290.32,194.39,590.85,0.8777,-1,-1,-1
218,6,1123.93,312.00,198.05,555.05,0.8740,-1,-1,-1
218,8,353.83,397.25,155.69,409.31,0.8515,-1,-1,-1
218,22,1011.34,421.97,80.33,209.58,0.7530,-1,-1,-1
218,24,502.25,328.43,190.46,483.54,0.8720,-1,-1,-1
218,28,747.39,397.84,65.92,269.83,0.6781,-1,-1,-1
218,13,1774.74,397.03,48.19,78.10,0.2388,-1,-1,-1
218,29,663.46,399.47,55.65,197.95,0.4529,-1,-1,-1
219,2,795.15,290.84,195.00,591.75,0.8761,-1,-1,-1
219,6,1131.26,313.35,196.60,549.48,0.8746,-1,-1,-1
219,8,353.40,397.08,162.92,414.35,0.8511,-1,-1,-1
219,22,1016.59,420.90,81.16,214.60,0.7158,-1,-1,-1
219,24,506.10,325.02,189.52,488.76,0.8771,-1,-1,-1
219,28,750.83,398.05,66.54,272.65,0.6845,-1,-1,-1
219,13,1783.20,396.24,49.96,80.64,0.3223,-1,-1,-1
219,29,666.66,406.03,56.08,186.74,0.3866,-1,-1,-1
220,2,795.87,294.14,197.44,592.76,0.8704,-1,-1,-1
220,6,1137.11,313.99,196.47,547.08,0.8721,-1,-1,-1
220,8,353.03,395.41,166.96,417.78,0.8581,-1,-1,-1
220,22,1021.01,419.99,81.20,216.13,0.7221,-1,-1,-1
220,24,509.16,322.67,188.86,492.65,0.8668,-1,-1,-1
220,28,751.76,398.24,70.48,273.41,0.6721,-1,-1,-1
220,13,1793.07,395.01,49.00,81.63,0.4106,-1,-1,-1
220,29,666.15,405.55,59.77,179.67,0.5588,-1,-1,-1
221,2,801.15,296.90,198.89,594.98,0.8588,-1,-1,-1
221,6,1145.07,314.58,198.17,546.32,0.8733,-1,-1,-1
221,8,351.98,391.26,170.54,423.46,0.8507,-1,-1,-1
221,22,1026.12,422.36,80.88,215.04,0.7114,-1,-1,-1
221,24,510.38,318.94,188.73,497.71,0.8653,-1,-1,-1
221,28,754.22,396.89,73.90,276.53,0.7017,-1,-1,-1
221,13,1799.18,394.92,51.66,84.64,0.4937,-1,-1,-1
221,29,665.67,404.89,64.08,182.91,0.5404,-1,-1,-1
222,2,807.19,299.29,197.01,597.43,0.8565,-1,-1,-1
222,6,1154.67,317.41,194.25,546.04,0.8892,-1,-1,-1
222,8,351.21,387.75,172.67,428.36,0.8545,-1,-1,-1
222,22,1026.10,423.62,85.68,216.26,0.7129,-1,-1,-1
222,24,511.56,315.82,189.06,503.26,0.8747,-1,-1,-1
222,28,757.52,396.93,76.81,278.16,0.7174,-1,-1,-1
222,13,1810.90,398.58,50.06,82.21,0.4914,-1,-1,-1
222,29,667.58,406.48,68.23,186.20,0.5039,-1,-1,-1
223,2,815.31,301.75,193.95,596.81,0.8709,-1,-1,-1
223,6,1162.74,317.39,191.43,547.55,0.8805,-1,-1,-1
223,8,348.47,385.89,175.55,431.30,0.8502,-1,-1,-1
223,22,1033.55,421.63,80.86,218.59,0.7053,-1,-1,-1
223,24,511.44,312.82,191.55,504.38,0.8739,-1,-1,-1
223,28,759.99,395.85,79.09,279.75,0.7205,-1,-1,-1
223,13,1817.13,396.61,52.13,84.89,0.4956,-1,-1,-1
223,29,668.67,407.00,70.62,189.11,0.5438,-1,-1,-1
223,31,1432.58,523.87,157.30,334.49,0.3560,-1,-1,-1
224,2,821.96,304.35,193.88,594.68,0.8797,-1,-1,-1
224,6,1169.38,313.55,189.48,553.53,0.8860,-1,-1,-1
224,8,347.29,384.76,174.93,432.78,0.8486,-1,-1,-1
224,22,1038.43,419.79,80.80,219.17,0.7570,-1,-1,-1
224,24,509.96,306.60,195.12,512.60,0.8762,-1,-1,-1
224,28,761.47,393.57,82.10,284.63,0.8185,-1,-1,-1
224,13,1823.18,395.47,55.46,87.56,0.4427,-1,-1,-1
224,29,670.83,406.74,70.82,193.97,0.4122,-1,-1,-1
224,31,1443.38,531.05,147.46,327.22,0.4129,-1,-1,-1
225,2,826.32,304.19,198.37,594.15,0.8805,-1,-1,-1
225,6,1175.96,313.55,188.79,555.08,0.8826,-1,-1,-1
225,8,346.71,383.88,170.96,435.76,0.8528,-1,-1,-1
225,22,1040.10,420.63,81.59,216.95,0.7668,-1,-1,-1
225,24,507.57,301.19,199.78,523.59,0.8706,-1,-1,-1
225,28,761.46,393.01,87.05,286.76,0.8125,-1,-1,-1
225,13,1833.64,397.34,54.19,85.02,0.4404,-1,-1,-1
225,29,672.12,405.10,70.31,199.83,0.5325,-1,-1,-1
225,31,1446.72,534.42,149.88,327.64,0.1730,-1,-1,-1
226,2,834.41,302.74,196.62,589.49,0.8722,-1,-1,-1
226,6,1179.94,313.50,187.39,557.65,0.8713,-1,-1,-1
226,8,341.27,381.96,171.15,438.98,0.8616,-1,-1,-1
226,22,1039.79,422.26,82.48,214.30,0.7552,-1,-1,-1
226,24,500.96,299.63,206.08,532.37,0.8715,-1,-1,-1
226,28,760.57,393.27,92.74,288.25,0.7939,-1,-1,-1
226,13,1837.03,395.93,58.03,86.90,0.6333,-1,-1,-1
226,29,671.79,405.37,72.12,210.56,0.6473,-1,-1,-1
226,31,1449.56,537.74,171.31,329.20,0.2226,-1,-1,-1
227,2,837.35,301.95,197.49,582.18,0.8734,-1,-1,-1
227,6,1182.97,314.24,187.93,558.63,0.8637,-1,-1,-1
227,8,334.70,379.38,171.70,447.36,0.8501,-1,-1,-1
227,22,1041.07,425.59,84.90,209.85,0.7622,-1,-1,-1
227,24,493.91,296.39,211.36,544.36,0.8762,-1,-1,-1
227,28,756.62,393.29,99.37,290.42,0.7858,-1,-1,-1
227,13,1839.51,397.39,62.55,86.06,0.4285,-1,-1,-1
227,29,671.09,404.05,73.62,216.53,0.6701,-1,-1,-1
227,31,1461.77,522.63,156.09,349.27,0.2178,-1,-1,-1
228,2,840.22,299.66,196.25,592.30,0.8665,-1,-1,-1
228,6,1184.83,314.96,187.21,562.74,0.8641,-1,-1,-1
228,8,329.70,373.53,165.96,460.05,0.8495,-1,-1,-1
228,22,1042.52,421.88,85.49,212.65,0.7660,-1,-1,-1
228,24,477.84,292.17,225.72,553.37,0.8746,-1,-1,-1
228,28,754.52,392.97,103.84,293.10,0.7976,-1,-1,-1
228,13,1841.86,397.69,65.35,85.66,0.3614,-1,-1,-1
228,29,667.37,401.79,77.82,224.40,0.6483,-1,-1,-1
228,31,1467.75,526.71,147.59,347.11,0.2627,-1,-1,-1
229,2,846.32,297.76,191.63,592.74,0.8580,-1,-1,-1
229,6,1185.29,316.38,186.95,565.14,0.8663,-1,-1,-1
229,8,321.84,370.02,163.73,471.51,0.8457,-1,-1,-1
229,22,1045.44,421.36,83.89,212.90,0.7606,-1,-1,-1
229,24,471.52,290.57,228.04,557.09,0.8691,-1,-1,-1
229,28,753.91,393.58,104.38,296.02,0.8024,-1,-1,-1
229,13,1846.97,397.23,63.30,88.04,0.4351,-1,-1,-1
229,29,663.53,401.56,80.75,227.21,0.6378,-1,-1,-1
229,31,1468.47,532.82,147.02,342.48,0.2969,-1,-1,-1
230,2,852.88,297.94,188.16,585.85,0.8512,-1,-1,-1
230,6,1186.12,317.28,186.52,565.72,0.8678,-1,-1,-1
230,8,310.22,370.87,171.56,481.04,0.8695,-1,-1,-1
230,22,1047.65,420.44,81.58,215.18,0.7607,-1,-1,-1
230,24,455.93,290.35,239.63,566.64,0.8505,-1,-1,-1
230,28,753.99,395.67,103.72,297.81,0.8084,-1,-1,-1
230,13,1849.88,399.04,65.07,89.02,0.4775,-1,-1,-1
230,29,658.93,399.65,85.06,231.70,0.6840,-1,-1,-1
230,31,1476.73,526.80,139.02,352.03,0.1987,-1,-1,-1
231,2,859.39,298.51,183.02,578.25,0.8568,-1,-1,-1
231,6,1185.28,316.60,186.61,567.59,0.8616,-1,-1,-1
231,8,296.06,374.20,176.01,483.25,0.8448,-1,-1,-1
231,22,1047.33,418.09,80.97,217.99,0.7493,-1,-1,-1
231,24,444.98,288.40,246.99,579.50,0.8316,-1,-1,-1
231,28,753.44,395.78,103.44,300.42,0.8187,-1,-1,-1
231,13,1850.91,401.13,66.37,89.39,0.5359,-1,-1,-1
231,29,653.22,398.44,90.16,242.30,0.6945,-1,-1,-1
231,31,1480.07,519.80,136.72,362.38,0.2671,-1,-1,-1
232,2,861.86,298.79,180.29,575.15,0.8498,-1,-1,-1
232,6,1183.28,316.83,186.42,570.41,0.8623,-1,-1,-1
232,8,278.60,373.06,177.86,493.00,0.8270,-1,-1,-1
232,22,1045.04,421.04,79.91,215.93,0.7543,-1,-1,-1
232,24,436.71,287.09,246.37,589.02,0.8570,-1,-1,-1
232,28,749.42,399.17,103.57,301.06,0.8367,-1,-1,-1
232,13,1851.52,402.86,66.02,90.81,0.5294,-1,-1,-1
232,29,646.44,398.68,93.11,260.39,0.7756,-1,-1,-1
232,31,1473.55,491.72,143.95,396.55,0.3152,-1,-1,-1
233,2,857.80,301.52,182.20,580.42,0.8623,-1,-1,-1
233,6,1179.73,318.73,188.67,575.71,0.8610,-1,-1,-1
233,8,257.32,371.47,188.98,507.17,0.8720,-1,-1,-1
233,22,1042.20,422.55,79.84,218.79,0.7542,-1,-1,-1
233,24,425.83,285.19,247.42,603.45,0.8818,-1,-1,-1
233,28,737.84,397.15,109.92,305.99,0.8273,-1,-1,-1
233,13,1850.04,407.77,66.90,89.40,0.5329,-1,-1,-1
233,29,637.59,404.05,95.58,274.87,0.7755,-1,-1,-1
233,31,1471.83,492.59,141.39,402.80,0.1945,-1,-1,-1
234,2,856.42,302.91,183.31,583.32,0.8706,-1,-1,-1
234,6,1174.38,321.27,192.17,575.76,0.8715,-1,-1,-1
234,8,246.16,368.74,190.24,519.87,0.8782,-1,-1,-1
234,22,1037.06,425.60,80.71,218.37,0.7212,-1,-1,-1
234,24,411.85,281.35,245.80,615.34,0.8917,-1,-1,-1
234,28,733.72,393.30,109.24,311.33,0.8218,-1,-1,-1
234,13,1848.37,411.64,67.09,86.56,0.4890,-1,-1,-1
234,29,630.29,404.07,97.46,285.38,0.7805,-1,-1,-1
234,31,1457.18,489.94,156.22,407.73,0.2203,-1,-1,-1
235,2,855.46,303.53,184.35,587.09,0.8744,-1,-1,-1
235,6,1166.04,320.92,197.03,577.68,0.8778,-1,-1,-1
235,8,231.95,364.41,191.17,532.31,0.8849,-1,-1,-1
235,22,1036.14,426.12,79.42,217.79,0.7091,-1,-1,-1
235,24,396.47,274.13,248.65,626.26,0.8765,-1,-1,-1
235,28,724.01,391.52,111.42,314.48,0.8087,-1,-1,-1
235,13,1849.86,413.23,65.64,86.47,0.4452,-1,-1,-1
235,29,623.73,404.13,96.64,291.10,0.7868,-1,-1,-1
236,2,856.50,306.36,182.05,589.02,0.8761,-1,-1,-1
236,6,1159.14,322.94,202.11,577.49,0.8717,-1,-1,-1
236,8,218.64,362.82,194.03,537.88,0.8437,-1,-1,-1
236,22,1032.82,428.32,81.20,215.06,0.6684,-1,-1,-1
236,24,385.90,269.94,245.29,635.85,0.8691,-1,-1,-1
236,28,720.69,391.92,110.44,318.65,0.7960,-1,-1,-1
236,13,1850.31,415.71,65.80,85.94,0.5010,-1,-1,-1
236,29,614.27,405.42,100.21,301.24,0.8306,-1,-1,-1
237,2,857.77,310.47,178.42,589.00,0.8785,-1,-1,-1
237,6,1154.12,324.76,206.47,573.04,0.8787,-1,-1,-1
237,8,204.32,360.78,197.66,543.99,0.8653,-1,-1,-1
237,22,1033.49,428.21,78.14,218.22,0.6898,-1,-1,-1
237,24,375.19,265.98,243.96,643.53,0.8656,-1,-1,-1
237,28,710.93,392.83,116.42,322.00,0.7995,-1,-1,-1
237,13,1849.41,416.91,66.68,87.52,0.5013,-1,-1,-1
237,29,607.04,406.15,99.99,306.24,0.7909,-1,-1,-1
238,2,857.63,312.60,175.22,591.73,0.8762,-1,-1,-1
238,6,1148.84,328.28,211.58,566.71,0.8779,-1,-1,-1
238,8,190.11,353.95,198.70,555.85,0.8589,-1,-1,-1
238,22,1034.79,427.78,75.47,221.10,0.5364,-1,-1,-1
238,24,360.99,261.03,242.06,656.56,0.8687,-1,-1,-1
238,28,710.36,389.79,114.68,326.54,0.8140,-1,-1,-1
238,13,1847.45,417.08,68.47,90.50,0.5429,-1,-1,-1
238,29,598.89,406.52,102.69,308.88,0.7958,-1,-1,-1
239,2,856.21,317.09,173.55,591.25,0.8673,-1,-1,-1
239,6,1145.21,328.39,212.79,565.01,0.8812,-1,-1,-1
239,8,175.71,350.40,195.52,565.22,0.8869,-1,-1,-1
239,22,1031.76,427.44,72.50,224.40,0.5563,-1,-1,-1
239,24,340.61,257.58,251.99,663.50,0.8638,-1,-1,-1
239,28,702.45,388.18,118.04,330.78,0.8320,-1,-1,-1
239,13,1846.85,418.70,67.09,91.21,0.5650,-1,-1,-1
239,29,591.94,405.61,102.41,313.73,0.7612,-1,-1,-1
240,2,851.60,321.67,170.51,590.19,0.8587,-1,-1,-1
240,6,1137.09,328.21,217.23,567.13,0.8883,-1,-1,-1
240,8,154.62,346.44,202.44,574.85,0.8436,-1,-1,-1
240,22,1029.60,431.94,73.16,227.26,0.5882,-1,-1,-1
240,24,313.79,253.20,273.03,671.44,0.8766,-1,-1,-1
240,28,696.48,387.97,119.40,334.49,0.8188,-1,-1,-1
240,13,1842.34,420.97,68.22,92.27,0.5895,-1,-1,-1
240,29,586.42,406.79,102.11,316.01,0.7662,-1,-1,-1
241,2,845.63,323.51,168.39,589.61,0.8660,-1,-1,-1
241,6,1131.83,327.34,217.69,569.98,0.8763,-1,-1,-1
241,8,137.06,346.22,206.25,576.31,0.8462,-1,-1,-1
241,22,1021.07,428.94,78.03,226.78,0.5000,-1,-1,-1
241,24,302.70,250.05,268.90,678.34,0.8830,-1,-1,-1
241,28,690.88,388.99,121.02,335.71,0.8160,-1,-1,-1
241,13,1840.17,423.77,68.29,89.92,0.4501,-1,-1,-1
241,29,578.01,407.04,102.82,322.86,0.8256,-1,-1,-1
242,2,836.30,324.31,169.01,588.86,0.8502,-1,-1,-1
242,6,1128.28,327.92,217.20,570.30,0.8683,-1,-1,-1
242,8,105.75,341.29,224.29,588.60,0.8460,-1,-1,-1
242,22,1013.60,425.48,78.39,231.53,0.5248,-1,-1,-1
242,24,283.32,245.74,277.93,693.16,0.8867,-1,-1,-1
242,28,682.58,389.11,122.45,338.42,0.8131,-1,-1,-1
242,13,1831.67,422.12,74.23,92.89,0.4367,-1,-1,-1
242,29,568.80,404.86,103.78,328.63,0.8343,-1,-1,-1
243,2,827.01,321.16,172.65,590.91,0.8413,-1,-1,-1
243,6,1123.54,328.99,215.93,571.33,0.8705,-1,-1,-1
243,8,83.42,338.98,231.06,597.32,0.8169,-1,-1,-1
243,22,1007.81,425.87,78.50,239.38,0.5490,-1,-1,-1
243,24,253.73,241.82,298.10,714.27,0.8872,-1,-1,-1
243,28,678.76,389.37,118.71,342.67,0.8162,-1,-1,-1
243,13,1826.53,420.96,72.78,93.98,0.5535,-1,-1,-1
243,29,555.39,403.65,110.77,332.09,0.8130,-1,-1,-1
243,31,1441.56,473.80,159.95,425.30,0.4277,-1,-1,-1
244,2,817.48,318.89,176.84,591.42,0.8402,-1,-1,-1
244,6,1117.56,331.36,216.54,571.07,0.8608,-1,-1,-1
244,8,64.34,336.56,233.56,621.03,0.8241,-1,-1,-1
244,22,1004.33,425.81,78.75,236.69,0.6818,-1,-1,-1
244,24,222.18,237.47,319.58,748.41,0.8654,-1,-1,-1
244,28,674.14,391.52,115.81,343.27,0.8384,-1,-1,-1
244,13,1823.11,420.95,71.74,92.91,0.5693,-1,-1,-1
244,29,544.20,401.44,113.91,338.28,0.7688,-1,-1,-1
244,31,1430.64,476.39,170.57,424.54,0.1545,-1,-1,-1
245,2,805.32,317.73,182.49,587.73,0.8471,-1,-1,-1
245,6,1113.32,332.63,216.20,571.24,0.8653,-1,-1,-1
245,8,29.92,335.52,250.08,633.96,0.8574,-1,-1,-1
245,22,1002.02,416.49,76.98,241.03,0.5801,-1,-1,-1
245,24,202.47,235.80,328.16,752.25,0.8577,-1,-1,-1
245,28,666.14,392.82,117.82,345.82,0.8309,-1,-1,-1
245,13,1820.65,421.53,69.59,92.75,0.5656,-1,-1,-1
245,29,532.41,399.64,115.46,345.15,0.7876,-1,-1,-1
245,31,1418.66,481.38,177.52,425.04,0.2293,-1,-1,-1
246,2,795.02,317.12,189.90,580.56,0.8484,-1,-1,-1
246,6,1108.98,333.21,217.98,572.89,0.8729,-1,-1,-1
246,8,11.99,334.23,248.46,643.68,0.8509,-1,-1,-1
246,22,998.30,417.54,75.63,235.17,0.6104,-1,-1,-1
246,24,182.77,232.97,339.01,789.30,0.8851,-1,-1,-1
246,28,654.91,392.38,121.93,352.01,0.8208,-1,-1,-1
246,13,1817.86,421.62,68.52,92.29,0.5319,-1,-1,-1
246,29,520.96,398.09,120.55,350.77,0.8028,-1,-1,-1
246,31,1411.48,482.76,178.93,427.65,0.2368,-1,-1,-1
247,2,788.50,317.26,194.12,577.45,0.8436,-1,-1,-1
247,6,1104.42,335.27,220.27,573.63,0.8730,-1,-1,-1
247,8,-3.61,335.12,248.42,656.42,0.8650,-1,-1,-1
247,22,994.48,427.12,74.75,225.65,0.5132,-1,-1,-1
247,24,151.85,230.25,357.73,811.19,0.8751,-1,-1,-1
247,28,646.41,393.28,125.76,355.64,0.8229,-1,-1,-1
247,13,1811.77,421.14,69.79,92.68,0.5253,-1,-1,-1
247,29,512.42,398.49,119.50,358.69,0.7664,-1,-1,-1
247,31,1408.97,490.79,177.85,425.02,0.2175,-1,-1,-1
248,2,782.88,320.32,201.12,576.66,0.8274,-1,-1,-1
248,6,1099.77,336.69,221.93,580.44,0.8770,-1,-1,-1
248,8,-8.28,336.39,240.46,674.93,0.8501,-1,-1,-1
248,22,991.59,426.54,73.17,234.98,0.4324,-1,-1,-1
248,24,117.79,230.27,379.88,816.03,0.8777,-1,-1,-1
248,28,639.77,397.14,126.11,358.38,0.7828,-1,-1,-1
248,13,1814.39,424.67,61.97,92.08,0.3506,-1,-1,-1
248,29,504.54,400.51,117.84,366.14,0.8088,-1,-1,-1
248,31,1406.72,488.24,174.47,430.60,0.2693,-1,-1,-1
249,2,778.50,323.07,197.89,577.82,0.8298,-1,-1,-1
249,6,1099.60,338.92,220.52,585.22,0.8771,-1,-1,-1
249,8,-9.40,349.15,217.11,686.25,0.8294,-1,-1,-1
249,22,988.34,436.03,72.51,241.48,0.3225,-1,-1,-1
249,24,95.19,227.25,386.24,835.48,0.8828,-1,-1,-1
249,28,631.93,397.05,130.50,366.03,0.7803,-1,-1,-1
249,13,1807.09,425.51,68.19,91.53,0.4907,-1,-1,-1
249,29,496.37,403.36,121.97,375.85,0.7965,-1,-1,-1
249,31,1407.47,483.61,172.41,435.88,0.3770,-1,-1,-1
249,34,940.59,370.52,66.34,378.53,0.5874,-1,-1,-1
250,2,775.49,322.72,197.86,581.53,0.8365,-1,-1,-1
250,6,1100.76,339.75,219.58,588.18,0.8789,-1,-1,-1
250,8,-7.20,346.03,195.82,714.72,0.8307,-1,-1,-1
250,22,986.93,447.39,68.63,280.38,0.1913,-1,-1,-1
250,24,79.29,222.87,388.12,849.33,0.8588,-1,-1,-1
250,28,628.43,397.00,132.15,371.93,0.8157,-1,-1,-1
250,13,1809.89,426.18,66.82,90.75,0.3875,-1,-1,-1
250,29,492.32,406.29,121.97,380.88,0.7873,-1,-1,-1
250,31,1409.09,481.33,171.53,439.28,0.2035,-1,-1,-1
250,34,937.88,373.05,70.75,378.60,0.5603,-1,-1,-1
251,2,773.99,326.52,196.79,584.77,0.8483,-1,-1,-1
251,6,1102.25,339.92,218.18,591.73,0.8795,-1,-1,-1
251,8,-5.88,342.29,180.25,730.08,0.8394,-1,-1,-1
251,22,984.33,454.30,71.89,290.87,0.3731,-1,-1,-1
251,24,68.63,218.69,382.16,859.81,0.8853,-1,-1,-1
251,28,625.03,398.92,134.01,376.15,0.8168,-1,-1,-1
251,13,1809.85,428.90,69.28,88.47,0.3560,-1,-1,-1
251,29,486.29,411.54,126.17,383.35,0.8384,-1,-1,-1
251,31,1409.76,488.41,171.67,441.16,0.2019,-1,-1,-1
251,34,938.57,372.82,68.56,382.14,0.4819,-1,-1,-1
252,2,773.47,329.23,193.01,589.23,0.8510,-1,-1,-1
252,6,1103.35,341.69,217.33,592.11,0.8808,-1,-1,-1
252,8,-4.17,340.29,162.61,736.18,0.8275,-1,-1,-1
252,22,983.50,452.42,70.09,303.13,0.2919,-1,-1,-1
252,24,62.70,213.17,373.50,866.84,0.8886,-1,-1,-1
252,28,614.31,400.15,142.76,380.01,0.8205,-1,-1,-1
252,13,1807.68,430.33,75.37,88.15,0.3162,-1,-1,-1
252,29,479.21,413.84,131.69,386.09,0.8332,-1,-1,-1
252,34,936.99,364.23,74.77,393.41,0.4320,-1,-1,-1
253,2,772.81,329.78,192.49,594.94,0.8523,-1,-1,-1
253,6,1107.41,340.61,215.96,595.00,0.8715,-1,-1,-1
253,8,-3.53,337.26,144.16,742.29,0.8348,-1,-1,-1
253,22,961.72,438.62,92.16,321.03,0.3776,-1,-1,-1
253,24,61.30,204.69,361.03,870.75,0.9057,-1,-1,-1
253,28,604.61,397.98,150.80,380.46,0.8345,-1,-1,-1
253,13,1811.69,427.10,73.68,88.70,0.3176,-1,-1,-1
253,29,472.82,413.21,135.89,390.79,0.8361,-1,-1,-1
253,34,933.83,368.47,78.84,388.16,0.4851,-1,-1,-1
254,2,774.27,333.65,194.19,595.62,0.8485,-1,-1,-1
254,6,1111.62,340.38,213.14,593.41,0.8703,-1,-1,-1
254,8,-1.35,337.55,127.18,741.86,0.8302,-1,-1,-1
254,22,950.32,408.85,105.14,357.33,0.6337,-1,-1,-1
254,24,49.57,199.02,357.52,875.83,0.9119,-1,-1,-1
254,28,602.68,399.19,153.57,381.56,0.8475,-1,-1,-1
254,13,1816.97,425.72,71.61,83.73,0.3261,-1,-1,-1
254,29,470.00,416.27,135.94,395.99,0.8382,-1,-1,-1
254,34,940.60,384.61,102.06,379.13,0.6337,-1,-1,-1
255,2,776.77,337.89,198.59,594.11,0.8591,-1,-1,-1
255,6,1115.71,338.73,213.82,591.43,0.8780,-1,-1,-1
255,8,-0.26,334.81,108.82,744.49,0.7593,-1,-1,-1
255,22,946.94,400.48,115.73,369.05,0.6908,-1,-1,-1
255,24,33.49,190.55,363.87,885.43,0.9113,-1,-1,-1
255,28,600.93,399.48,156.64,384.37,0.8397,-1,-1,-1
255,13,1821.27,423.55,74.39,88.63,0.4647,-1,-1,-1
255,29,468.58,416.73,135.71,400.76,0.8349,-1,-1,-1
255,34,944.69,393.95,115.54,372.69,0.6908,-1,-1,-1
256,2,783.91,344.74,194.87,590.29,0.8654,-1,-1,-1
256,6,1121.00,340.83,215.25,586.23,0.8771,-1,-1,-1
256,8,0.31,334.44,94.09,742.87,0.7023,-1,-1,-1
256,22,948.09,397.16,124.50,375.24,0.6649,-1,-1,-1
256,24,16.76,181.07,373.05,897.02,0.9072,-1,-1,-1
256,28,597.98,401.47,162.08,388.15,0.8378,-1,-1,-1
256,13,1823.84,424.10,81.39,91.44,0.5409,-1,-1,-1
256,29,466.69,416.54,139.29,407.11,0.8294,-1,-1,-1
256,34,948.93,397.05,125.60,372.32,0.6649,-1,-1,-1
257,2,789.87,350.48,194.47,584.58,0.8737,-1,-1,-1
257,6,1127.53,341.56,214.02,581.17,0.8827,-1,-1,-1
257,8,0.21,397.12,81.89,674.34,0.5350,-1,-1,-1
257,22,952.16,412.66,128.14,361.71,0.5355,-1,-1,-1
257,24,6.47,178.74,374.56,894.79,0.9080,-1,-1,-1
257,28,596.33,401.07,163.47,395.40,0.8298,-1,-1,-1
257,13,1830.79,425.01,78.97,92.44,0.3616,-1,-1,-1
257,29,465.00,416.18,140.95,412.14,0.8237,-1,-1,-1
257,34,954.16,416.01,129.70,355.44,0.5355,-1,-1,-1
258,2,796.28,350.51,191.76,584.39,0.8658,-1,-1,-1
258,6,1134.01,340.49,212.01,580.89,0.8778,-1,-1,-1
258,8,0.14,432.05,63.75,626.06,0.2449,-1,-1,-1
258,22,957.94,430.64,128.19,342.94,0.5041,-1,-1,-1
258,24,-0.81,173.41,375.31,897.60,0.9188,-1,-1,-1
258,28,594.17,400.41,165.10,403.60,0.8383,-1,-1,-1
258,13,1829.62,421.82,85.09,95.19,0.4481,-1,-1,-1
258,29,463.94,413.60,139.28,415.51,0.8267,-1,-1,-1
258,34,960.26,435.21,129.80,335.61,0.5041,-1,-1,-1
259,2,800.30,350.88,190.99,586.12,0.8702,-1,-1,-1
259,6,1139.11,340.41,209.43,581.03,0.8936,-1,-1,-1
259,22,961.33,427.52,127.89,346.70,0.5852,-1,-1,-1
259,24,-4.01,167.72,373.74,902.22,0.9222,-1,-1,-1
259,28,588.88,403.01,169.60,403.75,0.8511,-1,-1,-1
259,13,1843.60,421.77,75.27,94.40,0.4243,-1,-1,-1
259,29,459.87,410.53,138.28,416.32,0.8326,-1,-1,-1
259,34,963.61,431.10,129.39,340.68,0.5852,-1,-1,-1
260,2,804.46,348.97,191.39,587.66,0.8502,-1,-1,-1
260,6,1144.96,340.01,206.16,585.75,0.8958,-1,-1,-1
260,22,973.33,430.09,119.82,342.13,0.5951,-1,-1,-1
260,24,-4.84,159.63,369.51,910.83,0.9303,-1,-1,-1
260,28,584.71,407.19,173.57,403.24,0.8413,-1,-1,-1
260,13,1850.85,423.00,69.59,93.85,0.3697,-1,-1,-1
260,29,454.05,407.82,141.57,421.36,0.8237,-1,-1,-1
260,34,975.45,433.39,121.19,336.48,0.5951,-1,-1,-1
261,2,814.24,345.34,185.57,578.40,0.8508,-1,-1,-1
261,6,1148.56,339.92,204.30,588.26,0.9040,-1,-1,-1
261,22,975.48,430.25,120.60,343.44,0.6729,-1,-1,-1
261,24,-4.93,150.99,363.06,921.05,0.9334,-1,-1,-1
261,28,584.60,409.48,171.73,405.95,0.8246,-1,-1,-1
261,13,1853.72,423.60,66.98,94.44,0.3956,-1,-1,-1
261,29,449.98,404.48,143.61,425.35,0.8190,-1,-1,-1
261,34,977.37,433.08,121.74,338.59,0.6729,-1,-1,-1
261,36,784.29,455.07,56.37,203.12,0.5754,-1,-1,-1
262,2,821.01,342.62,182.02,570.86,0.8615,-1,-1,-1
262,6,1151.97,339.38,203.34,590.36,0.9056,-1,-1,-1
262,22,976.77,428.89,123.14,345.43,0.6620,-1,-1,-1
262,24,-4.52,142.86,353.70,930.28,0.9328,-1,-1,-1
262,28,589.13,410.40,162.96,409.11,0.7840,-1,-1,-1
262,13,1859.73,423.09,60.96,95.07,0.4686,-1,-1,-1
262,29,445.82,403.16,144.16,432.19,0.8476,-1,-1,-1
262,34,978.51,431.32,124.15,341.20,0.6620,-1,-1,-1
262,36,784.10,455.24,58.06,206.90,0.5739,-1,-1,-1
263,2,826.22,341.14,176.99,566.12,0.8498,-1,-1,-1
263,6,1156.01,337.20,202.22,593.35,0.9056,-1,-1,-1
263,22,982.00,426.51,122.76,347.49,0.6633,-1,-1,-1
263,24,-4.03,130.75,341.82,941.80,0.9310,-1,-1,-1
263,28,588.56,408.05,157.04,417.37,0.7173,-1,-1,-1
263,13,1863.94,422.98,56.44,94.27,0.3669,-1,-1,-1
263,29,440.38,400.25,144.52,439.55,0.8474,-1,-1,-1
263,34,983.57,428.61,123.67,343.78,0.6633,-1,-1,-1
263,36,784.18,451.95,60.44,211.57,0.5934,-1,-1,-1
264,2,827.10,339.71,176.04,564.06,0.8389,-1,-1,-1
264,6,1158.71,335.55,202.20,595.43,0.8980,-1,-1,-1
264,22,983.35,421.72,129.38,352.82,0.6280,-1,-1,-1
264,24,-3.45,122.15,327.96,948.53,0.9193,-1,-1,-1
264,28,585.76,404.28,154.08,424.35,0.7753,-1,-1,-1
264,13,1865.85,420.62,48.43,93.88,0.3383,-1,-1,-1
264,29,428.81,395.22,154.15,452.65,0.8480,-1,-1,-1
264,34,984.75,423.51,130.16,349.62,0.6280,-1,-1,-1
264,36,786.25,448.86,59.58,216.22,0.6361,-1,-1,-1
265,2,829.88,331.67,171.03,567.07,0.8413,-1,-1,-1
265,6,1160.02,333.43,202.68,597.78,0.8975,-1,-1,-1
265,22,992.33,414.96,127.66,357.20,0.7843,-1,-1,-1
265,24,-2.99,113.26,310.28,954.95,0.8963,-1,-1,-1
265,28,585.16,397.28,146.47,428.77,0.7813,-1,-1,-1
265,13,1868.71,419.43,49.29,94.78,0.3797,-1,-1,-1
265,29,416.81,393.44,161.71,456.62,0.8462,-1,-1,-1
265,34,993.61,416.51,128.40,354.37,0.7843,-1,-1,-1
265,36,786.37,444.98,61.66,226.67,0.6927,-1,-1,-1
266,2,832.66,325.51,168.68,573.97,0.8497,-1,-1,-1
266,6,1161.40,331.42,202.54,600.85,0.8977,-1,-1,-1
266,22,996.02,409.47,136.24,360.33,0.7646,-1,-1,-1
266,24,-2.23,114.24,287.45,948.52,0.8294,-1,-1,-1
266,28,576.95,390.98,149.85,429.68,0.7628,-1,-1,-1
266,13,1875.78,419.09,43.46,95.27,0.4603,-1,-1,-1
266,29,407.41,394.85,161.14,457.50,0.8253,-1,-1,-1
266,34,997.15,410.83,136.87,357.82,0.7646,-1,-1,-1
266,36,786.02,443.24,64.66,230.28,0.7495,-1,-1,-1
267,2,836.66,323.03,165.32,577.21,0.8437,-1,-1,-1
267,6,1163.21,329.93,202.56,603.06,0.8953,-1,-1,-1
267,22,1004.30,405.66,134.15,361.14,0.7734,-1,-1,-1
267,24,-1.87,194.79,259.28,862.19,0.8196,-1,-1,-1
267,28,554.51,381.87,169.24,441.95,0.8281,-1,-1,-1
267,13,1881.60,418.30,38.03,95.06,0.4993,-1,-1,-1
267,29,403.13,390.28,156.48,464.85,0.8341,-1,-1,-1
267,34,1005.34,406.87,134.74,358.90,0.7734,-1,-1,-1
267,36,786.23,441.90,67.36,235.04,0.7603,-1,-1,-1
268,2,842.42,323.11,158.12,579.14,0.8448,-1,-1,-1
268,6,1163.95,327.98,202.79,604.62,0.8972,-1,-1,-1
268,22,1009.59,403.42,132.26,363.55,0.8021,-1,-1,-1
268,24,-1.34,225.88,220.05,784.40,0.8356,-1,-1,-1
268,28,551.08,375.53,169.35,450.86,0.8386,-1,-1,-1
268,13,1884.15,416.66,35.43,95.63,0.4883,-1,-1,-1
268,29,400.32,389.07,154.87,469.69,0.8424,-1,-1,-1
268,34,1010.51,404.49,132.78,361.57,0.8021,-1,-1,-1
268,36,785.60,440.92,70.80,237.39,0.7925,-1,-1,-1
269,2,846.55,323.16,151.97,579.42,0.8459,-1,-1,-1
269,6,1163.29,324.66,203.33,610.41,0.8879,-1,-1,-1
269,22,1005.35,400.18,139.72,370.27,0.7271,-1,-1,-1
269,24,-1.15,224.49,187.74,806.72,0.8225,-1,-1,-1
269,28,546.96,364.86,168.30,461.53,0.8324,-1,-1,-1
269,13,1885.35,413.44,33.75,98.30,0.4548,-1,-1,-1
269,29,393.66,380.92,156.02,480.40,0.8692,-1,-1,-1
269,34,1006.17,401.14,140.16,368.55,0.7271,-1,-1,-1
269,36,784.44,438.08,71.40,237.25,0.7773,-1,-1,-1
270,2,836.44,319.73,162.00,581.65,0.8153,-1,-1,-1
270,6,1162.03,318.84,203.08,614.48,0.8820,-1,-1,-1
270,22,1003.64,396.28,145.26,373.63,0.6430,-1,-1,-1
270,24,-1.14,222.15,156.37,606.39,0.5931,-1,-1,-1
270,28,542.13,353.30,171.00,471.70,0.8410,-1,-1,-1
270,13,1887.67,410.49,31.19,100.23,0.3747,-1,-1,-1
270,29,385.04,371.67,161.77,488.74,0.8760,-1,-1,-1
270,34,1004.39,397.14,145.67,372.08,0.6430,-1,-1,-1
270,36,782.73,434.36,71.76,235.01,0.7538,-1,-1,-1
271,2,833.89,319.58,163.01,579.58,0.7982,-1,-1,-1
271,6,1161.25,316.11,202.38,612.63,0.8905,-1,-1,-1
271,22,1008.01,395.12,141.43,375.10,0.7602,-1,-1,-1
271,24,-0.62,220.40,128.44,583.67,0.4006,-1,-1,-1
271,28,536.06,347.74,174.45,475.53,0.8421,-1,-1,-1
271,13,1890.48,405.93,28.25,103.40,0.3266,-1,-1,-1
271,29,375.54,365.13,168.23,494.99,0.8748,-1,-1,-1
271,34,1008.68,395.89,141.81,373.72,0.7602,-1,-1,-1
271,36,780.80,430.65,72.14,233.73,0.7620,-1,-1,-1
272,2,837.05,317.00,152.49,577.27,0.8417,-1,-1,-1
272,6,1159.12,309.71,200.67,611.45,0.8949,-1,-1,-1
272,22,1008.56,392.18,139.74,374.49,0.7889,-1,-1,-1
272,24,-0.98,239.07,99.49,566.39,0.3171,-1,-1,-1
272,28,529.23,342.75,175.18,478.66,0.8576,-1,-1,-1
272,13,1887.86,402.97,30.45,102.31,0.3504,-1,-1,-1
272,29,359.34,353.14,170.90,505.81,0.8721,-1,-1,-1
272,34,1009.14,392.88,140.07,373.26,0.7889,-1,-1,-1
272,36,776.35,425.23,72.37,230.48,0.7922,-1,-1,-1
273,2,831.84,315.79,152.90,572.86,0.8369,-1,-1,-1
273,6,1155.32,304.79,200.46,610.34,0.8988,-1,-1,-1
273,22,1007.15,390.04,139.20,375.78,0.7886,-1,-1,-1
273,28,522.92,338.14,173.34,480.52,0.8675,-1,-1,-1
273,13,1883.28,397.80,34.75,103.73,0.4527,-1,-1,-1
273,29,343.66,343.84,170.80,512.77,0.8804,-1,-1,-1
273,34,1007.67,390.66,139.49,374.69,0.7886,-1,-1,-1
273,36,769.33,419.27,74.11,229.27,0.7440,-1,-1,-1
273,39,960.80,359.33,67.44,397.89,0.3743,-1,-1,-1
273,40,703.40,449.79,44.10,138.84,0.3991,-1,-1,-1
274,2,826.68,307.98,153.52,575.77,0.8516,-1,-1,-1
274,6,1150.56,300.74,202.36,606.51,0.8961,-1,-1,-1
274,22,1000.23,386.36,144.33,378.46,0.7954,-1,-1,-1
274,28,516.86,332.95,179.10,488.47,0.8621,-1,-1,-1
274,13,1880.07,391.22,37.53,107.24,0.4736,-1,-1,-1
274,29,331.21,333.85,168.27,518.43,0.8697,-1,-1,-1
274,34,1000.69,386.91,144.58,377.51,0.7954,-1,-1,-1
274,36,765.06,412.94,72.66,238.51,0.7061,-1,-1,-1
274,40,699.30,444.14,42.46,139.33,0.4361,-1,-1,-1
275,2,815.38,301.64,163.23,575.37,0.8570,-1,-1,-1
275,6,1141.26,294.37,208.90,601.99,0.8891,-1,-1,-1
275,22,990.43,380.58,151.54,382.09,0.8149,-1,-1,-1
275,28,506.69,325.46,185.02,496.12,0.8631,-1,-1,-1
275,13,1874.06,391.63,43.46,103.94,0.4514,-1,-1,-1
275,29,316.64,322.57,174.76,525.07,0.8608,-1,-1,-1
275,34,990.85,381.07,151.77,381.24,0.8149,-1,-1,-1
275,36,758.40,404.41,72.11,247.79,0.6669,-1,-1,-1
275,40,694.83,439.79,40.18,136.92,0.1536,-1,-1,-1
275,41,-1.35,663.83,199.19,414.42,0.5320,-1,-1,-1
276,2,806.74,290.92,164.28,579.81,0.8376,-1,-1,-1
276,6,1135.90,288.64,212.13,596.62,0.8892,-1,-1,-1
276,22,983.54,373.56,154.39,386.75,0.8267,-1,-1,-1
276,28,498.21,317.80,187.50,505.28,0.8690,-1,-1,-1
276,13,1870.65,389.97,46.35,101.79,0.3670,-1,-1,-1
276,29,301.21,315.62,180.75,531.38,0.8738,-1,-1,-1
276,34,983.92,373.99,154.60,386.01,0.8267,-1,-1,-1
276,36,752.60,398.31,70.32,252.05,0.6721,-1,-1,-1
276,39,941.58,326.01,61.55,414.33,0.4670,-1,-1,-1
277,2,798.30,282.83,164.72,571.23,0.8437,-1,-1,-1
277,6,1130.30,280.86,215.04,595.47,0.8845,-1,-1,-1
277,22,988.26,366.37,145.60,393.23,0.7621,-1,-1,-1
277,28,488.46,306.02,188.74,509.62,0.8566,-1,-1,-1
277,13,1868.38,385.03,48.86,99.22,0.3425,-1,-1,-1
277,29,288.10,303.65,178.88,545.16,0.8824,-1,-1,-1
277,34,988.59,366.75,145.80,392.57,0.7621,-1,-1,-1
277,36,744.55,391.68,69.08,250.37,0.6604,-1,-1,-1
277,39,938.70,323.96,65.64,413.71,0.4956,-1,-1,-1
278,2,788.00,277.20,167.42,564.22,0.8565,-1,-1,-1
278,6,1124.88,274.44,215.44,596.02,0.8731,-1,-1,-1
278,22,979.72,356.05,151.51,398.98,0.7671,-1,-1,-1
278,28,480.03,297.65,185.77,523.35,0.8626,-1,-1,-1
278,13,1864.72,379.67,52.93,98.29,0.3427,-1,-1,-1
278,29,273.78,298.57,178.02,553.91,0.8596,-1,-1,-1
278,34,980.00,356.39,151.67,398.39,0.7671,-1,-1,-1
278,36,739.81,386.70,65.41,243.15,0.6235,-1,-1,-1
278,39,935.57,337.31,84.03,390.59,0.4711,-1,-1,-1
279,2,778.27,268.99,173.72,563.14,0.8401,-1,-1,-1
279,6,1121.67,266.33,217.21,596.63,0.8720,-1,-1,-1
279,22,976.75,346.12,153.56,402.70,0.7962,-1,-1,-1
279,28,472.89,292.22,185.05,530.71,0.8795,-1,-1,-1
279,13,1862.52,374.11,55.77,98.27,0.4480,-1,-1,-1
279,29,259.13,291.88,185.38,566.54,0.8748,-1,-1,-1
279,34,977.01,346.42,153.71,402.17,0.7962,-1,-1,-1
279,36,733.81,377.14,66.13,243.11,0.6375,-1,-1,-1
279,39,928.48,312.41,78.41,402.59,0.6057,-1,-1,-1
280,2,774.09,260.14,173.64,562.09,0.8441,-1,-1,-1
280,6,1118.55,257.00,219.63,600.20,0.8696,-1,-1,-1
280,22,979.56,335.27,150.83,407.34,0.7760,-1,-1,-1
280,28,468.57,281.61,184.51,542.80,0.8745,-1,-1,-1
280,13,1862.79,369.34,56.74,96.71,0.4232,-1,-1,-1
280,29,246.89,279.18,188.18,579.50,0.8668,-1,-1,-1
280,34,979.79,335.54,150.97,406.87,0.7760,-1,-1,-1
280,36,730.39,369.92,66.01,246.23,0.6925,-1,-1,-1
280,39,926.06,300.52,77.55,407.54,0.4331,-1,-1,-1
281,2,774.91,251.16,173.71,557.20,0.8472,-1,-1,-1
281,6,1119.61,249.85,219.06,600.52,0.8827,-1,-1,-1
281,22,982.13,321.83,149.59,417.10,0.7969,-1,-1,-1
281,28,463.92,271.57,187.29,552.94,0.8880,-1,-1,-1
281,13,1865.44,362.97,54.86,96.13,0.4038,-1,-1,-1
281,29,235.26,270.17,196.87,589.67,0.8720,-1,-1,-1
281,34,982.33,322.07,149.70,416.68,0.7969,-1,-1,-1
281,36,729.01,364.99,62.84,239.18,0.6351,-1,-1,-1
281,39,923.58,282.36,82.00,417.24,0.6052,-1,-1,-1
282,2,765.86,238.62,183.13,565.88,0.8555,-1,-1,-1
282,6,1117.76,240.10,220.11,604.54,0.8779,-1,-1,-1
282,22,985.10,308.43,146.62,422.30,0.7744,-1,-1,-1
282,28,458.90,250.61,191.84,568.88,0.8818,-1,-1,-1
282,13,1869.12,354.10,51.52,98.73,0.3750,-1,-1,-1
282,29,225.36,253.52,203.88,599.79,0.8828,-1,-1,-1
282,34,985.28,308.65,146.72,421.92,0.7744,-1,-1,-1
282,36,727.41,355.26,62.67,245.08,0.6162,-1,-1,-1
282,39,920.62,270.70,79.94,414.62,0.4663,-1,-1,-1
283,2,762.95,230.35,187.28,567.98,0.8244,-1,-1,-1
283,6,1118.88,229.39,221.78,607.35,0.8830,-1,-1,-1
283,22,985.58,298.36,147.92,428.77,0.7856,-1,-1,-1
283,28,453.44,232.52,197.42,577.05,0.8749,-1,-1,-1
283,13,1871.17,345.00,50.08,101.28,0.4119,-1,-1,-1
283,29,213.43,239.60,212.31,610.21,0.8723,-1,-1,-1
283,34,985.74,298.55,148.01,428.43,0.7856,-1,-1,-1
283,36,726.38,346.09,62.52,250.52,0.6341,-1,-1,-1
283,39,920.22,261.37,76.53,415.25,0.5177,-1,-1,-1
283,40,663.41,378.37,37.50,140.52,0.3455,-1,-1,-1
284,2,763.56,222.63,189.06,568.70,0.8239,-1,-1,-1
284,6,1120.86,220.57,223.10,613.54,0.8841,-1,-1,-1
284,22,980.86,288.68,157.57,435.18,0.7919,-1,-1,-1
284,28,445.11,220.83,206.83,577.73,0.8762,-1,-1,-1
284,13,1873.83,328.95,47.84,109.33,0.2822,-1,-1,-1
284,29,204.52,226.78,216.90,626.59,0.8725,-1,-1,-1
284,34,981.00,288.85,157.65,434.87,0.7919,-1,-1,-1
284,36,725.38,340.67,63.71,247.03,0.6230,-1,-1,-1
284,39,919.61,253.25,75.01,418.41,0.5830,-1,-1,-1
284,40,663.81,371.19,38.13,142.35,0.2365,-1,-1,-1
285,2,766.38,214.82,187.11,572.22,0.8502,-1,-1,-1
285,6,1122.66,212.35,225.16,618.38,0.8894,-1,-1,-1
285,22,981.85,281.22,161.20,439.88,0.7204,-1,-1,-1
285,28,437.70,207.95,215.74,589.32,0.8818,-1,-1,-1
285,13,1878.31,318.43,43.54,112.29,0.3145,-1,-1,-1
285,29,194.80,213.74,222.49,636.10,0.8813,-1,-1,-1
285,34,981.98,281.37,161.27,439.61,0.7204,-1,-1,-1
285,36,725.81,332.76,64.98,250.54,0.6384,-1,-1,-1
285,39,921.84,246.19,72.94,420.74,0.3613,-1,-1,-1
285,40,664.70,364.03,37.99,140.55,0.4339,-1,-1,-1
286,2,770.69,209.53,184.46,573.43,0.8569,-1,-1,-1
286,6,1125.15,205.83,225.83,622.78,0.8912,-1,-1,-1
286,22,979.42,272.24,170.73,451.01,0.7823,-1,-1,-1
286,28,434.63,193.31,219.59,597.28,0.8973,-1,-1,-1
286,29,182.66,201.34,226.60,646.01,0.8712,-1,-1,-1
286,34,979.53,272.38,170.79,450.77,0.7823,-1,-1,-1
286,36,725.30,324.34,68.01,253.52,0.6690,-1,-1,-1
286,39,921.68,236.67,74.70,424.89,0.4866,-1,-1,-1
286,40,666.17,359.62,37.81,143.83,0.4435,-1,-1,-1
287,2,777.03,202.93,179.15,574.31,0.8645,-1,-1,-1
287,6,1126.46,200.29,231.60,621.62,0.8860,-1,-1,-1
287,22,977.07,261.86,181.53,458.37,0.7522,-1,-1,-1
287,28,432.04,179.30,222.73,607.18,0.9020,-1,-1,-1
287,29,173.04,187.80,229.39,655.18,0.8781,-1,-1,-1
287,34,977.18,261.99,181.59,458.15,0.7522,-1,-1,-1
287,36,726.25,314.20,71.52,259.17,0.7309,-1,-1,-1
287,39,922.84,230.40,78.76,423.86,0.5898,-1,-1,-1
287,40,670.03,350.04,35.67,148.12,0.3267,-1,-1,-1
288,2,779.07,198.74,180.56,571.67,0.8553,-1,-1,-1
288,6,1137.59,192.13,229.07,624.70,0.8755,-1,-1,-1
288,22,984.92,256.49,182.59,463.45,0.6569,-1,-1,-1
288,28,430.38,166.76,224.44,618.84,0.8978,-1,-1,-1
288,29,166.81,177.19,229.30,662.57,0.8819,-1,-1,-1
288,34,985.02,256.60,182.64,463.26,0.6569,-1,-1,-1
288,36,730.08,305.19,71.02,261.23,0.7742,-1,-1,-1
288,39,921.83,225.35,82.42,417.02,0.4561,-1,-1,-1
288,40,672.55,341.06,39.06,151.38,0.4635,-1,-1,-1
289,2,782.36,191.06,185.28,570.44,0.8407,-1,-1,-1
289,6,1146.44,185.18,230.30,627.86,0.8710,-1,-1,-1
289,22,1000.97,253.48,172.64,468.35,0.6332,-1,-1,-1
289,28,422.49,160.01,234.14,633.72,0.9002,-1,-1,-1
289,29,155.11,163.78,233.93,674.82,0.8979,-1,-1,-1
289,34,1001.06,253.59,172.69,468.17,0.6332,-1,-1,-1
289,36,732.23,298.66,73.29,267.43,0.7493,-1,-1,-1
289,39,927.53,222.75,77.51,406.99,0.5353,-1,-1,-1
289,40,677.76,334.63,39.46,152.78,0.3445,-1,-1,-1
290,2,788.21,188.36,189.85,570.36,0.8398,-1,-1,-1
290,6,1157.91,182.10,225.84,625.59,0.8728,-1,-1,-1
290,22,1019.33,246.66,162.00,478.90,0.7885,-1,-1,-1
290,28,416.81,153.45,241.78,650.81,0.9081,-1,-1,-1
290,29,148.29,151.13,234.23,686.68,0.9037,-1,-1,-1
290,34,1019.40,246.75,162.04,478.74,0.7885,-1,-1,-1
290,36,735.11,295.16,74.24,267.48,0.7409,-1,-1,-1
290,39,936.78,223.95,93.10,408.44,0.4266,-1,-1,-1
290,40,683.94,331.94,40.56,153.75,0.4236,-1,-1,-1
291,2,796.41,183.82,185.44,567.21,0.8224,-1,-1,-1
291,6,1171.76,178.10,218.29,623.51,0.8648,-1,-1,-1
291,22,1028.72,238.96,161.34,489.21,0.7919,-1,-1,-1
291,28,410.73,148.37,249.53,660.39,0.9072,-1,-1,-1
291,29,137.94,140.04,238.78,696.92,0.9060,-1,-1,-1
291,34,1028.78,239.04,161.38,489.07,0.7919,-1,-1,-1
291,36,738.53,288.21,76.13,269.05,0.7281,-1,-1,-1
291,39,943.15,215.79,92.05,411.23,0.3620,-1,-1,-1
291,40,688.87,322.49,38.00,157.16,0.2138,-1,-1,-1
292,2,798.71,180.90,188.02,562.03,0.8276,-1,-1,-1
292,6,1181.93,173.13,216.89,619.45,0.8790,-1,-1,-1
292,22,1034.01,233.27,165.47,492.79,0.8051,-1,-1,-1
292,28,405.54,147.38,256.43,672.10,0.9081,-1,-1,-1
292,29,129.40,133.86,237.09,710.55,0.9045,-1,-1,-1
292,34,1034.07,233.34,165.50,492.67,0.8051,-1,-1,-1
292,36,740.48,283.24,79.83,272.27,0.7389,-1,-1,-1
292,39,948.02,208.30,87.28,414.75,0.3779,-1,-1,-1
292,40,694.18,318.90,35.62,155.93,0.1979,-1,-1,-1
293,2,808.17,176.26,184.42,555.63,0.8412,-1,-1,-1
293,6,1191.84,170.51,214.32,612.49,0.8884,-1,-1,-1
293,22,1038.77,229.91,175.11,497.26,0.8317,-1,-1,-1
293,28,400.88,144.66,259.99,687.77,0.9056,-1,-1,-1
293,29,113.48,131.56,245.18,731.43,0.8796,-1,-1,-1
293,34,1038.82,229.97,175.13,497.14,0.8317,-1,-1,-1
293,36,744.69,278.88,82.91,274.36,0.7461,-1,-1,-1
293,39,958.93,202.15,91.18,415.33,0.6720,-1,-1,-1
293,40,699.43,314.64,33.85,157.99,0.2118,-1,-1,-1
294,2,818.93,173.53,180.04,553.54,0.8254,-1,-1,-1
294,6,1207.60,170.00,209.55,611.52,0.8749,-1,-1,-1
294,22,1047.07,226.82,179.37,501.10,0.8478,-1,-1,-1
294,28,398.67,143.77,261.99,701.27,0.9051,-1,-1,-1
294,29,87.37,131.61,266.19,752.82,0.8919,-1,-1,-1
294,34,1047.11,226.88,179.39,501.00,0.8478,-1,-1,-1
294,36,750.92,278.51,86.79,274.67,0.7554,-1,-1,-1
294,39,965.90,200.30,96.44,426.51,0.7166,-1,-1,-1
294,40,709.17,315.52,33.99,155.44,0.2386,-1,-1,-1
295,2,827.90,179.83,179.67,550.73,0.8325,-1,-1,-1
295,6,1223.28,171.10,202.45,613.64,0.8756,-1,-1,-1
295,22,1054.33,222.21,183.65,511.20,0.8541,-1,-1,-1
295,28,394.82,142.08,265.90,726.20,0.9052,-1,-1,-1
295,29,62.07,130.34,285.38,769.03,0.8917,-1,-1,-1
295,34,1054.37,222.26,183.67,511.11,0.8541,-1,-1,-1
295,36,757.17,278.83,89.15,277.11,0.7887,-1,-1,-1
295,39,972.58,201.02,91.43,430.65,0.6428,-1,-1,-1
295,40,716.18,313.36,33.01,157.41,0.2347,-1,-1,-1
296,2,837.41,177.15,174.66,553.99,0.8425,-1,-1,-1
296,6,1235.81,172.13,197.31,616.76,0.8677,-1,-1,-1
296,22,1061.97,212.97,184.58,530.45,0.8657,-1,-1,-1
296,28,389.09,137.05,272.49,746.13,0.9053,-1,-1,-1
296,29,38.45,129.56,300.17,782.09,0.8953,-1,-1,-1
296,34,1062.01,213.02,184.60,530.37,0.8657,-1,-1,-1
296,36,760.55,277.24,92.23,279.42,0.7958,-1,-1,-1
296,39,975.29,199.94,95.76,430.43,0.6072,-1,-1,-1
296,31,1480.96,426.02,144.21,365.65,0.3444,-1,-1,-1
297,2,849.42,177.70,165.05,555.82,0.8253,-1,-1,-1
297,6,1249.85,172.23,192.95,624.30,0.8732,-1,-1,-1
297,22,1070.69,208.28,191.65,539.93,0.8557,-1,-1,-1
297,28,381.66,131.07,277.85,760.79,0.9119,-1,-1,-1
297,29,26.95,126.61,304.78,800.83,0.8992,-1,-1,-1
297,34,1070.72,208.33,191.67,539.85,0.8557,-1,-1,-1
297,36,767.33,276.43,90.68,279.63,0.7942,-1,-1,-1
297,39,980.07,205.02,108.90,418.53,0.6993,-1,-1,-1
297,31,1499.43,429.97,136.06,365.30,0.2652,-1,-1,-1
298,2,856.83,179.30,163.61,556.35,0.8206,-1,-1,-1
298,6,1261.57,171.91,188.92,629.96,0.8680,-1,-1,-1
298,22,1077.78,204.59,195.57,547.89,0.8599,-1,-1,-1
298,28,375.02,120.86,281.88,777.73,0.9056,-1,-1,-1
298,29,22.24,123.45,302.73,817.59,0.9005,-1,-1,-1
298,34,1077.81,204.63,195.59,547.83,0.8599,-1,-1,-1
298,36,772.59,277.65,90.17,276.34,0.8061,-1,-1,-1
298,39,985.83,211.87,106.12,418.80,0.6982,-1,-1,-1
298,31,1511.33,430.70,140.60,366.69,0.1900,-1,-1,-1
299,2,865.43,180.55,157.78,556.03,0.8377,-1,-1,-1
299,6,1266.17,169.57,189.42,635.63,0.8651,-1,-1,-1
299,22,1079.87,203.20,204.99,554.31,0.8725,-1,-1,-1
299,28,366.96,108.64,285.46,795.74,0.9076,-1,-1,-1
299,29,15.78,114.33,304.21,843.45,0.8968,-1,-1,-1
299,34,1079.89,203.23,205.00,554.25,0.8725,-1,-1,-1
299,36,777.43,277.21,91.34,279.14,0.7900,-1,-1,-1
299,39,991.32,205.26,101.65,426.28,0.6975,-1,-1,-1
300,2,868.74,183.47,156.33,558.42,0.8304,-1,-1,-1
300,6,1262.66,168.85,199.41,640.34,0.8556,-1,-1,-1
300,22,1085.19,201.26,212.72,568.51,0.8650,-1,-1,-1
300,28,354.19,98.07,296.18,812.28,0.9086,-1,-1,-1
300,29,5.83,107.31,310.20,871.47,0.8934,-1,-1,-1
300,34,1085.21,201.29,212.73,568.46,0.8650,-1,-1,-1
300,36,780.99,277.07,94.11,280.05,0.7576,-1,-1,-1
300,39,997.46,202.74,98.71,426.94,0.7377,-1,-1,-1
301,2,872.03,182.80,154.66,559.12,0.8476,-1,-1,-1
301,6,1257.51,166.74,210.89,647.61,0.8449,-1,-1,-1
301,22,1089.32,199.94,217.47,583.18,0.8556,-1,-1,-1
301,28,340.95,84.63,305.77,831.37,0.9150,-1,-1,-1
301,29,-3.89,98.41,311.61,892.26,0.9062,-1,-1,-1
301,34,1089.34,199.97,217.48,583.13,0.8556,-1,-1,-1
301,36,782.81,277.03,95.76,279.72,0.7731,-1,-1,-1
301,39,1003.17,201.89,103.56,425.90,0.7580,-1,-1,-1
302,2,875.13,184.15,153.13,558.98,0.8386,-1,-1,-1
302,6,1261.13,168.63,210.86,649.79,0.8352,-1,-1,-1
302,22,1095.06,198.33,217.23,585.75,0.8600,-1,-1,-1
302,28,325.17,75.34,317.47,844.41,0.8991,-1,-1,-1
302,29,-7.76,86.12,301.47,915.38,0.8999,-1,-1,-1
302,34,1095.08,198.36,217.24,585.71,0.8600,-1,-1,-1
302,36,782.05,277.19,98.63,280.95,0.7840,-1,-1,-1
302,39,1006.93,201.28,102.21,426.54,0.7564,-1,-1,-1
303,2,878.28,184.62,149.66,558.26,0.8490,-1,-1,-1
303,6,1264.58,170.53,207.90,650.79,0.8203,-1,-1,-1
303,22,1102.23,198.42,211.18,586.60,0.8450,-1,-1,-1
303,28,310.94,61.36,327.27,862.27,0.9052,-1,-1,-1
303,29,-8.84,68.47,286.69,941.33,0.9199,-1,-1,-1
303,34,1102.25,198.44,211.19,586.56,0.8450,-1,-1,-1
303,36,781.26,277.51,100.53,281.34,0.7874,-1,-1,-1
303,39,1009.18,202.12,97.95,426.53,0.7693,-1,-1,-1
304,2,875.71,184.38,149.98,560.61,0.8529,-1,-1,-1
304,6,1271.13,170.92,201.19,653.19,0.8168,-1,-1,-1
304,22,1104.86,197.01,208.34,607.84,0.8093,-1,-1,-1
304,28,297.44,55.61,336.41,875.05,0.9151,-1,-1,-1
304,29,-8.41,52.09,258.73,962.47,0.9053,-1,-1,-1
304,34,1104.87,197.03,208.35,607.81,0.8093,-1,-1,-1
304,36,782.94,278.43,98.12,281.06,0.7859,-1,-1,-1
304,39,1010.21,205.95,97.38,423.64,0.7774,-1,-1,-1
305,2,869.24,186.71,153.87,563.73,0.8584,-1,-1,-1
305,6,1278.18,170.76,192.99,655.45,0.8157,-1,-1,-1
305,22,1105.27,197.25,208.84,619.77,0.8279,-1,-1,-1
305,28,288.07,47.94,341.29,910.39,0.9232,-1,-1,-1
305,29,-6.85,37.73,227.17,982.25,0.8994,-1,-1,-1
305,34,1105.28,197.27,208.85,619.74,0.8279,-1,-1,-1
305,36,782.88,279.52,96.81,281.42,0.7692,-1,-1,-1
305,39,1010.02,210.02,96.87,420.62,0.7821,-1,-1,-1
306,2,861.99,185.90,158.51,563.55,0.8554,-1,-1,-1
306,6,1281.82,170.10,187.72,653.37,0.8278,-1,-1,-1
306,22,1104.51,196.18,210.23,640.40,0.8549,-1,-1,-1
306,28,272.47,43.48,350.83,944.53,0.9222,-1,-1,-1
306,29,-5.54,31.48,203.13,1000.90,0.9007,-1,-1,-1
306,34,1104.52,196.19,210.23,640.37,0.8549,-1,-1,-1
306,36,782.59,278.98,96.55,285.25,0.7622,-1,-1,-1
306,39,1008.81,209.58,97.18,422.36,0.7794,-1,-1,-1
307,2,858.17,184.37,158.85,555.25,0.8396,-1,-1,-1
307,6,1291.04,168.80,178.01,656.12,0.8342,-1,-1,-1
307,22,1103.78,194.21,214.55,653.45,0.8695,-1,-1,-1
307,28,252.56,38.00,365.44,974.68,0.9121,-1,-1,-1
307,29,-4.45,30.18,180.00,1027.30,0.8719,-1,-1,-1
307,34,1103.79,194.22,214.56,653.43,0.8695,-1,-1,-1
307,36,781.23,276.32,94.73,290.08,0.7259,-1,-1,-1
307,39,1004.75,211.67,100.54,420.36,0.7993,-1,-1,-1
308,2,855.33,182.16,159.78,552.23,0.8264,-1,-1,-1
308,6,1293.11,166.89,173.50,657.96,0.8201,-1,-1,-1
308,22,1102.74,190.68,220.69,668.90,0.8624,-1,-1,-1
308,28,237.95,33.09,369.45,1003.82,0.9128,-1,-1,-1
308,29,-3.21,97.45,152.49,965.25,0.7840,-1,-1,-1
308,34,1102.75,190.70,220.69,668.88,0.8624,-1,-1,-1
308,36,779.33,275.91,93.17,289.79,0.7535,-1,-1,-1
308,39,1001.67,212.22,102.03,423.41,0.7789,-1,-1,-1
309,2,850.23,182.93,163.13,551.27,0.8235,-1,-1,-1
309,6,1293.36,168.85,167.47,654.26,0.8161,-1,-1,-1
309,22,1098.09,189.20,226.04,679.17,0.8719,-1,-1,-1
309,28,219.75,33.24,375.77,1022.77,0.9072,-1,-1,-1
309,29,-1.68,151.49,128.77,903.78,0.8345,-1,-1,-1
309,34,1098.10,189.22,226.04,679.15,0.8719,-1,-1,-1
309,36,776.75,278.93,88.44,282.84,0.7656,-1,-1,-1
309,39,999.11,212.83,103.17,425.17,0.7737,-1,-1,-1
310,2,846.64,181.55,167.35,547.55,0.8141,-1,-1,-1
310,6,1295.96,166.60,163.84,659.93,0.8175,-1,-1,-1
310,22,1096.45,179.76,231.92,696.06,0.8821,-1,-1,-1
310,28,199.60,26.93,385.62,1033.54,0.9192,-1,-1,-1
310,29,-1.13,175.77,109.35,635.10,0.7408,-1,-1,-1
310,34,1096.46,179.77,231.93,696.04,0.8821,-1,-1,-1
310,36,776.16,276.88,85.14,286.31,0.7567,-1,-1,-1
310,39,998.13,211.51,105.29,425.83,0.7732,-1,-1,-1
311,2,834.51,183.10,180.30,547.53,0.8268,-1,-1,-1
311,6,1299.91,165.59,160.49,656.60,0.8227,-1,-1,-1
311,22,1095.47,174.50,238.52,705.55,0.8850,-1,-1,-1
311,28,182.74,16.60,391.98,1058.39,0.9179,-1,-1,-1
311,29,-0.44,196.67,92.09,523.65,0.7666,-1,-1,-1
311,34,1095.48,174.51,238.52,705.53,0.8850,-1,-1,-1
311,36,776.17,273.57,82.66,289.91,0.7437,-1,-1,-1
311,39,998.31,209.37,102.77,427.87,0.7596,-1,-1,-1
312,2,827.20,183.42,187.98,550.75,0.8291,-1,-1,-1
312,6,1307.13,164.78,156.09,650.53,0.8074,-1,-1,-1
312,22,1100.35,163.90,240.85,720.35,0.8852,-1,-1,-1
312,28,164.86,7.15,399.91,1073.20,0.9187,-1,-1,-1
312,34,1100.36,163.91,240.85,720.34,0.8852,-1,-1,-1
312,36,774.65,271.94,81.37,292.77,0.7624,-1,-1,-1
312,39,998.93,206.66,102.32,432.26,0.7453,-1,-1,-1
313,2,820.12,183.52,194.49,553.82,0.8409,-1,-1,-1
313,6,1307.96,163.89,154.82,649.59,0.8350,-1,-1,-1
313,22,1103.33,150.05,244.55,740.62,0.9039,-1,-1,-1
313,28,142.83,2.39,413.06,1075.37,0.9193,-1,-1,-1
313,34,1103.34,150.06,244.56,740.60,0.9039,-1,-1,-1
313,36,771.46,270.35,81.51,296.23,0.7452,-1,-1,-1
313,39,999.40,207.97,102.48,432.02,0.7385,-1,-1,-1
314,2,815.89,183.65,195.95,553.69,0.8280,-1,-1,-1
314,6,1307.26,160.91,156.28,653.05,0.8443,-1,-1,-1
314,22,1102.77,140.91,249.73,757.06,0.9015,-1,-1,-1
314,28,121.24,-0.30,427.51,1077.50,0.9262,-1,-1,-1
314,34,1102.78,140.92,249.73,757.05,0.9015,-1,-1,-1
314,36,767.38,270.27,83.79,294.63,0.7470,-1,-1,-1
314,39,997.70,209.87,99.46,433.28,0.7384,-1,-1,-1
315,2,817.67,182.62,191.48,552.07,0.8236,-1,-1,-1
315,6,1311.95,157.67,152.63,646.62,0.8538,-1,-1,-1
315,22,1105.40,132.97,250.86,781.67,0.8932,-1,-1,-1
315,28,92.05,-1.63,448.44,1078.43,0.9280,-1,-1,-1
315,34,1105.41,132.98,250.86,781.66,0.8932,-1,-1,-1
315,36,765.09,269.10,84.15,296.31,0.7852,-1,-1,-1
315,39,995.36,215.00,103.18,424.97,0.7509,-1,-1,-1
316,2,816.76,182.86,191.17,552.36,0.8325,-1,-1,-1
316,6,1312.14,154.47,153.41,647.95,0.8471,-1,-1,-1
316,22,1109.19,126.27,253.21,807.36,0.8757,-1,-1,-1
316,28,58.46,-2.32,470.87,1078.44,0.9244,-1,-1,-1
316,34,1109.20,126.27,253.22,807.35,0.8757,-1,-1,-1
316,36,761.72,266.16,84.99,298.11,0.8012,-1,-1,-1
316,39,995.58,214.70,99.48,429.02,0.7437,-1,-1,-1
317,2,815.54,181.33,191.78,553.35,0.8485,-1,-1,-1
317,6,1317.32,150.09,147.53,655.23,0.8293,-1,-1,-1
317,22,1111.26,116.54,259.86,832.52,0.8755,-1,-1,-1
317,28,26.49,-1.02,491.94,1079.60,0.9127,-1,-1,-1
317,34,1111.26,116.54,259.86,832.51,0.8755,-1,-1,-1
317,36,760.73,263.63,84.93,299.42,0.8027,-1,-1,-1
317,39,993.45,215.43,99.16,428.46,0.7490,-1,-1,-1
318,2,816.31,181.01,189.76,550.67,0.8555,-1,-1,-1
318,6,1320.79,147.71,142.76,659.97,0.8409,-1,-1,-1
318,22,1114.07,109.82,267.29,849.70,0.8674,-1,-1,-1
318,28,2.55,-0.59,500.07,1077.19,0.9352,-1,-1,-1
318,34,1114.08,109.82,267.29,849.69,0.8674,-1,-1,-1
318,36,756.98,261.56,87.27,298.81,0.8061,-1,-1,-1
318,39,990.31,213.43,102.25,427.16,0.7451,-1,-1,-1
319,2,814.80,177.06,190.48,553.00,0.8724,-1,-1,-1
319,6,1324.71,144.29,138.27,661.06,0.7975,-1,-1,-1
319,22,1117.37,99.24,274.98,876.66,0.8562,-1,-1,-1
319,28,-6.70,1.60,494.87,1072.76,0.9363,-1,-1,-1
319,34,1117.37,99.25,274.98,876.65,0.8562,-1,-1,-1
319,36,747.08,260.03,96.14,300.84,0.7687,-1,-1,-1
319,39,987.37,210.51,104.53,427.85,0.7696,-1,-1,-1
320,2,811.73,172.22,192.80,552.16,0.8590,-1,-1,-1
320,6,1333.56,139.43,130.55,664.62,0.7605,-1,-1,-1
320,22,1120.52,94.24,281.23,898.82,0.8740,-1,-1,-1
320,28,-9.78,2.63,479.20,1070.60,0.9442,-1,-1,-1
320,34,1120.53,94.25,281.23,898.81,0.8740,-1,-1,-1
320,36,742.90,257.76,98.76,304.48,0.7757,-1,-1,-1
320,39,984.41,206.31,107.08,428.37,0.7799,-1,-1,-1
321,2,807.93,167.02,195.30,556.08,0.8604,-1,-1,-1
321,6,1340.33,134.43,126.71,665.06,0.6844,-1,-1,-1
321,22,1128.72,88.15,285.35,930.04,0.8599,-1,-1,-1
321,28,-9.57,1.65,456.19,1071.13,0.9350,-1,-1,-1
321,34,1128.72,88.16,285.35,930.03,0.8599,-1,-1,-1
321,36,739.84,255.46,99.71,306.68,0.7508,-1,-1,-1
321,39,981.67,203.07,109.75,427.88,0.7957,-1,-1,-1
322,2,816.21,165.35,186.97,554.56,0.8671,-1,-1,-1
322,6,1352.57,137.96,118.00,469.99,0.1697,-1,-1,-1
322,22,1136.81,80.53,311.29,959.50,0.8696,-1,-1,-1
322,28,-8.28,3.78,431.06,1068.51,0.9326,-1,-1,-1
322,34,1136.82,80.53,311.29,959.49,0.8696,-1,-1,-1
322,36,736.40,252.55,100.65,309.20,0.7627,-1,-1,-1
322,39,979.03,198.99,111.03,427.27,0.8071,-1,-1,-1
323,2,819.71,162.85,182.10,549.74,0.8679,-1,-1,-1
323,22,1141.48,71.08,328.35,982.43,0.8946,-1,-1,-1
323,28,-6.44,4.02,401.79,1065.44,0.9174,-1,-1,-1
323,34,1141.48,71.09,328.35,982.43,0.8946,-1,-1,-1
323,36,732.00,250.30,103.33,312.94,0.7614,-1,-1,-1
323,39,976.27,196.72,113.01,423.74,0.7988,-1,-1,-1
324,2,820.58,166.61,178.47,539.39,0.8711,-1,-1,-1
324,22,1151.22,62.19,329.98,1006.47,0.9057,-1,-1,-1
324,28,-5.67,5.69,368.93,1065.12,0.9323,-1,-1,-1
324,34,1151.22,62.19,329.98,1006.46,0.9057,-1,-1,-1
324,36,728.52,251.18,103.44,316.33,0.7617,-1,-1,-1
324,39,974.72,196.07,114.07,422.41,0.7911,-1,-1,-1
325,2,826.87,166.07,171.64,538.71,0.8732,-1,-1,-1
325,22,1160.09,51.23,328.41,1025.79,0.9014,-1,-1,-1
325,28,-4.16,6.97,332.15,1062.89,0.9180,-1,-1,-1
325,34,1160.09,51.23,328.41,1025.78,0.9014,-1,-1,-1
325,36,722.95,251.95,106.18,318.04,0.7679,-1,-1,-1
325,39,974.59,195.11,114.38,423.98,0.7898,-1,-1,-1
326,2,829.78,165.05,168.54,540.33,0.8596,-1,-1,-1
326,22,1166.78,35.07,331.45,1043.17,0.9037,-1,-1,-1
326,28,-2.83,7.27,319.03,1063.17,0.8384,-1,-1,-1
326,34,1166.78,35.07,331.45,1043.16,0.9037,-1,-1,-1
326,36,715.49,250.73,111.88,320.87,0.8043,-1,-1,-1
326,39,974.81,193.87,114.19,427.37,0.7919,-1,-1,-1
327,2,831.79,167.03,166.68,542.16,0.8587,-1,-1,-1
327,22,1175.95,24.19,338.29,1055.65,0.8797,-1,-1,-1
327,28,-1.41,8.17,256.93,1063.11,0.7921,-1,-1,-1
327,34,1175.95,24.19,338.29,1055.65,0.8797,-1,-1,-1
327,36,712.64,252.35,113.20,321.77,0.8104,-1,-1,-1
327,39,975.69,195.40,112.94,428.98,0.8010,-1,-1,-1
328,2,832.50,166.96,165.47,543.36,0.8507,-1,-1,-1
328,22,1181.67,11.29,355.39,1068.57,0.8863,-1,-1,-1
328,28,-0.85,8.06,193.01,1059.45,0.5427,-1,-1,-1
328,34,1181.67,11.29,355.39,1068.57,0.8863,-1,-1,-1
328,36,712.61,251.07,110.70,320.54,0.8148,-1,-1,-1
328,39,975.92,194.92,111.94,429.85,0.7967,-1,-1,-1
329,2,839.33,165.47,162.29,550.21,0.8472,-1,-1,-1
329,22,1192.70,3.18,366.56,1074.38,0.8879,-1,-1,-1
329,28,0.09,43.10,136.46,737.83,0.6088,-1,-1,-1
329,34,1192.71,3.18,366.56,1074.37,0.8879,-1,-1,-1
329,36,710.51,249.97,113.26,323.58,0.8110,-1,-1,-1
329,39,977.24,196.45,111.80,430.99,0.7772,-1,-1,-1
330,2,844.31,163.89,159.24,558.74,0.8479,-1,-1,-1
330,22,1209.59,-0.09,369.49,1079.98,0.9027,-1,-1,-1
330,34,1209.59,-0.09,369.49,1079.98,0.9027,-1,-1,-1
330,36,710.15,250.21,113.88,327.81,0.8102,-1,-1,-1
330,39,981.51,199.25,113.03,430.24,0.7865,-1,-1,-1
330,43,557.97,300.31,49.84,161.56,0.3651,-1,-1,-1
331,2,847.99,170.81,157.53,559.14,0.8284,-1,-1,-1
331,22,1226.32,-1.38,383.00,1077.12,0.9053,-1,-1,-1
331,34,1226.32,-1.38,383.00,1077.12,0.9053,-1,-1,-1
331,36,711.38,251.64,112.69,331.20,0.7927,-1,-1,-1
331,39,985.93,202.71,113.22,431.18,0.7895,-1,-1,-1
332,2,853.07,178.07,155.06,560.37,0.8325,-1,-1,-1
332,22,1241.51,-1.44,394.10,1075.91,0.9074,-1,-1,-1
332,34,1241.51,-1.44,394.10,1075.91,0.9074,-1,-1,-1
332,36,710.80,253.82,113.77,331.24,0.8179,-1,-1,-1
332,39,988.64,205.36,113.35,433.81,0.7768,-1,-1,-1
333,2,853.22,182.85,154.52,561.58,0.8341,-1,-1,-1
333,22,1260.26,-1.54,403.38,1079.78,0.8985,-1,-1,-1
333,34,1260.26,-1.54,403.38,1079.78,0.8985,-1,-1,-1
333,36,708.09,255.45,115.82,331.88,0.8161,-1,-1,-1
333,39,989.16,209.02,113.24,432.73,0.7653,-1,-1,-1
333,44,826.13,235.60,65.18,287.55,0.4488,-1,-1,-1
334,2,851.21,188.92,156.50,562.08,0.8281,-1,-1,-1
334,22,1270.27,0.88,424.35,1074.29,0.8801,-1,-1,-1
334,34,1270.28,0.88,424.35,1074.29,0.8801,-1,-1,-1
334,36,704.76,256.34,118.44,336.18,0.8235,-1,-1,-1
334,39,989.47,215.11,115.35,431.79,0.7868,-1,-1,-1
334,44,824.81,237.22,66.68,268.22,0.4498,-1,-1,-1
335,2,850.54,194.12,155.19,558.91,0.8272,-1,-1,-1
335,22,1274.73,0.94,456.08,1072.06,0.8815,-1,-1,-1
335,34,1274.73,0.94,456.08,1072.06,0.8815,-1,-1,-1
335,36,702.43,257.70,119.67,339.23,0.8353,-1,-1,-1
335,39,991.46,220.23,115.28,431.54,0.7875,-1,-1,-1
335,44,823.38,238.43,68.21,322.39,0.4026,-1,-1,-1
336,2,847.30,195.99,155.73,560.98,0.8165,-1,-1,-1
336,22,1304.66,0.72,470.89,1074.07,0.8629,-1,-1,-1
336,34,1304.66,0.72,470.89,1074.07,0.8629,-1,-1,-1
336,36,699.48,259.80,120.25,340.25,0.8276,-1,-1,-1
336,39,989.54,222.57,118.51,434.22,0.7734,-1,-1,-1
336,44,819.88,238.97,69.19,327.96,0.4092,-1,-1,-1
337,2,843.58,197.05,158.71,561.57,0.8060,-1,-1,-1
337,22,1326.74,-1.20,509.31,1081.14,0.8613,-1,-1,-1
337,34,1326.74,-1.20,509.31,1081.14,0.8613,-1,-1,-1
337,36,693.26,259.30,122.28,347.82,0.8260,-1,-1,-1
337,39,985.74,223.70,119.50,436.34,0.7442,-1,-1,-1
337,44,815.64,236.38,71.37,343.27,0.3188,-1,-1,-1
337,45,1247.40,165.52,190.73,644.76,0.8166,-1,-1,-1
338,2,836.12,197.93,165.78,561.81,0.8051,-1,-1,-1
338,22,1314.36,-2.40,580.91,1081.54,0.8668,-1,-1,-1
338,34,1314.36,-2.40,580.91,1081.54,0.8668,-1,-1,-1
338,36,688.46,263.74,124.31,348.54,0.8233,-1,-1,-1
338,39,982.84,226.34,125.07,439.99,0.7654,-1,-1,-1
338,44,811.89,239.33,72.37,367.67,0.4704,-1,-1,-1
338,45,1240.25,164.64,202.50,664.54,0.7975,-1,-1,-1
339,2,829.44,192.50,172.90,559.50,0.8116,-1,-1,-1
339,22,1313.21,-3.30,614.65,1076.80,0.8687,-1,-1,-1
339,34,1313.21,-3.30,614.65,1076.80,0.8687,-1,-1,-1
339,36,684.14,267.17,126.36,353.27,0.8342,-1,-1,-1
339,39,980.99,228.58,127.57,440.86,0.7798,-1,-1,-1
339,44,809.93,245.30,71.49,375.47,0.5081,-1,-1,-1
339,45,1237.02,162.26,205.41,692.43,0.7662,-1,-1,-1
340,2,823.62,188.62,176.50,554.31,0.8298,-1,-1,-1
340,22,1314.57,-2.96,628.29,1073.81,0.9069,-1,-1,-1
340,34,1314.58,-2.96,628.29,1073.81,0.9069,-1,-1,-1
340,36,681.12,267.09,124.56,354.91,0.8166,-1,-1,-1
340,39,979.47,227.76,127.11,440.80,0.7770,-1,-1,-1
340,44,806.37,246.06,71.87,376.25,0.5411,-1,-1,-1
340,45,1237.11,165.83,188.09,691.29,0.7245,-1,-1,-1
341,2,821.42,188.92,175.77,546.98,0.8322,-1,-1,-1
341,22,1315.62,-1.44,620.87,1066.86,0.7951,-1,-1,-1
341,34,1315.62,-1.44,620.87,1066.86,0.7951,-1,-1,-1
341,36,678.42,266.68,122.89,356.24,0.8113,-1,-1,-1
341,39,979.80,226.61,125.35,439.08,0.7800,-1,-1,-1
341,44,802.05,245.57,73.00,376.68,0.5491,-1,-1,-1
341,45,1232.77,161.84,206.95,701.06,0.8385,-1,-1,-1
342,2,815.80,188.35,181.05,546.15,0.8411,-1,-1,-1
342,22,1323.50,-1.26,608.21,1066.57,0.7246,-1,-1,-1
342,34,1323.51,-1.26,608.21,1066.57,0.7246,-1,-1,-1
342,36,673.17,262.84,125.76,361.98,0.8049,-1,-1,-1
342,39,981.01,225.84,122.86,438.04,0.7762,-1,-1,-1
342,44,800.10,243.20,72.29,376.09,0.4382,-1,-1,-1
342,45,1230.78,162.35,210.27,696.88,0.8681,-1,-1,-1
343,2,810.52,190.36,184.77,544.42,0.8416,-1,-1,-1
343,22,1332.98,-0.16,594.31,1060.70,0.8408,-1,-1,-1
343,34,1332.98,-0.15,594.31,1060.70,0.8408,-1,-1,-1
343,36,668.24,258.97,126.10,365.33,0.8083,-1,-1,-1
343,39,977.65,225.71,125.90,436.72,0.7749,-1,-1,-1
343,44,787.21,239.85,80.20,378.61,0.4873,-1,-1,-1
343,45,1227.54,162.20,212.59,693.58,0.8766,-1,-1,-1
344,2,809.17,187.62,185.63,550.13,0.8397,-1,-1,-1
344,22,1360.76,-0.34,565.21,1063.68,0.6125,-1,-1,-1
344,34,1360.76,-0.34,565.21,1063.68,0.6125,-1,-1,-1
344,36,663.63,257.06,125.41,366.07,0.8234,-1,-1,-1
344,39,977.96,224.14,124.98,437.58,0.7762,-1,-1,-1
344,44,783.78,237.58,79.66,391.53,0.5837,-1,-1,-1
344,45,1225.59,160.47,212.49,699.00,0.8709,-1,-1,-1
345,2,804.31,186.29,188.93,554.26,0.8208,-1,-1,-1
345,36,659.60,254.11,124.01,371.06,0.8164,-1,-1,-1
345,39,979.56,222.70,123.26,433.65,0.7704,-1,-1,-1
345,44,780.96,234.89,78.60,397.56,0.5975,-1,-1,-1
345,45,1221.35,150.52,219.65,708.97,0.8771,-1,-1,-1
346,2,797.05,187.22,191.40,555.50,0.8372,-1,-1,-1
346,36,654.57,250.80,123.61,372.64,0.8280,-1,-1,-1
346,39,971.75,218.47,129.81,432.21,0.7825,-1,-1,-1
346,44,774.84,233.10,79.59,395.78,0.5098,-1,-1,-1
346,45,1212.27,147.55,235.02,713.75,0.8884,-1,-1,-1
346,22,1445.08,2.46,480.01,906.81,0.4365,-1,-1,-1
347,2,794.88,188.72,187.39,554.21,0.8245,-1,-1,-1
347,36,645.94,248.80,124.79,373.32,0.8121,-1,-1,-1
347,39,966.44,217.19,129.74,429.73,0.7905,-1,-1,-1
347,44,766.81,232.54,84.40,392.42,0.5978,-1,-1,-1
347,45,1199.10,147.30,246.65,710.39,0.8844,-1,-1,-1
347,22,1492.62,6.76,428.66,919.41,0.7918,-1,-1,-1
348,2,796.21,189.49,184.47,552.69,0.8372,-1,-1,-1
348,36,637.89,244.91,126.90,376.83,0.8084,-1,-1,-1
348,39,963.42,215.43,129.71,427.80,0.7688,-1,-1,-1
348,44,759.45,230.07,88.64,398.25,0.6800,-1,-1,-1
348,45,1191.85,143.62,253.37,708.30,0.8904,-1,-1,-1
348,22,1555.87,15.63,364.68,921.37,0.8336,-1,-1,-1
349,2,796.93,189.73,183.47,553.42,0.8328,-1,-1,-1
349,36,629.59,237.91,130.38,386.72,0.8215,-1,-1,-1
349,39,959.96,214.35,131.76,428.46,0.7865,-1,-1,-1
349,44,757.15,226.24,88.70,403.89,0.6884,-1,-1,-1
349,45,1184.55,141.97,257.76,700.03,0.8941,-1,-1,-1
349,22,1630.17,41.76,290.55,844.50,0.6176,-1,-1,-1
349,43,487.92,302.50,55.57,176.45,0.3405,-1,-1,-1
350,2,796.24,191.73,183.28,549.77,0.8526,-1,-1,-1
350,36,622.77,235.73,132.10,389.61,0.8170,-1,-1,-1
350,39,959.99,216.08,128.39,428.56,0.7828,-1,-1,-1
350,44,753.47,224.70,91.53,408.89,0.7422,-1,-1,-1
350,45,1177.42,142.52,260.99,694.02,0.9022,-1,-1,-1
350,43,482.80,306.83,58.06,174.33,0.3178,-1,-1,-1
351,2,794.41,192.37,185.10,546.39,0.8546,-1,-1,-1
351,36,617.62,236.85,132.80,393.26,0.8096,-1,-1,-1
351,39,963.10,217.07,121.43,429.64,0.7628,-1,-1,-1
351,44,749.47,222.27,92.58,414.17,0.7205,-1,-1,-1
351,45,1169.33,143.78,265.25,692.91,0.9032,-1,-1,-1
351,43,477.42,303.22,57.20,179.85,0.3567,-1,-1,-1
352,2,797.13,191.35,181.71,546.68,0.8533,-1,-1,-1
352,36,611.38,235.54,133.57,397.03,0.8204,-1,-1,-1
352,39,960.23,217.20,120.89,432.45,0.7866,-1,-1,-1
352,44,742.59,219.38,96.44,419.99,0.7635,-1,-1,-1
352,45,1161.80,143.74,270.32,696.20,0.9019,-1,-1,-1
352,43,471.09,302.40,58.22,179.58,0.2601,-1,-1,-1
352,48,1081.14,328.44,68.58,183.01,0.4212,-1,-1,-1
353,2,799.15,189.64,181.10,547.94,0.8544,-1,-1,-1
353,36,606.41,230.62,131.23,401.83,0.8320,-1,-1,-1
353,39,958.09,216.56,119.29,431.97,0.7814,-1,-1,-1
353,44,735.53,213.98,100.10,426.95,0.7588,-1,-1,-1
353,45,1156.07,143.01,270.78,700.31,0.9061,-1,-1,-1
353,43,464.95,297.56,52.99,182.46,0.2635,-1,-1,-1
353,48,1072.92,322.63,64.98,184.42,0.2708,-1,-1,-1
354,2,796.75,191.17,180.20,541.00,0.8786,-1,-1,-1
354,36,595.98,228.87,134.72,403.18,0.8402,-1,-1,-1
354,39,957.26,217.83,115.10,430.63,0.8014,-1,-1,-1
354,44,727.13,212.35,106.21,431.16,0.7821,-1,-1,-1
354,45,1149.22,143.55,271.24,705.54,0.9092,-1,-1,-1
354,48,1056.13,321.12,73.51,185.44,0.4930,-1,-1,-1
355,2,795.54,190.29,177.13,534.88,0.8715,-1,-1,-1
355,36,587.86,228.61,133.21,405.45,0.8502,-1,-1,-1
355,39,951.85,219.03,112.91,429.05,0.8028,-1,-1,-1
355,44,717.51,208.67,113.23,438.04,0.7994,-1,-1,-1
355,45,1143.59,143.59,273.17,709.12,0.9114,-1,-1,-1
355,48,1045.41,318.21,78.47,187.71,0.6038,-1,-1,-1
356,2,794.14,188.08,175.19,530.39,0.8466,-1,-1,-1
356,36,574.25,225.47,139.44,410.96,0.7329,-1,-1,-1
356,39,945.33,219.89,112.53,428.70,0.7971,-1,-1,-1
356,44,711.42,206.98,112.76,441.87,0.7956,-1,-1,-1
356,45,1136.38,142.55,277.50,711.80,0.9122,-1,-1,-1
356,48,1037.92,315.66,77.08,189.07,0.4223,-1,-1,-1
357,2,792.83,188.57,172.56,526.11,0.8534,-1,-1,-1
357,36,566.95,223.99,137.43,416.09,0.8209,-1,-1,-1
357,39,939.68,216.99,111.00,430.53,0.7733,-1,-1,-1
357,44,699.39,204.33,118.30,447.46,0.8156,-1,-1,-1
357,45,1133.36,141.26,275.13,715.41,0.9101,-1,-1,-1
357,48,1034.03,320.85,68.59,184.23,0.5093,-1,-1,-1
358,2,786.63,185.52,171.41,533.29,0.8456,-1,-1,-1
358,36,555.28,221.33,138.19,416.40,0.8381,-1,-1,-1
358,39,936.02,216.14,108.33,433.84,0.7533,-1,-1,-1
358,44,685.96,200.01,124.74,453.38,0.8259,-1,-1,-1
358,45,1127.07,141.38,276.45,718.17,0.9096,-1,-1,-1
358,48,1024.87,319.27,67.84,183.34,0.6308,-1,-1,-1
358,43,420.65,293.97,59.23,187.87,0.4942,-1,-1,-1
359,2,786.05,182.48,164.83,537.39,0.8553,-1,-1,-1
359,36,540.63,221.44,141.03,420.07,0.8264,-1,-1,-1
359,39,925.86,216.53,109.83,437.27,0.7788,-1,-1,-1
359,44,673.03,195.87,134.02,453.97,0.7881,-1,-1,-1
359,45,1120.60,140.87,278.48,719.95,0.9081,-1,-1,-1
359,48,1015.48,315.02,69.51,188.74,0.4346,-1,-1,-1
360,2,780.60,180.08,163.60,542.90,0.8694,-1,-1,-1
360,36,526.30,220.51,144.86,426.75,0.8213,-1,-1,-1
360,39,917.73,215.02,108.67,441.52,0.8036,-1,-1,-1
360,44,658.83,193.78,140.24,458.81,0.8507,-1,-1,-1
360,45,1114.58,140.63,278.38,723.33,0.9103,-1,-1,-1
360,48,1005.38,315.51,69.86,188.21,0.5751,-1,-1,-1
361,2,774.06,179.51,163.10,544.86,0.8703,-1,-1,-1
361,36,511.87,219.10,147.04,430.84,0.8108,-1,-1,-1
361,39,912.38,214.99,105.30,443.82,0.8196,-1,-1,-1
361,44,650.03,191.15,141.69,466.64,0.8321,-1,-1,-1
361,45,1109.95,141.00,276.60,726.04,0.9073,-1,-1,-1
361,48,994.74,314.02,72.74,190.57,0.6068,-1,-1,-1
361,43,391.33,293.80,56.85,188.42,0.4515,-1,-1,-1
362,2,768.90,181.02,161.62,549.75,0.8696,-1,-1,-1
362,36,494.57,222.50,151.32,431.88,0.8175,-1,-1,-1
362,39,905.72,216.71,103.87,441.10,0.7837,-1,-1,-1
362,44,634.76,191.93,150.74,467.50,0.8563,-1,-1,-1
362,45,1106.06,141.70,274.63,725.92,0.9080,-1,-1,-1
362,48,988.17,317.98,73.93,187.81,0.6272,-1,-1,-1
362,43,382.61,298.23,55.58,188.96,0.3406,-1,-1,-1
363,2,764.38,183.85,159.29,549.02,0.8489,-1,-1,-1
363,36,481.65,222.42,153.18,441.87,0.7934,-1,-1,-1
363,39,900.10,213.67,100.53,441.61,0.7350,-1,-1,-1
363,44,619.66,191.77,158.67,470.49,0.8523,-1,-1,-1
363,45,1101.82,140.48,274.54,732.49,0.9079,-1,-1,-1
363,48,981.91,319.36,74.57,190.11,0.5426,-1,-1,-1
363,43,374.97,300.38,52.26,187.93,0.2838,-1,-1,-1
364,2,763.09,188.83,155.17,549.54,0.8128,-1,-1,-1
364,36,466.16,219.93,159.47,454.12,0.7917,-1,-1,-1
364,39,896.92,211.32,98.43,441.22,0.7013,-1,-1,-1
364,44,607.06,189.90,167.47,479.04,0.8518,-1,-1,-1
364,45,1101.03,137.78,273.09,736.02,0.9065,-1,-1,-1
364,48,973.42,314.08,78.79,195.81,0.5646,-1,-1,-1
364,43,367.11,299.25,56.26,191.53,0.2816,-1,-1,-1
365,2,762.89,193.22,156.01,548.62,0.8135,-1,-1,-1
365,36,442.33,221.54,178.05,458.88,0.8289,-1,-1,-1
365,39,895.75,210.48,93.85,445.25,0.6427,-1,-1,-1
365,44,593.07,191.60,179.38,483.98,0.8249,-1,-1,-1
365,45,1101.58,137.55,270.78,737.80,0.8993,-1,-1,-1
365,48,968.38,316.44,81.11,195.95,0.5229,-1,-1,-1
366,2,760.64,199.04,154.27,544.62,0.8147,-1,-1,-1
366,36,438.01,222.64,174.72,462.08,0.8047,-1,-1,-1
366,39,893.80,212.35,89.97,441.49,0.6736,-1,-1,-1
366,44,586.06,195.88,182.63,483.99,0.8612,-1,-1,-1
366,45,1099.75,138.35,269.07,732.65,0.9022,-1,-1,-1
366,48,963.50,321.18,83.26,194.06,0.4406,-1,-1,-1
366,43,357.33,304.45,60.75,189.47,0.3828,-1,-1,-1
367,2,760.43,198.57,153.07,543.99,0.8245,-1,-1,-1
367,36,434.49,222.02,170.42,466.50,0.7961,-1,-1,-1
367,39,893.87,208.50,87.55,441.05,0.6703,-1,-1,-1
367,44,587.28,193.42,180.46,489.81,0.8712,-1,-1,-1
367,45,1100.14,135.57,269.05,727.46,0.9027,-1,-1,-1
367,48,963.06,314.02,82.85,198.52,0.4086,-1,-1,-1
367,43,354.77,307.92,66.05,186.45,0.3066,-1,-1,-1
368,2,760.24,198.40,153.91,545.37,0.8273,-1,-1,-1
368,36,431.59,221.11,173.64,471.80,0.8179,-1,-1,-1
368,39,894.27,206.78,85.01,437.68,0.6241,-1,-1,-1
368,44,590.17,192.80,175.18,498.36,0.8599,-1,-1,-1
368,45,1100.30,133.82,268.49,722.78,0.9023,-1,-1,-1
368,48,959.74,310.46,83.48,199.44,0.4084,-1,-1,-1
368,43,355.18,310.43,59.90,184.18,0.2226,-1,-1,-1
369,2,759.77,196.02,158.74,546.86,0.8538,-1,-1,-1
369,36,426.70,220.56,173.87,474.42,0.8273,-1,-1,-1
369,39,895.17,204.37,83.45,437.70,0.5823,-1,-1,-1
369,44,590.01,191.09,171.05,505.28,0.8629,-1,-1,-1
369,45,1102.64,133.42,266.22,717.17,0.9053,-1,-1,-1
369,48,959.14,313.80,85.18,197.69,0.4774,-1,-1,-1
369,43,354.20,308.46,56.97,187.57,0.2115,-1,-1,-1
370,2,759.74,194.74,163.20,542.15,0.8226,-1,-1,-1
370,36,422.66,221.70,174.62,476.36,0.8256,-1,-1,-1
370,39,895.95,205.40,83.76,437.86,0.6354,-1,-1,-1
370,44,587.25,192.81,169.08,509.58,0.8552,-1,-1,-1
370,45,1104.36,133.18,264.91,716.42,0.9057,-1,-1,-1
370,48,960.96,289.64,80.31,221.00,0.2562,-1,-1,-1
371,2,758.91,195.68,165.45,539.07,0.8487,-1,-1,-1
371,36,418.65,223.44,177.35,479.33,0.8528,-1,-1,-1
371,39,897.64,207.18,83.69,440.06,0.6904,-1,-1,-1
371,44,584.29,194.60,168.48,516.63,0.8636,-1,-1,-1
371,45,1106.45,133.40,261.62,720.25,0.9058,-1,-1,-1
371,48,963.15,303.91,80.00,208.38,0.2859,-1,-1,-1
372,2,761.41,195.42,164.18,539.48,0.8480,-1,-1,-1
372,36,415.81,223.68,178.22,481.77,0.8710,-1,-1,-1
372,39,901.00,208.47,81.45,442.31,0.6810,-1,-1,-1
372,44,580.37,193.58,170.04,524.32,0.8649,-1,-1,-1
372,45,1110.78,133.12,256.78,726.44,0.9056,-1,-1,-1
372,48,963.98,312.93,78.89,200.78,0.4475,-1,-1,-1
373,2,762.12,198.14,166.08,539.19,0.8569,-1,-1,-1
373,36,413.25,225.32,177.58,483.63,0.8658,-1,-1,-1
373,39,902.25,209.96,80.65,439.99,0.6624,-1,-1,-1
373,44,574.89,193.34,174.31,529.25,0.8676,-1,-1,-1
373,45,1113.41,136.72,254.03,729.86,0.8971,-1,-1,-1
373,48,965.47,320.79,81.36,196.97,0.4449,-1,-1,-1
374,2,763.19,198.33,167.47,540.41,0.8472,-1,-1,-1
374,36,409.10,225.89,176.55,487.53,0.8637,-1,-1,-1
374,39,903.33,210.70,83.52,443.39,0.6742,-1,-1,-1
374,44,568.88,191.97,178.63,533.28,0.8707,-1,-1,-1
374,45,1115.50,139.44,250.88,735.25,0.8923,-1,-1,-1
374,48,966.86,327.05,83.03,193.32,0.4820,-1,-1,-1
375,2,765.55,200.73,166.62,543.32,0.8540,-1,-1,-1
375,36,403.57,228.99,175.19,489.14,0.8467,-1,-1,-1
375,39,906.39,211.19,81.79,446.42,0.6609,-1,-1,-1
375,44,561.44,191.52,186.21,541.55,0.8769,-1,-1,-1
375,45,1118.49,141.23,246.54,741.15,0.8946,-1,-1,-1
375,48,967.26,330.17,82.05,195.28,0.5213,-1,-1,-1
376,2,768.87,203.47,164.70,546.49,0.8527,-1,-1,-1
376,36,396.52,229.50,173.23,499.33,0.8512,-1,-1,-1
376,39,908.60,217.72,81.22,447.24,0.6487,-1,-1,-1
376,44,557.65,191.40,189.14,549.14,0.8626,-1,-1,-1
376,45,1121.35,143.38,240.39,746.93,0.8951,-1,-1,-1
376,48,967.46,322.31,83.57,206.75,0.3930,-1,-1,-1
377,2,773.15,206.19,162.25,549.33,0.8858,-1,-1,-1
377,36,393.46,226.24,171.91,512.96,0.8410,-1,-1,-1
377,39,913.18,222.54,77.22,447.37,0.7020,-1,-1,-1
377,44,550.95,188.64,194.46,554.15,0.8650,-1,-1,-1
377,45,1122.42,150.61,238.37,748.17,0.8949,-1,-1,-1
377,48,971.08,333.90,82.09,199.66,0.4268,-1,-1,-1
378,2,780.05,211.06,157.96,547.95,0.8388,-1,-1,-1
378,36,388.73,222.25,172.03,524.52,0.8225,-1,-1,-1
378,39,915.81,230.08,76.80,441.32,0.7254,-1,-1,-1
378,44,544.79,187.79,200.17,555.93,0.8594,-1,-1,-1
378,45,1123.53,156.39,237.23,748.68,0.8988,-1,-1,-1
378,48,973.61,338.41,81.55,198.40,0.3577,-1,-1,-1
379,2,780.55,214.03,159.62,551.68,0.8406,-1,-1,-1
379,36,385.54,220.78,168.24,533.98,0.8024,-1,-1,-1
379,39,917.93,234.92,75.80,437.21,0.6472,-1,-1,-1
379,44,537.64,188.91,205.70,560.85,0.8640,-1,-1,-1
379,45,1124.51,157.39,235.88,754.32,0.8961,-1,-1,-1
379,48,972.85,338.75,82.93,201.16,0.4146,-1,-1,-1
379,51,737.33,318.64,51.13,197.38,0.4671,-1,-1,-1
380,2,783.51,216.70,158.80,550.02,0.8445,-1,-1,-1
380,36,377.41,216.32,172.89,546.36,0.8125,-1,-1,-1
380,39,916.69,238.71,79.69,434.57,0.7158,-1,-1,-1
380,44,532.94,187.64,208.50,568.32,0.8709,-1,-1,-1
380,45,1124.46,159.16,234.78,757.09,0.8913,-1,-1,-1
380,48,976.97,345.01,80.17,196.84,0.3364,-1,-1,-1
380,51,736.79,317.36,56.14,202.47,0.5991,-1,-1,-1
381,2,784.46,220.06,159.54,548.56,0.8390,-1,-1,-1
381,36,373.94,212.84,173.89,556.93,0.8108,-1,-1,-1
381,39,916.64,242.54,80.37,432.96,0.7361,-1,-1,-1
381,44,524.11,184.79,213.08,577.65,0.8745,-1,-1,-1
381,45,1121.93,158.93,234.32,756.45,0.8835,-1,-1,-1
381,48,979.59,344.05,78.58,198.69,0.3937,-1,-1,-1
381,51,735.17,316.41,59.27,209.71,0.6482,-1,-1,-1
382,2,784.85,220.31,159.20,546.07,0.8463,-1,-1,-1
382,36,370.41,210.44,177.19,566.76,0.8096,-1,-1,-1
382,39,918.26,244.07,82.18,434.27,0.7016,-1,-1,-1
382,44,520.69,182.72,214.51,588.58,0.8719,-1,-1,-1
382,45,1119.25,157.46,232.85,760.03,0.8809,-1,-1,-1
382,48,981.89,351.21,76.80,192.47,0.4971,-1,-1,-1
382,51,732.99,316.59,61.48,213.04,0.6496,-1,-1,-1
383,2,785.41,218.32,159.38,543.00,0.8407,-1,-1,-1
383,36,364.53,207.22,177.29,571.29,0.8214,-1,-1,-1
383,39,919.80,241.88,83.40,436.99,0.6832,-1,-1,-1
383,44,513.31,179.49,220.05,599.66,0.8766,-1,-1,-1
383,45,1114.24,154.84,233.19,762.08,0.8807,-1,-1,-1
383,48,983.30,353.08,74.56,190.33,0.4690,-1,-1,-1
383,51,731.48,317.08,61.38,210.59,0.6423,-1,-1,-1
384,2,785.83,217.58,160.78,541.31,0.8469,-1,-1,-1
384,36,356.49,205.85,180.41,574.19,0.8233,-1,-1,-1
384,39,920.08,244.09,93.90,435.54,0.5744,-1,-1,-1
384,44,506.30,177.26,223.05,607.82,0.8648,-1,-1,-1
384,45,1110.21,152.89,234.32,766.39,0.8834,-1,-1,-1
384,48,981.92,351.60,75.68,192.40,0.2777,-1,-1,-1
384,51,728.06,319.14,62.54,211.21,0.6524,-1,-1,-1
385,2,785.73,217.93,163.04,543.10,0.8420,-1,-1,-1
385,36,348.54,208.52,187.14,575.01,0.8393,-1,-1,-1
385,39,919.53,246.13,99.54,435.03,0.6022,-1,-1,-1
385,44,504.76,176.11,222.75,616.53,0.8602,-1,-1,-1
385,45,1106.88,155.85,238.53,763.14,0.8836,-1,-1,-1
385,48,979.73,351.24,76.01,195.62,0.2928,-1,-1,-1
385,51,726.48,321.56,64.55,212.65,0.6962,-1,-1,-1
386,2,782.51,215.57,166.85,536.08,0.8175,-1,-1,-1
386,36,341.48,206.87,185.25,574.05,0.8334,-1,-1,-1
386,39,920.93,244.63,91.29,429.92,0.5452,-1,-1,-1
386,44,495.36,173.12,229.84,622.49,0.8639,-1,-1,-1
386,45,1098.56,156.61,248.41,758.76,0.8873,-1,-1,-1
386,48,978.33,350.70,75.78,196.75,0.3372,-1,-1,-1
386,51,726.87,320.10,62.29,211.36,0.6585,-1,-1,-1
387,2,778.86,213.85,169.19,532.29,0.8363,-1,-1,-1
387,36,332.46,201.69,187.17,583.97,0.8386,-1,-1,-1
387,39,919.46,244.78,83.94,430.60,0.6183,-1,-1,-1
387,44,486.11,169.04,235.46,631.48,0.8619,-1,-1,-1
387,45,1088.35,156.59,259.86,752.47,0.8935,-1,-1,-1
387,48,977.79,349.89,75.98,197.64,0.3528,-1,-1,-1
387,51,722.53,318.04,64.94,212.39,0.6777,-1,-1,-1
388,2,777.73,212.01,170.80,531.71,0.8343,-1,-1,-1
388,36,322.10,194.41,190.40,595.30,0.8473,-1,-1,-1
388,39,918.04,241.28,85.02,433.17,0.5092,-1,-1,-1
388,44,478.91,166.42,237.70,646.37,0.8644,-1,-1,-1
388,45,1083.49,157.93,266.16,746.67,0.8875,-1,-1,-1
388,48,976.28,348.56,76.14,199.11,0.3801,-1,-1,-1
388,51,718.86,317.26,67.78,211.47,0.7096,-1,-1,-1
389,2,778.33,209.84,167.04,536.46,0.8424,-1,-1,-1
389,36,314.97,187.04,190.82,604.83,0.8409,-1,-1,-1
389,39,916.68,242.38,83.88,433.84,0.5924,-1,-1,-1
389,44,476.46,162.13,236.54,657.89,0.8636,-1,-1,-1
389,45,1081.70,157.57,268.75,747.75,0.8912,-1,-1,-1
389,48,974.54,334.07,79.91,216.30,0.3130,-1,-1,-1
389,51,717.14,316.85,68.87,212.60,0.6896,-1,-1,-1
390,2,777.65,210.03,164.44,539.47,0.8471,-1,-1,-1
390,36,306.40,183.67,195.82,609.62,0.8351,-1,-1,-1
390,39,915.34,242.27,81.75,433.47,0.6595,-1,-1,-1
390,44,475.86,156.57,235.54,669.07,0.8716,-1,-1,-1
390,45,1078.10,157.13,273.92,750.10,0.8850,-1,-1,-1
390,48,975.79,337.00,79.14,214.97,0.3818,-1,-1,-1
390,51,715.28,316.78,71.25,213.23,0.7293,-1,-1,-1
391,2,773.67,209.62,164.69,542.47,0.8496,-1,-1,-1
391,36,295.36,180.65,200.83,614.51,0.8369,-1,-1,-1
391,39,911.73,238.38,83.67,436.25,0.6522,-1,-1,-1
391,44,474.38,149.77,236.96,678.90,0.8719,-1,-1,-1
391,45,1069.40,157.25,283.29,754.53,0.8883,-1,-1,-1
391,48,976.50,340.75,75.46,211.42,0.6000,-1,-1,-1
391,51,711.63,316.23,74.26,213.67,0.7365,-1,-1,-1
392,2,771.17,210.80,164.12,545.60,0.8333,-1,-1,-1
392,36,286.71,175.75,202.99,624.64,0.8499,-1,-1,-1
392,39,908.95,235.84,82.95,439.09,0.6605,-1,-1,-1
392,44,473.97,143.90,235.90,689.18,0.8749,-1,-1,-1
392,45,1062.30,156.61,290.07,762.99,0.8942,-1,-1,-1
392,48,976.66,335.38,73.90,215.99,0.4812,-1,-1,-1
392,51,708.00,314.70,77.43,214.96,0.7613,-1,-1,-1
393,2,769.22,216.76,165.85,540.05,0.8213,-1,-1,-1
393,36,273.61,171.83,209.13,633.30,0.8569,-1,-1,-1
393,39,906.28,238.03,84.24,437.04,0.6176,-1,-1,-1
393,44,471.94,139.41,234.12,696.69,0.8783,-1,-1,-1
393,45,1058.09,156.79,293.97,768.52,0.8968,-1,-1,-1
393,48,974.72,331.06,74.78,219.58,0.5628,-1,-1,-1
393,51,706.12,313.97,78.37,216.79,0.7597,-1,-1,-1
394,2,767.16,218.64,163.05,538.71,0.8077,-1,-1,-1
394,36,260.65,165.21,216.90,642.66,0.8637,-1,-1,-1
394,39,904.80,235.00,82.32,435.98,0.6201,-1,-1,-1
394,44,465.70,133.44,235.84,704.93,0.8821,-1,-1,-1
394,45,1055.56,156.19,295.68,771.83,0.9046,-1,-1,-1
394,48,972.63,329.92,76.55,219.97,0.6044,-1,-1,-1
394,51,703.00,313.34,79.18,216.25,0.7511,-1,-1,-1
395,2,761.96,220.10,164.34,538.76,0.8039,-1,-1,-1
395,36,231.33,160.53,238.93,648.60,0.8654,-1,-1,-1
395,39,901.74,232.75,81.88,436.84,0.6272,-1,-1,-1
395,44,461.34,127.32,234.95,714.59,0.8771,-1,-1,-1
395,45,1052.52,155.91,298.05,776.28,0.9004,-1,-1,-1
395,48,970.98,338.24,74.17,210.49,0.6177,-1,-1,-1
395,51,700.83,311.77,79.01,217.47,0.7431,-1,-1,-1
396,2,759.29,222.28,162.78,535.26,0.8093,-1,-1,-1
396,36,223.34,157.33,235.08,659.88,0.8676,-1,-1,-1
396,39,899.80,235.74,81.74,433.90,0.6877,-1,-1,-1
396,44,454.96,118.48,237.10,726.13,0.8803,-1,-1,-1
396,45,1050.76,155.91,300.56,777.87,0.8992,-1,-1,-1
396,48,969.32,338.19,73.66,210.06,0.6425,-1,-1,-1
396,51,697.79,309.75,78.65,218.50,0.7349,-1,-1,-1
396,52,1028.15,378.71,44.10,170.05,0.3486,-1,-1,-1
397,2,756.70,222.07,160.57,532.06,0.8139,-1,-1,-1
397,36,198.53,155.70,251.34,667.26,0.8704,-1,-1,-1
397,39,897.04,237.72,81.89,430.13,0.6888,-1,-1,-1
397,44,445.50,110.55,242.08,736.84,0.8861,-1,-1,-1
397,45,1050.23,155.74,300.44,779.88,0.8981,-1,-1,-1
397,48,967.88,337.16,75.19,210.11,0.6283,-1,-1,-1
397,51,695.73,309.14,75.64,219.93,0.7448,-1,-1,-1
397,52,1025.66,379.35,45.78,167.28,0.2349,-1,-1,-1
398,2,752.14,218.92,159.76,536.01,0.8315,-1,-1,-1
398,36,174.39,148.73,268.66,684.60,0.8857,-1,-1,-1
398,39,894.06,238.31,82.81,430.13,0.6818,-1,-1,-1
398,44,435.32,102.18,248.94,747.57,0.8952,-1,-1,-1
398,45,1049.77,155.61,298.33,781.45,0.8983,-1,-1,-1
398,48,967.53,338.12,75.61,208.45,0.6035,-1,-1,-1
398,51,693.07,307.12,72.78,221.53,0.7580,-1,-1,-1
398,52,1024.78,379.31,46.94,165.93,0.2230,-1,-1,-1
399,2,747.25,216.37,158.98,537.42,0.8551,-1,-1,-1
399,36,142.79,144.17,288.00,697.83,0.8968,-1,-1,-1
399,39,888.43,238.22,87.30,430.48,0.7183,-1,-1,-1
399,44,426.90,94.37,254.05,757.05,0.8931,-1,-1,-1
399,45,1050.36,155.21,295.38,784.55,0.8964,-1,-1,-1
399,48,966.94,336.17,75.87,210.60,0.6223,-1,-1,-1
399,51,691.09,304.64,69.67,224.21,0.7869,-1,-1,-1
399,52,1025.07,379.02,45.79,163.56,0.2291,-1,-1,-1
400,2,740.62,216.37,159.43,531.62,0.8430,-1,-1,-1
400,36,126.15,141.50,294.33,705.82,0.8944,-1,-1,-1
400,39,882.01,238.85,91.36,431.25,0.7513,-1,-1,-1
400,44,418.69,90.05,262.77,764.57,0.8945,-1,-1,-1
400,45,1050.18,154.93,294.00,787.83,0.8989,-1,-1,-1
400,48,964.94,330.96,81.05,216.94,0.5428,-1,-1,-1
400,51,690.03,305.01,67.09,223.62,0.7743,-1,-1,-1
401,2,731.71,216.27,163.56,521.71,0.8636,-1,-1,-1
401,36,114.55,139.59,294.76,717.91,0.8956,-1,-1,-1
401,39,877.76,235.90,93.47,437.31,0.7815,-1,-1,-1
401,44,412.21,84.85,270.22,775.16,0.8992,-1,-1,-1
401,45,1051.27,154.56,290.72,784.90,0.8997,-1,-1,-1
401,48,964.57,330.06,83.40,217.73,0.6051,-1,-1,-1
401,51,687.31,304.11,66.03,223.81,0.7249,-1,-1,-1
402,2,727.78,213.40,165.45,520.40,0.8793,-1,-1,-1
402,36,109.52,136.22,290.32,728.04,0.8979,-1,-1,-1
402,39,874.66,235.12,96.93,438.66,0.8049,-1,-1,-1
402,44,405.74,79.90,277.75,791.22,0.8986,-1,-1,-1
402,45,1054.29,149.65,286.07,790.79,0.8974,-1,-1,-1
402,48,965.75,329.77,81.19,216.82,0.6069,-1,-1,-1
402,51,686.80,302.46,63.86,225.46,0.5681,-1,-1,-1
403,2,725.34,212.70,166.05,521.43,0.8770,-1,-1,-1
403,36,102.54,135.08,284.98,746.61,0.8964,-1,-1,-1
403,39,873.22,236.41,98.13,438.80,0.8046,-1,-1,-1
403,44,398.40,75.62,285.89,813.32,0.9080,-1,-1,-1
403,45,1058.11,149.54,281.81,796.23,0.8966,-1,-1,-1
403,48,968.86,338.93,77.65,207.99,0.5806,-1,-1,-1
403,51,686.75,303.09,62.82,227.88,0.5825,-1,-1,-1
404,2,723.14,212.86,166.61,523.87,0.8639,-1,-1,-1
404,36,92.42,132.15,283.27,768.01,0.9013,-1,-1,-1
404,39,872.88,237.50,99.11,443.25,0.8013,-1,-1,-1
404,44,389.66,73.57,292.71,835.91,0.9093,-1,-1,-1
404,45,1063.19,149.50,281.81,796.58,0.8900,-1,-1,-1
404,48,970.33,339.32,78.22,210.23,0.6397,-1,-1,-1
404,51,686.26,304.32,62.62,228.75,0.5454,-1,-1,-1
405,2,724.55,214.25,164.37,524.79,0.8624,-1,-1,-1
405,36,78.05,129.85,288.56,782.47,0.8914,-1,-1,-1
405,39,872.90,238.61,99.39,442.11,0.8016,-1,-1,-1
405,44,378.20,73.31,302.57,842.60,0.9082,-1,-1,-1
405,45,1063.86,150.49,285.34,793.27,0.8890,-1,-1,-1
405,48,972.01,338.97,79.65,211.25,0.6547,-1,-1,-1
405,51,687.21,304.10,61.32,229.81,0.5208,-1,-1,-1
406,2,723.46,215.68,166.47,526.03,0.8495,-1,-1,-1
406,36,58.65,128.82,301.05,791.57,0.8919,-1,-1,-1
406,39,873.23,239.22,101.47,439.73,0.7965,-1,-1,-1
406,44,367.18,71.75,313.77,853.11,0.9054,-1,-1,-1
406,45,1065.56,150.04,287.42,785.92,0.8773,-1,-1,-1
406,48,975.35,342.14,83.12,211.52,0.6673,-1,-1,-1
406,51,688.70,304.68,61.99,231.49,0.4920,-1,-1,-1
407,2,725.86,217.32,165.24,527.57,0.8588,-1,-1,-1
407,36,55.13,122.77,301.72,805.03,0.8889,-1,-1,-1
407,39,873.53,239.13,102.47,441.49,0.7980,-1,-1,-1
407,44,357.09,72.51,325.98,861.61,0.9049,-1,-1,-1
407,45,1070.71,149.60,284.67,780.83,0.8776,-1,-1,-1
407,48,978.21,345.81,84.16,209.21,0.6536,-1,-1,-1
407,51,689.68,305.36,63.52,234.95,0.5950,-1,-1,-1
408,2,725.77,219.54,166.89,528.43,0.8643,-1,-1,-1
408,36,41.43,118.09,311.55,814.58,0.9036,-1,-1,-1
408,39,872.89,239.79,104.71,441.37,0.7925,-1,-1,-1
408,44,350.72,70.12,332.14,875.66,0.9037,-1,-1,-1
408,45,1076.21,149.21,280.89,779.14,0.8891,-1,-1,-1
408,48,980.98,338.08,84.99,218.18,0.6137,-1,-1,-1
408,51,693.24,305.19,60.94,237.50,0.4717,-1,-1,-1
409,2,728.54,220.92,166.69,532.59,0.8602,-1,-1,-1
409,36,42.29,114.53,310.54,826.26,0.9046,-1,-1,-1
409,39,873.54,241.69,106.94,438.23,0.8035,-1,-1,-1
409,44,350.86,67.81,330.47,894.67,0.9088,-1,-1,-1
409,45,1083.46,149.95,276.15,782.65,0.8948,-1,-1,-1
409,48,986.53,342.57,79.60,212.88,0.6596,-1,-1,-1
409,51,699.17,306.73,55.35,240.42,0.4869,-1,-1,-1
410,2,731.91,223.57,165.82,533.92,0.8375,-1,-1,-1
410,36,38.72,111.27,314.10,837.03,0.9032,-1,-1,-1
410,39,875.37,240.54,113.52,438.24,0.7898,-1,-1,-1
410,44,355.25,65.29,322.04,912.33,0.9161,-1,-1,-1
410,45,1090.99,151.20,272.20,785.75,0.8921,-1,-1,-1
410,48,993.91,345.85,76.21,210.08,0.6303,-1,-1,-1
410,51,704.37,308.83,56.78,242.17,0.6070,-1,-1,-1
411,2,733.82,224.46,168.87,535.46,0.8013,-1,-1,-1
411,36,30.21,105.38,313.70,847.80,0.9078,-1,-1,-1
411,39,880.55,239.68,113.57,438.40,0.7871,-1,-1,-1
411,44,356.34,61.18,318.16,925.61,0.9157,-1,-1,-1
411,45,1099.33,149.66,267.40,793.71,0.8892,-1,-1,-1
411,48,999.77,349.74,80.04,207.92,0.6637,-1,-1,-1
411,51,710.00,308.80,54.93,242.26,0.5890,-1,-1,-1
412,2,736.14,225.70,171.14,533.02,0.8136,-1,-1,-1
412,36,19.82,96.52,314.12,859.88,0.9168,-1,-1,-1
412,39,887.62,236.38,110.55,442.54,0.7517,-1,-1,-1
412,44,352.43,55.77,318.93,954.44,0.9129,-1,-1,-1
412,45,1103.33,152.36,269.22,798.32,0.8924,-1,-1,-1
412,48,1003.93,347.13,82.39,211.45,0.7008,-1,-1,-1
412,51,715.66,308.27,55.11,240.83,0.5475,-1,-1,-1
412,53,653.27,342.60,54.26,191.21,0.6279,-1,-1,-1
412,52,1068.81,376.25,50.62,166.47,0.3598,-1,-1,-1
413,2,740.74,225.98,171.99,529.71,0.8177,-1,-1,-1
413,36,5.12,89.52,320.40,869.81,0.9265,-1,-1,-1
413,39,891.09,231.55,113.39,445.09,0.7522,-1,-1,-1
413,44,346.07,48.75,323.89,977.04,0.9110,-1,-1,-1
413,45,1105.61,153.46,273.47,802.85,0.8973,-1,-1,-1
413,48,1010.27,344.64,80.12,213.50,0.5994,-1,-1,-1
413,51,723.14,306.56,53.81,241.06,0.4628,-1,-1,-1
413,53,653.17,345.61,57.93,187.92,0.6630,-1,-1,-1
413,52,1075.32,376.38,50.42,175.17,0.2040,-1,-1,-1
414,2,748.75,226.45,168.73,526.77,0.8206,-1,-1,-1
414,36,-2.32,82.35,321.38,880.68,0.9296,-1,-1,-1
414,39,893.61,232.68,119.48,445.45,0.7817,-1,-1,-1
414,44,337.66,38.94,326.78,996.88,0.9023,-1,-1,-1
414,45,1109.71,153.49,274.06,807.01,0.8896,-1,-1,-1
414,48,1016.45,341.50,78.74,216.53,0.6411,-1,-1,-1
414,51,727.37,303.56,55.96,241.84,0.4855,-1,-1,-1
414,53,653.85,342.48,63.49,195.77,0.6432,-1,-1,-1
414,52,1080.55,378.38,51.46,166.05,0.1649,-1,-1,-1
415,2,752.69,224.14,168.72,528.04,0.8247,-1,-1,-1
415,36,-4.50,76.70,319.47,887.36,0.9252,-1,-1,-1
415,39,899.18,236.85,118.73,441.87,0.8092,-1,-1,-1
415,44,328.31,27.28,335.53,1017.32,0.9130,-1,-1,-1
415,45,1115.26,153.19,272.75,810.18,0.8864,-1,-1,-1
415,48,1020.43,346.90,82.05,212.86,0.6749,-1,-1,-1
415,51,731.20,302.27,56.69,238.12,0.4370,-1,-1,-1
415,53,654.69,341.92,67.12,190.07,0.6430,-1,-1,-1
415,52,1089.69,375.58,48.00,155.18,0.2052,-1,-1,-1
416,2,750.47,221.02,174.26,524.67,0.8437,-1,-1,-1
416,36,-5.45,66.68,315.26,907.01,0.9217,-1,-1,-1
416,39,903.70,236.58,120.03,444.96,0.7922,-1,-1,-1
416,44,317.95,14.47,343.95,1037.27,0.9137,-1,-1,-1
416,45,1119.55,151.73,272.05,814.34,0.8904,-1,-1,-1
416,48,1022.91,348.45,84.53,211.46,0.5938,-1,-1,-1
416,51,734.40,297.42,59.03,240.17,0.2761,-1,-1,-1
416,53,655.49,340.92,68.41,187.75,0.6559,-1,-1,-1
416,52,1092.65,374.91,47.99,150.50,0.2268,-1,-1,-1
417,2,747.79,221.00,179.28,522.25,0.8358,-1,-1,-1
417,36,-6.05,57.14,311.58,941.54,0.9180,-1,-1,-1
417,39,905.75,236.85,120.80,445.08,0.7983,-1,-1,-1
417,44,298.30,5.00,360.19,1053.88,0.9091,-1,-1,-1
417,45,1123.48,150.93,269.54,822.44,0.8915,-1,-1,-1
417,48,1027.70,345.44,83.17,213.24,0.6625,-1,-1,-1
417,51,735.45,296.14,59.95,240.92,0.2234,-1,-1,-1
417,53,655.72,341.01,69.43,188.71,0.6608,-1,-1,-1
417,52,1098.28,374.45,43.63,153.63,0.2411,-1,-1,-1
418,2,746.40,219.30,182.09,521.29,0.8439,-1,-1,-1
418,36,-6.10,48.96,289.38,975.75,0.9163,-1,-1,-1
418,39,908.71,234.19,122.50,445.08,0.7835,-1,-1,-1
418,44,279.64,0.10,374.69,1062.84,0.9150,-1,-1,-1
418,45,1126.42,148.31,268.03,826.62,0.8920,-1,-1,-1
418,48,1030.52,337.82,83.34,218.42,0.6667,-1,-1,-1
418,53,655.08,339.73,69.73,190.89,0.6720,-1,-1,-1
418,52,1096.95,371.88,44.85,175.57,0.2355,-1,-1,-1
419,2,744.79,212.44,182.88,528.56,0.8543,-1,-1,-1
419,36,-5.60,41.33,269.40,992.19,0.9105,-1,-1,-1
419,39,909.96,233.75,121.25,443.92,0.7783,-1,-1,-1
419,44,259.17,-1.01,390.00,1069.13,0.9215,-1,-1,-1
419,45,1126.64,146.81,268.53,826.03,0.8903,-1,-1,-1
419,48,1032.06,336.78,84.37,219.28,0.6328,-1,-1,-1
419,53,652.65,337.70,69.54,198.69,0.6738,-1,-1,-1
419,52,1097.91,371.26,42.48,181.04,0.2184,-1,-1,-1
420,2,742.25,209.15,184.21,532.48,0.8563,-1,-1,-1
420,36,-4.64,37.56,251.81,1005.83,0.9036,-1,-1,-1
420,39,909.42,234.86,123.34,445.63,0.7857,-1,-1,-1
420,44,241.81,-0.50,401.59,1075.43,0.9256,-1,-1,-1
420,45,1126.40,144.07,269.39,827.46,0.8896,-1,-1,-1
420,48,1031.64,333.64,89.23,224.82,0.6366,-1,-1,-1
420,53,650.06,337.29,68.72,204.60,0.6768,-1,-1,-1
420,52,1099.95,370.92,39.23,185.08,0.1739,-1,-1,-1
421,2,741.38,209.84,185.62,531.01,0.8576,-1,-1,-1
421,36,-3.67,27.41,234.97,994.10,0.9001,-1,-1,-1
421,39,908.63,234.69,122.77,444.38,0.7926,-1,-1,-1
421,44,222.76,0.07,415.01,1076.66,0.9258,-1,-1,-1
421,45,1123.53,139.63,274.22,830.36,0.8914,-1,-1,-1
421,48,1031.53,334.03,90.81,224.29,0.6429,-1,-1,-1
421,53,648.52,336.54,69.46,205.62,0.6761,-1,-1,-1
422,2,739.63,210.43,184.49,538.01,0.8471,-1,-1,-1
422,36,-3.33,17.11,216.71,992.86,0.8890,-1,-1,-1
422,39,907.14,235.18,122.54,445.16,0.7920,-1,-1,-1
422,44,202.57,-0.76,425.19,1080.04,0.9196,-1,-1,-1
422,45,1119.55,132.20,279.01,835.50,0.8866,-1,-1,-1
422,48,1031.09,337.49,90.00,220.50,0.5483,-1,-1,-1
422,53,644.22,334.15,69.88,209.43,0.6863,-1,-1,-1
423,2,737.65,210.98,179.75,537.91,0.8480,-1,-1,-1
423,36,-2.55,12.47,196.10,996.98,0.8902,-1,-1,-1
423,39,906.45,237.39,121.78,444.88,0.7741,-1,-1,-1
423,44,185.76,-1.12,430.44,1082.14,0.9225,-1,-1,-1
423,45,1112.00,127.76,286.92,839.10,0.8932,-1,-1,-1
423,48,1030.40,340.15,90.24,218.95,0.5633,-1,-1,-1
423,53,640.00,332.57,72.93,213.10,0.7180,-1,-1,-1
424,2,736.36,213.42,175.02,533.53,0.8378,-1,-1,-1
424,36,-1.94,9.03,175.25,1005.54,0.8764,-1,-1,-1
424,39,902.85,240.30,126.21,442.42,0.7509,-1,-1,-1
424,44,164.40,-0.07,439.11,1082.29,0.9273,-1,-1,-1
424,45,1106.59,126.68,294.13,838.75,0.9005,-1,-1,-1
424,48,1028.41,340.87,88.16,218.76,0.6043,-1,-1,-1
424,53,636.27,332.10,76.01,213.74,0.7002,-1,-1,-1
425,2,731.93,213.15,176.23,535.57,0.8378,-1,-1,-1
425,36,-1.55,6.16,150.21,1011.81,0.8435,-1,-1,-1
425,39,899.14,239.24,127.75,440.67,0.7744,-1,-1,-1
425,44,138.14,-0.72,455.53,1079.79,0.9242,-1,-1,-1
425,45,1100.88,125.16,300.47,832.23,0.9028,-1,-1,-1
425,48,1028.07,338.69,86.18,219.36,0.6203,-1,-1,-1
425,53,632.01,327.64,76.46,218.93,0.7007,-1,-1,-1
426,2,731.74,212.97,173.39,535.50,0.8401,-1,-1,-1
426,36,-1.51,5.09,129.72,805.71,0.5765,-1,-1,-1
426,39,894.86,237.01,132.95,442.13,0.7950,-1,-1,-1
426,44,110.99,-0.67,469.73,1077.66,0.9261,-1,-1,-1
426,45,1093.33,125.33,309.76,820.63,0.9032,-1,-1,-1
426,48,1026.56,334.85,85.34,220.04,0.6321,-1,-1,-1
426,53,629.63,326.23,74.93,217.98,0.6847,-1,-1,-1
426,54,559.63,316.74,43.18,196.34,0.4463,-1,-1,-1
427,2,728.27,214.52,176.84,536.92,0.8309,-1,-1,-1
427,36,-0.55,110.15,98.38,598.58,0.7123,-1,-1,-1
427,39,895.51,236.50,132.91,442.52,0.7799,-1,-1,-1
427,44,76.63,0.72,489.99,1073.67,0.9224,-1,-1,-1
427,45,1086.98,127.62,316.52,813.04,0.9002,-1,-1,-1
427,48,1025.13,332.91,84.92,222.62,0.5847,-1,-1,-1
427,53,625.88,326.64,74.15,220.98,0.7199,-1,-1,-1
427,54,549.90,329.63,50.87,183.25,0.5201,-1,-1,-1
428,2,720.40,218.62,181.37,531.72,0.8335,-1,-1,-1
428,36,0.12,149.23,102.50,773.86,0.4080,-1,-1,-1
428,39,892.28,236.23,136.03,442.31,0.7979,-1,-1,-1
428,44,46.48,2.34,511.00,1070.67,0.9213,-1,-1,-1
428,45,1081.56,129.25,321.42,813.36,0.9039,-1,-1,-1
428,48,1024.80,332.81,81.55,223.33,0.5002,-1,-1,-1
428,53,620.75,327.04,74.36,221.27,0.7154,-1,-1,-1
428,54,541.98,316.02,55.46,194.03,0.5874,-1,-1,-1
429,2,711.42,216.65,186.05,538.93,0.8319,-1,-1,-1
429,36,-0.27,176.76,100.62,595.68,0.2037,-1,-1,-1
429,39,892.99,235.04,133.03,441.53,0.7768,-1,-1,-1
429,44,10.33,2.45,534.30,1070.81,0.9302,-1,-1,-1
429,45,1076.36,130.92,322.94,815.77,0.9048,-1,-1,-1
429,48,1027.09,331.03,77.72,226.88,0.4857,-1,-1,-1
429,53,615.72,328.25,71.60,222.28,0.7548,-1,-1,-1
429,54,536.93,319.74,57.13,194.08,0.5868,-1,-1,-1
430,2,704.29,215.15,179.70,544.04,0.8380,-1,-1,-1
430,39,894.00,234.37,129.55,437.18,0.7793,-1,-1,-1
430,44,-4.87,3.18,540.87,1070.33,0.9266,-1,-1,-1
430,45,1070.28,133.05,328.54,819.19,0.9091,-1,-1,-1
430,48,1030.95,329.84,74.67,224.37,0.4592,-1,-1,-1
430,53,612.26,325.72,71.35,224.50,0.7132,-1,-1,-1
430,54,532.41,331.47,55.35,178.05,0.4662,-1,-1,-1
431,2,695.61,212.86,175.16,551.53,0.8260,-1,-1,-1
431,39,893.14,233.45,128.32,434.49,0.7827,-1,-1,-1
431,44,-10.07,3.60,535.12,1070.05,0.9298,-1,-1,-1
431,45,1067.39,133.75,329.91,823.14,0.9050,-1,-1,-1
431,48,1034.12,329.07,72.31,225.04,0.3722,-1,-1,-1
431,53,606.72,326.17,75.03,227.85,0.6762,-1,-1,-1
431,54,527.30,334.22,55.08,182.27,0.4577,-1,-1,-1
432,2,686.35,209.76,175.50,566.06,0.8331,-1,-1,-1
432,39,893.71,231.75,127.17,432.73,0.7884,-1,-1,-1
432,44,-10.27,4.81,527.20,1069.69,0.9352,-1,-1,-1
432,45,1065.85,134.08,331.22,827.57,0.9038,-1,-1,-1
432,48,1036.06,328.13,71.42,224.79,0.3760,-1,-1,-1
432,53,603.79,326.60,73.84,228.78,0.6594,-1,-1,-1
432,54,522.46,342.73,55.62,209.85,0.4124,-1,-1,-1
432,56,994.93,314.93,77.65,236.88,0.4669,-1,-1,-1
433,2,680.13,206.42,178.07,562.40,0.8282,-1,-1,-1
433,39,893.77,231.15,126.21,431.08,0.7959,-1,-1,-1
433,44,-9.29,5.87,515.36,1065.10,0.9355,-1,-1,-1
433,45,1066.89,133.07,330.91,831.59,0.9033,-1,-1,-1
433,48,1040.18,326.09,66.34,234.20,0.2452,-1,-1,-1
433,53,600.90,325.13,74.40,228.66,0.6440,-1,-1,-1
433,54,519.34,343.85,55.22,191.08,0.4221,-1,-1,-1
433,56,997.09,310.45,76.37,241.05,0.5636,-1,-1,-1
434,2,676.64,202.64,176.57,572.64,0.8403,-1,-1,-1
434,39,893.41,228.34,126.40,431.54,0.7961,-1,-1,-1
434,44,-7.57,4.49,503.70,1064.51,0.9388,-1,-1,-1
434,45,1070.05,131.18,328.82,833.32,0.9012,-1,-1,-1
434,48,1043.52,323.37,65.45,233.26,0.3385,-1,-1,-1
434,53,598.17,321.66,72.76,231.54,0.6850,-1,-1,-1
434,54,518.09,333.12,55.45,187.09,0.4288,-1,-1,-1
434,56,1001.81,309.23,72.97,240.34,0.5199,-1,-1,-1
435,2,674.70,199.04,173.90,565.45,0.8255,-1,-1,-1
435,39,891.97,225.73,127.87,431.44,0.7787,-1,-1,-1
435,44,-6.18,2.70,492.10,1065.06,0.9396,-1,-1,-1
435,45,1071.69,128.56,328.00,836.46,0.9037,-1,-1,-1
435,48,1046.88,321.23,62.26,238.10,0.3124,-1,-1,-1
435,53,595.84,319.30,73.48,233.10,0.6860,-1,-1,-1
435,54,516.27,317.08,54.37,193.81,0.6674,-1,-1,-1
435,56,1001.15,305.15,72.22,240.97,0.5411,-1,-1,-1
436,2,672.46,195.99,174.29,558.10,0.7972,-1,-1,-1
436,39,896.98,224.08,123.15,431.82,0.7700,-1,-1,-1
436,44,-5.02,1.76,481.28,1066.72,0.9397,-1,-1,-1
436,45,1074.15,125.58,326.86,841.58,0.9069,-1,-1,-1
436,48,1049.50,320.07,58.53,234.19,0.2975,-1,-1,-1
436,53,595.20,317.46,73.13,233.00,0.7087,-1,-1,-1
436,54,514.60,309.51,53.51,198.81,0.6150,-1,-1,-1
436,56,999.04,302.87,73.65,242.12,0.5427,-1,-1,-1
437,2,669.54,193.50,173.63,539.40,0.8138,-1,-1,-1
437,39,900.41,223.06,120.21,432.01,0.7562,-1,-1,-1
437,44,-3.77,1.47,466.64,1071.39,0.9357,-1,-1,-1
437,45,1078.18,121.16,324.88,845.16,0.9055,-1,-1,-1
437,48,1049.25,314.53,62.06,234.11,0.4989,-1,-1,-1
437,53,592.09,313.49,74.94,232.64,0.7238,-1,-1,-1
437,54,514.31,334.15,51.77,170.88,0.5875,-1,-1,-1
437,56,996.80,301.17,72.05,241.37,0.5711,-1,-1,-1
437,57,819.89,300.87,80.84,230.39,0.6745,-1,-1,-1
438,2,663.96,194.02,175.76,530.92,0.8385,-1,-1,-1
438,39,903.70,223.19,116.86,433.59,0.7558,-1,-1,-1
438,44,-2.94,3.19,444.64,1069.96,0.9349,-1,-1,-1
438,45,1079.78,118.37,324.37,839.70,0.9003,-1,-1,-1
438,48,1050.69,313.83,61.36,232.30,0.3875,-1,-1,-1
438,53,589.35,312.57,75.25,233.77,0.7310,-1,-1,-1
438,54,512.48,335.50,51.25,170.81,0.4232,-1,-1,-1
438,56,995.20,300.87,72.44,240.06,0.5704,-1,-1,-1
438,57,816.59,300.77,83.45,231.53,0.6724,-1,-1,-1
439,2,661.23,194.59,174.82,528.07,0.8541,-1,-1,-1
439,39,905.41,223.34,114.21,435.64,0.7577,-1,-1,-1
439,44,-2.95,3.48,420.05,1070.82,0.9277,-1,-1,-1
439,45,1083.94,115.33,321.10,841.03,0.9012,-1,-1,-1
439,48,1051.18,312.54,65.11,232.83,0.4696,-1,-1,-1
439,53,585.38,312.28,75.98,234.50,0.7221,-1,-1,-1
439,54,509.98,330.78,51.64,174.05,0.4346,-1,-1,-1
439,56,994.73,300.83,72.56,237.89,0.6394,-1,-1,-1
439,57,812.35,299.52,85.47,236.83,0.7252,-1,-1,-1
440,2,657.10,193.81,175.83,527.40,0.8672,-1,-1,-1
440,39,905.08,221.59,112.95,437.52,0.7695,-1,-1,-1
440,44,-2.65,3.39,394.21,1067.02,0.9269,-1,-1,-1
440,45,1087.64,111.47,321.06,840.88,0.8844,-1,-1,-1
440,48,1052.03,308.97,67.39,236.24,0.5685,-1,-1,-1
440,53,582.60,308.72,77.46,241.43,0.7689,-1,-1,-1
440,54,506.78,325.91,52.82,178.02,0.4083,-1,-1,-1
440,56,994.16,300.35,73.92,236.60,0.7046,-1,-1,-1
440,57,808.76,297.24,85.01,239.67,0.7013,-1,-1,-1
441,2,656.29,195.58,176.97,528.55,0.8637,-1,-1,-1
441,39,906.82,222.36,111.98,437.76,0.7794,-1,-1,-1
441,44,-1.68,3.69,365.19,1065.49,0.9199,-1,-1,-1
441,45,1092.51,107.36,321.50,841.81,0.8998,-1,-1,-1
441,48,1052.69,308.02,69.83,240.34,0.6097,-1,-1,-1
441,53,582.87,306.26,76.96,246.10,0.7663,-1,-1,-1
441,54,506.39,315.77,53.86,188.94,0.4088,-1,-1,-1
441,56,994.92,298.34,75.28,238.50,0.7106,-1,-1,-1
441,57,808.60,296.43,84.03,241.66,0.6947,-1,-1,-1
442,2,657.58,198.21,176.35,529.41,0.8552,-1,-1,-1
442,39,910.87,224.47,109.55,435.14,0.7340,-1,-1,-1
442,44,-0.65,3.79,332.07,1064.94,0.9135,-1,-1,-1
442,45,1098.11,107.07,321.94,832.62,0.8974,-1,-1,-1
442,48,1056.60,313.46,70.96,237.89,0.6577,-1,-1,-1
442,53,583.79,306.02,76.30,249.10,0.7719,-1,-1,-1
442,54,509.73,326.68,51.99,177.81,0.4270,-1,-1,-1
442,56,996.19,298.12,75.58,242.11,0.6778,-1,-1,-1
442,57,811.54,297.42,86.77,238.41,0.7283,-1,-1,-1
443,2,662.35,199.46,173.25,527.26,0.8509,-1,-1,-1
443,39,911.72,225.22,109.63,435.00,0.7463,-1,-1,-1
443,44,0.44,4.80,299.63,1062.80,0.8933,-1,-1,-1
443,45,1104.08,110.51,323.32,820.84,0.8967,-1,-1,-1
443,48,1061.41,314.05,70.36,238.73,0.5990,-1,-1,-1
443,53,584.67,308.69,78.33,249.10,0.7730,-1,-1,-1
443,54,513.61,334.74,50.82,172.14,0.4493,-1,-1,-1
443,56,998.73,296.33,79.24,243.27,0.6434,-1,-1,-1
443,57,814.53,299.76,87.26,232.63,0.7588,-1,-1,-1
444,2,668.14,201.05,169.32,521.06,0.8448,-1,-1,-1
444,39,915.60,226.12,107.47,432.33,0.7102,-1,-1,-1
444,44,1.02,4.91,268.19,1060.92,0.8392,-1,-1,-1
444,45,1112.66,113.01,319.50,813.48,0.9003,-1,-1,-1
444,48,1064.01,304.15,71.74,245.65,0.5813,-1,-1,-1
444,53,586.64,307.65,79.87,250.80,0.7619,-1,-1,-1
444,54,517.13,341.79,50.50,164.28,0.4909,-1,-1,-1
444,56,1000.46,297.69,82.24,243.01,0.6363,-1,-1,-1
444,57,818.02,299.80,85.34,233.55,0.7714,-1,-1,-1
445,2,673.77,203.34,169.11,511.96,0.8418,-1,-1,-1
445,39,913.49,223.18,113.52,438.15,0.7752,-1,-1,-1
445,44,1.60,5.52,234.71,1060.99,0.3823,-1,-1,-1
445,45,1120.47,118.69,316.45,816.80,0.8972,-1,-1,-1
445,48,1071.27,303.51,72.38,243.53,0.5712,-1,-1,-1
445,53,587.11,307.78,82.24,251.16,0.7621,-1,-1,-1
445,54,521.79,334.30,50.61,172.53,0.4918,-1,-1,-1
445,56,1007.08,292.74,82.87,246.24,0.7156,-1,-1,-1
445,57,821.24,298.73,87.13,235.26,0.7829,-1,-1,-1
446,2,681.61,202.66,165.91,502.23,0.8350,-1,-1,-1
446,39,911.56,221.28,118.68,445.29,0.8088,-1,-1,-1
446,44,1.74,5.24,276.80,1062.38,0.7283,-1,-1,-1
446,45,1129.29,124.60,314.57,817.91,0.9060,-1,-1,-1
446,48,1079.08,301.99,70.57,245.39,0.6520,-1,-1,-1
446,53,587.36,309.03,86.80,250.55,0.7386,-1,-1,-1
446,54,525.28,342.54,53.21,164.51,0.5358,-1,-1,-1
446,56,1013.03,294.94,80.94,248.08,0.7714,-1,-1,-1
446,57,826.51,296.33,86.54,237.83,0.7906,-1,-1,-1
447,2,685.89,201.63,169.41,507.75,0.8358,-1,-1,-1
447,39,916.66,220.78,121.60,449.66,0.7666,-1,-1,-1
447,45,1139.90,127.07,309.94,823.08,0.9060,-1,-1,-1
447,48,1087.01,300.90,68.58,248.67,0.6897,-1,-1,-1
447,53,589.98,310.51,88.34,249.23,0.6902,-1,-1,-1
447,54,530.78,352.42,52.22,153.63,0.5003,-1,-1,-1
447,56,1018.17,293.37,83.38,250.04,0.7645,-1,-1,-1
447,57,833.60,296.07,87.41,239.03,0.7575,-1,-1,-1
448,2,690.09,201.80,175.18,517.81,0.8418,-1,-1,-1
448,39,923.11,220.04,123.35,453.36,0.7439,-1,-1,-1
448,45,1147.99,136.50,311.86,823.55,0.9052,-1,-1,-1
448,48,1095.21,303.74,69.29,248.02,0.6798,-1,-1,-1
448,53,591.56,312.32,89.86,248.82,0.6964,-1,-1,-1
448,54,536.23,335.22,52.52,175.08,0.4999,-1,-1,-1
448,56,1026.49,296.36,81.80,250.62,0.7391,-1,-1,-1
448,57,841.13,296.98,85.44,239.51,0.7971,-1,-1,-1
449,2,698.83,203.18,172.94,518.17,0.8163,-1,-1,-1
449,39,931.48,218.14,118.69,454.25,0.7734,-1,-1,-1
449,45,1154.22,142.28,313.90,823.88,0.9073,-1,-1,-1
449,48,1102.62,313.24,70.03,240.31,0.6746,-1,-1,-1
449,53,600.11,314.88,87.03,250.86,0.7450,-1,-1,-1
449,54,541.27,323.03,55.52,189.91,0.5244,-1,-1,-1
449,56,1037.01,297.48,78.20,249.91,0.7120,-1,-1,-1
449,57,846.67,297.87,85.78,239.28,0.7507,-1,-1,-1
450,2,706.24,202.32,172.19,514.21,0.8152,-1,-1,-1
450,39,931.28,218.68,119.43,453.52,0.7804,-1,-1,-1
450,45,1162.20,147.44,309.46,827.05,0.9099,-1,-1,-1
450,48,1108.12,314.58,70.96,240.32,0.7051,-1,-1,-1
450,53,606.18,314.97,84.67,250.99,0.7175,-1,-1,-1
450,54,546.59,325.65,54.48,185.12,0.4896,-1,-1,-1
450,56,1040.43,299.12,79.39,247.78,0.7049,-1,-1,-1
450,57,852.15,298.38,83.38,236.23,0.7161,-1,-1,-1
451,2,710.69,201.97,172.40,512.84,0.8244,-1,-1,-1
451,39,939.39,220.48,117.13,447.58,0.7806,-1,-1,-1
451,45,1170.53,151.85,306.23,830.68,0.9031,-1,-1,-1
451,48,1116.49,319.15,70.85,236.50,0.6992,-1,-1,-1
451,53,606.39,314.98,87.36,253.68,0.7412,-1,-1,-1
451,54,552.39,319.09,54.52,190.93,0.4587,-1,-1,-1
451,56,1050.75,291.93,74.44,253.18,0.6919,-1,-1,-1
451,57,856.52,295.30,88.81,240.41,0.7238,-1,-1,-1
452,2,718.95,201.21,167.60,511.19,0.8417,-1,-1,-1
452,39,946.37,220.69,120.52,440.57,0.7661,-1,-1,-1
452,45,1177.71,154.87,306.67,834.30,0.9043,-1,-1,-1
452,48,1124.37,317.20,71.10,240.78,0.6750,-1,-1,-1
452,53,608.05,315.43,89.47,253.50,0.7348,-1,-1,-1
452,54,558.51,319.27,53.11,186.63,0.4510,-1,-1,-1
452,56,1057.25,294.12,78.36,251.14,0.7420,-1,-1,-1
452,57,858.99,298.04,91.17,237.74,0.7778,-1,-1,-1
453,2,726.34,202.83,164.57,512.47,0.8453,-1,-1,-1
453,39,951.96,217.97,122.94,441.39,0.7949,-1,-1,-1
453,45,1185.12,157.82,305.09,838.74,0.9096,-1,-1,-1
453,48,1132.26,317.64,69.83,241.21,0.7210,-1,-1,-1
453,53,615.40,314.96,84.61,256.14,0.7704,-1,-1,-1
453,54,565.16,313.72,54.63,191.77,0.5494,-1,-1,-1
453,56,1065.41,297.60,77.41,252.33,0.7400,-1,-1,-1
453,57,870.41,297.51,84.79,240.91,0.7865,-1,-1,-1
453,58,710.96,256.64,63.36,301.94,0.3686,-1,-1,-1
454,2,733.64,202.53,164.91,512.91,0.8184,-1,-1,-1
454,39,954.57,218.93,129.72,441.48,0.7836,-1,-1,-1
454,45,1192.60,159.96,304.26,841.90,0.9112,-1,-1,-1
454,48,1140.61,313.67,70.36,245.73,0.6244,-1,-1,-1
454,53,619.78,310.64,85.43,258.21,0.7546,-1,-1,-1
454,54,572.60,319.45,52.96,186.89,0.3954,-1,-1,-1
454,56,1074.63,299.27,77.42,251.66,0.7127,-1,-1,-1
454,57,878.84,298.36,83.91,242.19,0.7316,-1,-1,-1
454,58,711.22,256.83,66.56,312.54,0.6271,-1,-1,-1
455,2,738.63,199.43,168.32,519.14,0.8353,-1,-1,-1
455,39,961.81,220.36,128.28,437.23,0.7787,-1,-1,-1
455,45,1197.18,159.23,306.56,843.90,0.9117,-1,-1,-1
455,48,1152.17,313.38,67.11,246.00,0.6148,-1,-1,-1
455,53,625.90,304.50,83.78,265.34,0.7663,-1,-1,-1
455,54,580.21,315.61,54.08,190.20,0.5637,-1,-1,-1
455,56,1082.77,300.32,75.64,251.52,0.7152,-1,-1,-1
455,57,885.95,302.79,84.30,235.04,0.6954,-1,-1,-1
455,58,716.19,257.46,67.22,311.85,0.5841,-1,-1,-1
456,2,749.91,198.79,164.04,520.22,0.8263,-1,-1,-1
456,39,966.13,213.97,128.18,442.54,0.7563,-1,-1,-1
456,45,1201.37,158.38,310.05,838.53,0.9041,-1,-1,-1
456,48,1157.91,313.35,66.55,245.72,0.5435,-1,-1,-1
456,53,630.56,301.18,84.57,268.96,0.7504,-1,-1,-1
456,54,583.32,316.61,56.25,191.38,0.5168,-1,-1,-1
456,56,1089.77,299.41,74.65,248.44,0.7141,-1,-1,-1
456,57,894.76,300.40,80.70,238.42,0.6623,-1,-1,-1
456,58,720.06,255.03,72.95,317.70,0.6257,-1,-1,-1
457,2,760.24,200.52,162.70,519.62,0.8140,-1,-1,-1
457,39,974.43,212.72,124.29,442.08,0.7678,-1,-1,-1
457,45,1205.98,156.82,313.99,836.40,0.9002,-1,-1,-1
457,48,1161.06,309.89,68.15,249.13,0.3956,-1,-1,-1
457,53,632.67,299.51,89.06,268.49,0.7409,-1,-1,-1
457,54,589.30,308.57,56.83,200.71,0.5278,-1,-1,-1
457,56,1095.11,297.46,76.31,250.23,0.6781,-1,-1,-1
457,57,901.40,298.51,81.22,239.62,0.6762,-1,-1,-1
457,58,725.25,251.79,75.82,321.17,0.6757,-1,-1,-1
458,2,768.96,199.90,160.89,518.72,0.8164,-1,-1,-1
458,39,989.10,211.30,120.25,441.11,0.7768,-1,-1,-1
458,45,1208.14,155.25,317.77,834.97,0.8971,-1,-1,-1
458,53,634.83,297.11,90.95,271.12,0.7157,-1,-1,-1
458,54,596.34,307.08,55.27,199.31,0.4866,-1,-1,-1
458,56,1102.41,293.31,73.87,255.34,0.7098,-1,-1,-1
458,57,907.59,297.91,86.19,240.00,0.7447,-1,-1,-1
458,58,727.93,250.18,76.70,319.90,0.7532,-1,-1,-1
459,2,775.88,203.46,159.78,516.98,0.8480,-1,-1,-1
459,39,996.79,206.87,121.50,444.19,0.8080,-1,-1,-1
459,45,1206.52,150.48,329.28,839.75,0.9081,-1,-1,-1
459,53,639.00,296.48,91.49,272.79,0.7248,-1,-1,-1
459,54,599.32,302.80,55.97,202.79,0.4792,-1,-1,-1
459,56,1106.45,293.14,79.16,257.00,0.7440,-1,-1,-1
459,57,912.95,297.24,83.74,238.64,0.7837,-1,-1,-1
459,58,729.92,250.20,77.54,322.53,0.7664,-1,-1,-1
460,2,783.20,202.99,156.41,513.47,0.8535,-1,-1,-1
460,39,997.48,207.11,129.42,444.81,0.7899,-1,-1,-1
460,45,1204.95,143.50,340.53,836.96,0.9100,-1,-1,-1
460,53,640.28,295.49,92.48,272.91,0.7376,-1,-1,-1
460,54,603.44,303.00,54.11,199.13,0.2772,-1,-1,-1
460,56,1109.69,294.33,80.22,255.92,0.7272,-1,-1,-1
460,57,920.33,295.99,80.92,238.49,0.7890,-1,-1,-1
460,58,732.27,247.20,79.69,328.23,0.7714,-1,-1,-1
461,2,786.57,202.80,157.39,509.80,0.8304,-1,-1,-1
461,39,1003.02,209.08,126.63,445.20,0.7848,-1,-1,-1
461,45,1203.61,137.74,347.66,833.83,0.9077,-1,-1,-1
461,53,641.81,293.61,92.56,276.04,0.7433,-1,-1,-1
461,54,610.28,293.11,52.98,205.19,0.2425,-1,-1,-1
461,56,1110.89,293.34,84.53,254.12,0.7290,-1,-1,-1
461,57,927.32,295.73,79.14,237.45,0.7531,-1,-1,-1
461,58,734.43,243.03,81.36,331.58,0.7557,-1,-1,-1
462,2,788.28,201.58,157.94,508.04,0.8075,-1,-1,-1
462,39,1003.33,208.60,128.05,450.44,0.7936,-1,-1,-1
462,45,1203.03,132.95,352.88,830.01,0.9070,-1,-1,-1
462,53,643.24,292.33,91.72,278.30,0.7775,-1,-1,-1
462,54,615.20,291.91,48.66,201.93,0.3995,-1,-1,-1
462,56,1113.67,294.05,84.48,254.11,0.6672,-1,-1,-1
462,57,931.96,295.17,79.68,235.62,0.7296,-1,-1,-1
462,58,736.43,241.90,82.37,330.30,0.7587,-1,-1,-1
463,2,787.51,198.46,160.17,511.44,0.8201,-1,-1,-1
463,39,1002.72,207.26,130.97,451.50,0.8010,-1,-1,-1
463,45,1203.18,131.35,354.40,822.36,0.9067,-1,-1,-1
463,53,642.70,291.85,91.63,279.08,0.7688,-1,-1,-1
463,54,617.02,291.95,47.62,200.05,0.2958,-1,-1,-1
463,56,1117.49,292.19,83.22,252.28,0.6624,-1,-1,-1
463,57,935.51,290.47,79.36,236.13,0.7368,-1,-1,-1
463,58,736.29,239.19,82.06,333.69,0.7517,-1,-1,-1
464,2,783.81,191.27,163.37,511.04,0.8134,-1,-1,-1
464,39,1001.97,205.57,133.93,452.18,0.8048,-1,-1,-1
464,45,1207.78,128.03,349.89,823.50,0.9036,-1,-1,-1
464,53,639.36,289.18,90.83,277.69,0.7708,-1,-1,-1
464,54,617.09,288.47,47.16,202.64,0.4229,-1,-1,-1
464,56,1117.63,287.60,82.58,253.93,0.6683,-1,-1,-1
464,57,934.87,284.98,80.21,236.63,0.7359,-1,-1,-1
464,58,734.35,237.97,82.36,333.55,0.7739,-1,-1,-1
465,2,779.83,185.92,166.27,512.19,0.8151,-1,-1,-1
465,39,1002.02,205.84,135.01,451.00,0.7878,-1,-1,-1
465,45,1209.94,123.50,346.18,829.11,0.9071,-1,-1,-1
465,53,635.82,284.46,91.01,282.89,0.7542,-1,-1,-1
465,54,615.46,286.42,46.70,203.95,0.2680,-1,-1,-1
465,56,1123.01,287.18,77.31,252.17,0.6094,-1,-1,-1
465,57,933.94,280.23,80.11,239.05,0.7204,-1,-1,-1
465,58,729.22,233.19,84.81,336.78,0.7614,-1,-1,-1
466,2,774.46,181.12,170.39,512.55,0.8061,-1,-1,-1
466,39,1002.08,204.74,135.93,447.51,0.7770,-1,-1,-1
466,45,1208.38,119.94,347.39,836.91,0.9075,-1,-1,-1
466,53,632.46,282.40,90.18,284.75,0.7080,-1,-1,-1
466,54,613.10,287.97,47.75,204.29,0.2145,-1,-1,-1
466,56,1126.20,285.78,72.01,251.65,0.5961,-1,-1,-1
466,57,933.06,276.12,80.73,241.37,0.7320,-1,-1,-1
466,58,725.38,228.61,85.43,339.87,0.7358,-1,-1,-1
467,2,769.81,180.66,177.35,508.89,0.8207,-1,-1,-1
467,39,1002.26,204.61,134.33,449.15,0.7820,-1,-1,-1
467,45,1204.56,119.03,351.29,842.87,0.9090,-1,-1,-1
467,53,624.69,277.82,94.00,291.97,0.7181,-1,-1,-1
467,56,1125.73,283.61,72.02,253.55,0.6251,-1,-1,-1
467,57,931.47,275.02,82.57,242.26,0.7591,-1,-1,-1
467,58,719.04,224.89,88.55,343.87,0.7120,-1,-1,-1
468,2,766.86,179.56,177.25,509.22,0.8275,-1,-1,-1
468,39,999.38,203.94,133.41,450.11,0.7758,-1,-1,-1
468,45,1197.79,117.89,356.53,851.81,0.9128,-1,-1,-1
468,53,618.21,275.35,94.80,296.03,0.7476,-1,-1,-1
468,56,1120.78,280.90,75.54,254.03,0.5725,-1,-1,-1
468,57,929.42,274.70,82.80,242.50,0.7662,-1,-1,-1
468,58,713.40,220.50,88.72,351.76,0.7288,-1,-1,-1
469,2,764.02,179.57,175.62,507.60,0.8288,-1,-1,-1
469,39,998.16,203.46,130.63,445.72,0.7852,-1,-1,-1
469,45,1193.67,117.43,359.21,860.63,0.9113,-1,-1,-1
469,53,612.57,270.13,92.57,301.72,0.8044,-1,-1,-1
469,56,1113.78,279.87,82.19,254.58,0.5772,-1,-1,-1
469,57,925.68,272.92,84.39,243.52,0.7718,-1,-1,-1
469,58,706.99,218.23,87.41,354.81,0.7504,-1,-1,-1
470,2,761.89,176.91,177.27,512.92,0.8397,-1,-1,-1
470,39,995.64,200.14,132.04,447.51,0.8000,-1,-1,-1
470,45,1190.18,118.13,359.31,865.46,0.9142,-1,-1,-1
470,53,602.38,267.78,97.70,303.50,0.7812,-1,-1,-1
470,56,1110.95,277.96,82.68,257.09,0.6246,-1,-1,-1
470,57,922.53,272.63,82.79,243.28,0.7862,-1,-1,-1
470,58,702.25,215.89,89.34,357.68,0.7715,-1,-1,-1
471,2,759.93,175.36,176.00,513.21,0.8404,-1,-1,-1
471,39,993.91,196.95,131.27,449.95,0.7971,-1,-1,-1
471,45,1183.35,118.02,364.54,874.65,0.9087,-1,-1,-1
471,53,595.19,265.31,98.07,307.31,0.7757,-1,-1,-1
471,56,1106.53,273.96,81.72,260.05,0.5646,-1,-1,-1
471,57,918.20,272.71,84.36,243.58,0.8015,-1,-1,-1
471,58,693.59,213.33,92.32,359.82,0.7392,-1,-1,-1
472,2,754.88,173.86,177.07,512.79,0.8625,-1,-1,-1
472,39,991.19,196.43,131.41,449.91,0.7827,-1,-1,-1
472,45,1183.38,118.11,360.63,876.39,0.9108,-1,-1,-1
472,53,590.10,264.13,98.54,308.39,0.8216,-1,-1,-1
472,56,1103.89,271.27,82.15,264.28,0.6575,-1,-1,-1
472,57,916.57,271.50,83.18,243.41,0.8049,-1,-1,-1
472,58,686.30,209.42,96.19,362.32,0.7863,-1,-1,-1
473,2,755.21,174.01,176.08,513.60,0.8753,-1,-1,-1
473,39,988.54,196.21,129.25,450.40,0.7750,-1,-1,-1
473,45,1183.32,117.67,357.69,874.15,0.9106,-1,-1,-1
473,53,585.21,262.41,98.50,310.58,0.8205,-1,-1,-1
473,56,1102.74,270.78,85.05,265.83,0.6943,-1,-1,-1
473,57,916.09,272.13,81.91,242.85,0.7933,-1,-1,-1
473,58,680.40,206.49,99.88,364.99,0.8141,-1,-1,-1
474,2,756.97,175.02,174.34,513.61,0.8764,-1,-1,-1
474,39,986.65,195.35,127.74,450.26,0.7776,-1,-1,-1
474,45,1185.06,115.15,352.12,867.90,0.9123,-1,-1,-1
474,53,581.02,261.28,96.27,311.32,0.8549,-1,-1,-1
474,56,1100.79,269.11,83.04,267.87,0.7445,-1,-1,-1
474,57,915.79,273.60,79.83,242.87,0.7575,-1,-1,-1
474,58,675.05,205.21,103.43,368.87,0.8076,-1,-1,-1
475,2,757.89,175.20,174.98,513.87,0.8668,-1,-1,-1
475,39,987.27,195.56,119.87,441.07,0.7676,-1,-1,-1
475,45,1185.33,112.13,350.34,862.80,0.9117,-1,-1,-1
475,53,575.20,259.63,97.26,312.14,0.8386,-1,-1,-1
475,56,1097.28,266.76,81.38,268.18,0.7514,-1,-1,-1
475,57,916.21,275.76,79.28,239.12,0.7595,-1,-1,-1
475,58,668.27,203.27,107.18,371.43,0.8244,-1,-1,-1
476,2,759.10,175.88,176.26,512.79,0.8656,-1,-1,-1
476,39,984.89,194.47,116.99,436.19,0.7695,-1,-1,-1
476,45,1187.14,107.61,349.01,861.98,0.9087,-1,-1,-1
476,53,571.20,258.32,95.14,314.03,0.8236,-1,-1,-1
476,56,1097.64,264.10,77.90,270.56,0.7605,-1,-1,-1
476,57,917.92,276.75,75.63,235.64,0.7490,-1,-1,-1
476,58,662.65,202.40,110.48,374.61,0.8286,-1,-1,-1
477,2,763.07,177.90,174.97,511.45,0.8642,-1,-1,-1
477,39,983.90,194.83,115.57,434.18,0.7660,-1,-1,-1
477,45,1189.85,104.55,346.93,858.00,0.9085,-1,-1,-1
477,53,569.30,260.49,94.69,315.72,0.8305,-1,-1,-1
477,56,1098.45,263.92,76.28,272.07,0.7607,-1,-1,-1
477,57,919.26,279.79,73.73,233.53,0.7567,-1,-1,-1
477,58,658.09,203.39,114.32,378.62,0.8371,-1,-1,-1
478,2,767.84,179.91,173.62,509.99,0.8512,-1,-1,-1
478,39,982.06,196.23,116.40,433.97,0.7655,-1,-1,-1
478,45,1190.80,103.11,348.09,848.80,0.9091,-1,-1,-1
478,53,561.36,263.58,98.89,321.05,0.8094,-1,-1,-1
478,56,1097.15,265.82,77.18,272.58,0.7682,-1,-1,-1
478,57,920.94,280.77,72.05,235.14,0.6692,-1,-1,-1
478,58,654.44,205.70,117.27,383.85,0.8426,-1,-1,-1
479,2,773.22,179.86,172.72,507.82,0.8614,-1,-1,-1
479,39,980.15,196.44,120.14,433.28,0.7522,-1,-1,-1
479,45,1192.30,101.88,348.96,842.27,0.9118,-1,-1,-1
479,53,553.23,262.89,105.38,324.55,0.8061,-1,-1,-1
479,56,1097.32,265.89,76.63,273.55,0.7661,-1,-1,-1
479,57,919.20,252.68,78.23,265.95,0.5607,-1,-1,-1
479,58,651.94,205.87,120.59,387.33,0.8355,-1,-1,-1
480,2,776.91,180.97,174.12,504.63,0.8562,-1,-1,-1
480,39,979.60,195.56,121.12,440.85,0.7588,-1,-1,-1
480,45,1194.37,101.46,349.60,842.80,0.9095,-1,-1,-1
480,53,548.40,264.09,107.00,327.90,0.8074,-1,-1,-1
480,56,1097.47,266.35,77.30,275.98,0.7606,-1,-1,-1
480,57,919.43,240.48,79.42,278.63,0.4913,-1,-1,-1
480,58,648.41,206.36,126.68,390.21,0.8168,-1,-1,-1
481,2,781.59,181.07,172.56,503.27,0.8587,-1,-1,-1
481,39,979.62,196.59,122.94,446.75,0.7734,-1,-1,-1
481,45,1196.91,103.07,350.19,848.96,0.9125,-1,-1,-1
481,53,545.14,267.34,108.24,329.79,0.8047,-1,-1,-1
481,56,1097.68,271.25,79.05,273.32,0.7874,-1,-1,-1
481,57,924.76,264.25,73.43,253.79,0.3705,-1,-1,-1
481,58,647.31,208.04,131.22,393.76,0.8176,-1,-1,-1
482,2,785.69,185.75,175.28,502.69,0.8503,-1,-1,-1
482,39,979.37,199.96,124.98,444.26,0.7632,-1,-1,-1
482,45,1200.06,107.00,353.49,854.76,0.9112,-1,-1,-1
482,53,544.11,272.51,108.49,329.73,0.7956,-1,-1,-1
482,56,1098.47,275.68,80.20,271.72,0.7677,-1,-1,-1
482,57,928.91,230.51,80.05,289.28,0.1590,-1,-1,-1
482,58,648.78,211.37,133.13,395.74,0.8245,-1,-1,-1
483,2,789.44,183.96,176.96,505.89,0.8505,-1,-1,-1
483,39,981.92,200.40,128.74,446.31,0.7989,-1,-1,-1
483,45,1202.41,107.88,355.60,860.39,0.9092,-1,-1,-1
483,53,545.15,271.62,106.80,331.94,0.7803,-1,-1,-1
483,56,1101.09,274.85,83.75,274.26,0.7717,-1,-1,-1
483,57,936.61,220.58,85.31,297.67,0.1997,-1,-1,-1
483,58,649.53,210.41,136.62,398.10,0.8170,-1,-1,-1
484,2,797.85,183.54,172.74,508.34,0.8522,-1,-1,-1
484,39,986.55,202.78,126.93,448.22,0.8211,-1,-1,-1
484,45,1205.15,111.32,355.03,865.96,0.9080,-1,-1,-1
484,53,546.35,270.44,104.65,337.34,0.7712,-1,-1,-1
484,56,1103.14,275.67,86.83,274.61,0.7833,-1,-1,-1
484,57,938.79,263.65,74.89,253.23,0.2219,-1,-1,-1
484,58,650.72,209.39,134.26,403.38,0.8116,-1,-1,-1
485,2,805.63,188.94,171.91,502.98,0.8441,-1,-1,-1
485,39,993.04,206.75,123.87,449.54,0.8209,-1,-1,-1
485,45,1209.03,114.10,354.80,876.92,0.9015,-1,-1,-1
485,53,545.60,271.83,106.65,341.60,0.7961,-1,-1,-1
485,56,1105.91,275.93,86.53,278.08,0.7897,-1,-1,-1
485,58,652.79,208.84,131.57,410.44,0.8022,-1,-1,-1
486,2,812.39,191.91,171.55,505.15,0.8456,-1,-1,-1
486,39,998.92,210.95,121.73,448.89,0.8142,-1,-1,-1
486,45,1215.25,118.11,351.20,888.44,0.9045,-1,-1,-1
486,53,546.13,272.28,109.00,345.58,0.7992,-1,-1,-1
486,56,1107.03,279.44,94.08,277.36,0.7857,-1,-1,-1
486,58,655.40,208.80,135.28,413.16,0.8147,-1,-1,-1
487,2,820.17,195.58,171.13,510.17,0.8608,-1,-1,-1
487,39,1005.35,217.29,121.02,448.98,0.7953,-1,-1,-1
487,45,1223.06,128.17,349.01,892.16,0.9047,-1,-1,-1
487,53,544.94,271.55,111.48,351.04,0.8125,-1,-1,-1
487,56,1113.22,283.47,93.69,279.54,0.7877,-1,-1,-1
487,58,658.03,209.83,144.55,417.99,0.8053,-1,-1,-1
488,2,826.39,202.01,172.67,509.95,0.8573,-1,-1,-1
488,39,1007.45,222.28,123.94,449.00,0.8015,-1,-1,-1
488,45,1227.24,137.20,347.38,894.17,0.9043,-1,-1,-1
488,53,544.85,272.35,112.74,354.76,0.8076,-1,-1,-1
488,56,1118.78,286.61,93.36,278.77,0.7799,-1,-1,-1
488,58,660.84,211.51,146.63,419.92,0.8049,-1,-1,-1
489,2,833.98,206.56,175.74,510.14,0.8523,-1,-1,-1
489,39,1012.36,228.22,121.44,443.81,0.7789,-1,-1,-1
489,45,1229.61,142.26,346.37,894.07,0.9077,-1,-1,-1
489,53,543.45,271.08,116.30,359.68,0.7907,-1,-1,-1
489,56,1127.53,292.02,89.94,278.06,0.7964,-1,-1,-1
489,58,663.09,211.82,151.75,422.20,0.8042,-1,-1,-1
490,2,839.51,212.85,176.97,508.88,0.8672,-1,-1,-1
490,39,1015.11,230.18,122.73,446.59,0.7751,-1,-1,-1
490,45,1231.29,144.45,348.76,892.21,0.9106,-1,-1,-1
490,53,538.13,271.92,125.74,363.04,0.7834,-1,-1,-1
490,56,1132.49,296.42,90.44,275.18,0.8022,-1,-1,-1
490,58,664.39,213.09,153.73,426.38,0.8000,-1,-1,-1
491,2,844.43,218.00,177.82,508.32,0.8652,-1,-1,-1
491,39,1016.41,229.96,122.93,447.72,0.7796,-1,-1,-1
491,45,1229.90,144.76,353.02,894.14,0.9101,-1,-1,-1
491,53,532.89,272.89,131.32,365.63,0.7802,-1,-1,-1
491,56,1135.53,300.03,92.13,273.86,0.8188,-1,-1,-1
491,58,664.64,213.68,158.14,429.79,0.8142,-1,-1,-1
492,2,848.13,223.70,177.70,507.44,0.8459,-1,-1,-1
492,39,1015.09,232.14,125.12,450.46,0.7855,-1,-1,-1
492,45,1226.80,143.69,362.80,894.76,0.9084,-1,-1,-1
492,53,527.64,273.43,139.20,367.16,0.8083,-1,-1,-1
492,56,1136.60,303.97,95.02,274.54,0.8233,-1,-1,-1
492,58,665.37,213.90,158.75,432.47,0.8301,-1,-1,-1
493,2,851.07,229.94,174.55,505.76,0.8308,-1,-1,-1
493,39,1015.16,233.29,127.27,452.06,0.8117,-1,-1,-1
493,45,1224.03,139.62,362.11,901.26,0.8988,-1,-1,-1
493,53,523.26,274.33,143.08,369.39,0.7978,-1,-1,-1
493,56,1136.07,308.48,98.76,273.00,0.8217,-1,-1,-1
493,58,661.42,213.82,160.64,436.10,0.8134,-1,-1,-1
494,2,854.83,231.27,173.88,498.09,0.8307,-1,-1,-1
494,39,1014.49,233.79,127.58,449.53,0.8163,-1,-1,-1
494,45,1219.51,136.00,356.03,895.57,0.8983,-1,-1,-1
494,53,519.40,275.20,145.35,374.89,0.8200,-1,-1,-1
494,56,1134.82,310.89,101.75,272.05,0.7899,-1,-1,-1
494,58,659.65,213.39,159.71,442.53,0.8267,-1,-1,-1
495,2,858.21,231.29,172.17,496.32,0.8386,-1,-1,-1
495,39,1010.49,234.50,128.94,448.00,0.8093,-1,-1,-1
495,45,1214.41,132.89,355.20,888.93,0.9057,-1,-1,-1
495,53,515.15,277.00,146.57,379.39,0.7914,-1,-1,-1
495,56,1135.63,312.45,100.76,273.47,0.7831,-1,-1,-1
495,58,655.45,213.02,162.35,449.87,0.8196,-1,-1,-1
496,2,859.82,230.57,172.74,495.56,0.8125,-1,-1,-1
496,39,1009.68,234.65,129.22,445.92,0.8063,-1,-1,-1
496,45,1213.08,128.70,353.20,882.96,0.9091,-1,-1,-1
496,53,511.60,279.82,145.87,382.21,0.8010,-1,-1,-1
496,56,1139.14,312.83,98.53,274.81,0.7658,-1,-1,-1
496,58,646.70,213.14,170.78,454.55,0.8375,-1,-1,-1
497,2,860.56,229.99,174.39,476.61,0.8111,-1,-1,-1
497,39,1008.54,234.18,129.71,446.16,0.8103,-1,-1,-1
497,45,1211.49,123.20,352.82,885.47,0.9161,-1,-1,-1
497,53,508.11,281.98,145.52,384.51,0.8176,-1,-1,-1
497,56,1140.72,312.69,97.83,277.59,0.7442,-1,-1,-1
497,58,639.11,212.83,177.47,457.02,0.8461,-1,-1,-1
498,2,860.04,229.62,176.88,462.07,0.8131,-1,-1,-1
498,39,1007.35,235.00,130.25,446.84,0.8241,-1,-1,-1
498,45,1209.62,119.22,353.37,893.60,0.9114,-1,-1,-1
498,53,505.50,284.98,141.36,384.29,0.8259,-1,-1,-1
498,56,1141.14,312.76,97.76,279.07,0.7722,-1,-1,-1
498,58,634.03,212.68,179.07,460.58,0.8764,-1,-1,-1
499,2,859.54,228.10,178.36,480.41,0.8190,-1,-1,-1
499,39,1006.89,233.54,129.81,448.75,0.8059,-1,-1,-1
499,45,1209.59,115.73,352.57,903.42,0.9119,-1,-1,-1
499,53,498.72,286.66,143.85,387.21,0.8103,-1,-1,-1
499,56,1142.42,312.10,96.37,282.18,0.7387,-1,-1,-1
499,58,629.09,213.51,176.67,463.98,0.8768,-1,-1,-1
500,2,859.27,227.02,177.38,484.82,0.8309,-1,-1,-1
500,39,1007.08,232.81,127.21,452.22,0.8008,-1,-1,-1
500,45,1207.45,114.04,354.09,914.89,0.9101,-1,-1,-1
500,53,492.78,288.86,143.35,390.90,0.8255,-1,-1,-1
500,56,1141.23,312.46,97.28,284.89,0.7396,-1,-1,-1
500,58,624.00,213.50,173.97,471.33,0.8415,-1,-1,-1
501,2,857.94,226.82,179.02,489.49,0.8406,-1,-1,-1
501,39,1006.69,233.05,127.29,453.57,0.8121,-1,-1,-1
501,45,1206.93,113.36,354.14,924.06,0.9116,-1,-1,-1
501,53,486.30,285.21,143.92,398.16,0.8324,-1,-1,-1
501,56,1142.30,312.23,96.08,284.96,0.7572,-1,-1,-1
501,58,620.60,212.15,171.85,480.36,0.8424,-1,-1,-1
502,2,857.95,227.23,180.40,489.10,0.8461,-1,-1,-1
502,39,1004.15,234.40,128.49,453.48,0.8183,-1,-1,-1
502,45,1207.16,113.24,353.33,930.21,0.9147,-1,-1,-1
502,53,480.03,283.72,142.45,404.36,0.8263,-1,-1,-1
502,56,1141.61,311.58,96.89,284.24,0.7960,-1,-1,-1
502,58,615.41,212.48,174.61,484.90,0.8388,-1,-1,-1
503,2,855.51,225.55,180.19,494.39,0.8429,-1,-1,-1
503,39,1001.42,234.40,130.74,450.72,0.8123,-1,-1,-1
503,45,1206.78,113.80,352.45,934.23,0.9156,-1,-1,-1
503,53,470.81,278.83,142.71,410.45,0.8173,-1,-1,-1
503,56,1138.66,309.35,97.14,285.22,0.8152,-1,-1,-1
503,58,608.50,207.61,168.70,488.55,0.8486,-1,-1,-1
504,2,852.67,224.12,182.49,493.19,0.8408,-1,-1,-1
504,39,1000.71,232.95,129.53,449.28,0.8057,-1,-1,-1
504,45,1205.84,114.28,352.71,938.69,0.9172,-1,-1,-1
504,53,461.87,274.90,144.76,415.14,0.8149,-1,-1,-1
504,56,1136.82,305.87,98.50,288.15,0.8098,-1,-1,-1
504,58,601.36,198.55,168.93,498.71,0.8540,-1,-1,-1
505,2,853.69,224.04,183.50,495.47,0.8215,-1,-1,-1
505,39,1002.91,230.46,122.44,449.41,0.7632,-1,-1,-1
505,45,1206.54,114.19,352.89,943.00,0.9195,-1,-1,-1
505,53,452.23,270.09,145.20,421.90,0.8089,-1,-1,-1
505,56,1135.35,302.81,98.14,288.67,0.8119,-1,-1,-1
505,58,591.69,194.91,172.55,504.39,0.8637,-1,-1,-1
506,2,853.75,223.49,183.94,501.29,0.8191,-1,-1,-1
506,39,1002.01,231.15,120.18,442.82,0.7540,-1,-1,-1
506,45,1206.49,112.92,353.93,945.96,0.9161,-1,-1,-1
506,53,441.48,266.71,151.13,427.61,0.8198,-1,-1,-1
506,56,1130.50,299.48,103.03,290.20,0.8075,-1,-1,-1
506,58,582.59,189.25,170.64,508.46,0.8523,-1,-1,-1
507,2,856.96,226.55,179.26,501.46,0.8121,-1,-1,-1
507,39,1000.32,232.33,119.02,441.03,0.7594,-1,-1,-1
507,45,1208.34,111.71,352.70,939.33,0.9159,-1,-1,-1
507,53,432.07,263.50,151.40,434.28,0.8503,-1,-1,-1
507,56,1128.76,297.62,103.23,290.99,0.8149,-1,-1,-1
507,58,573.33,186.78,170.59,509.58,0.8499,-1,-1,-1
508,2,854.38,228.44,177.50,499.49,0.8230,-1,-1,-1
508,39,1001.46,228.66,111.33,445.09,0.7306,-1,-1,-1
508,45,1209.49,108.17,350.82,936.09,0.9172,-1,-1,-1
508,53,418.90,259.85,151.34,439.68,0.8383,-1,-1,-1
508,56,1130.24,295.90,99.52,290.75,0.7946,-1,-1,-1
508,58,562.79,181.39,170.50,518.18,0.8465,-1,-1,-1
509,2,853.32,228.40,175.02,494.95,0.8008,-1,-1,-1
509,39,1000.92,226.88,100.94,448.15,0.7383,-1,-1,-1
509,45,1208.75,104.52,349.58,935.62,0.9159,-1,-1,-1
509,53,407.90,255.89,150.73,444.20,0.8460,-1,-1,-1
509,56,1126.92,294.64,97.66,290.25,0.7946,-1,-1,-1
509,58,550.60,175.41,172.87,526.11,0.8653,-1,-1,-1
510,2,850.59,228.34,173.86,490.71,0.7938,-1,-1,-1
510,39,997.72,227.04,98.48,448.22,0.7140,-1,-1,-1
510,45,1206.19,100.77,355.36,934.12,0.9113,-1,-1,-1
510,53,393.90,254.38,151.08,450.27,0.8392,-1,-1,-1
510,56,1121.68,292.98,98.49,290.74,0.8059,-1,-1,-1
510,58,536.73,171.06,178.15,534.33,0.8796,-1,-1,-1
510,60,1077.49,309.78,51.18,207.69,0.4558,-1,-1,-1
511,2,855.49,226.40,165.31,485.90,0.7535,-1,-1,-1
511,39,993.19,221.10,99.64,456.30,0.6836,-1,-1,-1
511,45,1203.59,94.88,359.27,925.65,0.9118,-1,-1,-1
511,53,377.00,252.00,157.61,459.37,0.8518,-1,-1,-1
511,56,1118.44,289.46,97.85,293.81,0.8113,-1,-1,-1
511,58,523.36,169.66,179.47,538.09,0.8655,-1,-1,-1
511,60,1071.19,310.25,57.31,205.33,0.5248,-1,-1,-1
512,2,855.53,221.45,161.80,482.73,0.7489,-1,-1,-1
512,39,990.10,217.22,100.84,462.57,0.6842,-1,-1,-1
512,45,1203.22,88.45,356.93,912.65,0.9077,-1,-1,-1
512,53,363.38,251.01,159.66,468.54,0.8264,-1,-1,-1
512,56,1114.47,285.50,98.04,296.57,0.7846,-1,-1,-1
512,58,511.45,167.76,183.21,546.06,0.8665,-1,-1,-1
512,60,1066.99,307.71,59.51,202.56,0.4565,-1,-1,-1
513,2,852.76,215.86,161.30,482.64,0.8258,-1,-1,-1
513,39,988.68,219.26,88.77,455.49,0.6107,-1,-1,-1
513,45,1205.22,82.97,353.79,903.10,0.9028,-1,-1,-1
513,53,350.99,246.59,161.80,478.92,0.8543,-1,-1,-1
513,56,1111.65,283.03,98.02,296.78,0.7458,-1,-1,-1
513,58,500.90,162.10,188.10,557.71,0.8584,-1,-1,-1
513,60,1061.35,307.81,63.27,203.18,0.5032,-1,-1,-1
514,2,851.41,207.71,159.85,486.19,0.7774,-1,-1,-1
514,39,987.33,213.66,88.68,453.19,0.6748,-1,-1,-1
514,45,1208.83,75.22,350.80,899.56,0.9054,-1,-1,-1
514,53,340.71,245.91,164.77,478.97,0.8292,-1,-1,-1
514,56,1108.86,278.15,99.73,297.50,0.7838,-1,-1,-1
514,58,488.88,157.64,195.24,569.53,0.8477,-1,-1,-1
514,60,1059.00,300.89,63.42,210.98,0.4244,-1,-1,-1
515,2,850.81,204.36,158.41,486.16,0.7922,-1,-1,-1
515,39,987.34,210.67,88.95,453.18,0.6657,-1,-1,-1
515,45,1212.32,68.72,347.68,903.07,0.9065,-1,-1,-1
515,53,329.51,244.83,168.64,482.21,0.8546,-1,-1,-1
515,56,1105.64,274.50,101.46,298.80,0.8050,-1,-1,-1
515,58,480.26,154.62,197.79,579.28,0.8480,-1,-1,-1
515,60,1056.94,294.64,60.14,219.03,0.4457,-1,-1,-1
516,2,849.65,201.55,158.34,486.35,0.8172,-1,-1,-1
516,39,987.49,205.99,88.12,450.04,0.6721,-1,-1,-1
516,45,1216.06,62.82,343.91,908.00,0.9067,-1,-1,-1
516,53,318.46,243.83,172.75,490.29,0.8638,-1,-1,-1
516,56,1104.78,272.28,101.08,299.18,0.8176,-1,-1,-1
516,58,470.58,151.10,204.30,586.29,0.8653,-1,-1,-1
516,60,1054.46,294.64,61.22,217.51,0.4494,-1,-1,-1
517,2,851.27,199.19,155.79,488.93,0.8157,-1,-1,-1
517,39,988.25,204.12,85.27,441.87,0.6635,-1,-1,-1
517,45,1219.52,59.70,341.74,916.52,0.9086,-1,-1,-1
517,53,309.00,241.02,172.88,502.51,0.8548,-1,-1,-1
517,56,1105.68,270.91,101.23,300.82,0.8210,-1,-1,-1
517,58,464.49,150.40,208.57,595.50,0.8866,-1,-1,-1
517,60,1054.88,295.21,61.43,214.97,0.5302,-1,-1,-1
518,2,852.62,197.61,153.42,491.89,0.7926,-1,-1,-1
518,39,988.52,201.80,82.45,438.34,0.6681,-1,-1,-1
518,45,1220.93,57.36,341.26,926.97,0.9090,-1,-1,-1
518,53,299.43,236.47,174.30,515.62,0.8635,-1,-1,-1
518,56,1104.35,269.06,103.84,304.25,0.8106,-1,-1,-1
518,58,458.59,147.65,212.80,605.10,0.8801,-1,-1,-1
518,60,1054.01,289.87,58.15,218.51,0.4940,-1,-1,-1
519,2,852.37,196.02,153.77,493.81,0.7936,-1,-1,-1
519,39,988.32,199.31,81.23,436.97,0.6410,-1,-1,-1
519,45,1221.89,56.20,340.70,933.12,0.9034,-1,-1,-1
519,53,290.45,231.34,176.84,527.89,0.8634,-1,-1,-1
519,56,1102.13,265.05,106.43,307.65,0.8084,-1,-1,-1
519,58,451.82,143.63,217.49,615.09,0.8662,-1,-1,-1
519,60,1055.35,290.06,57.43,220.41,0.5481,-1,-1,-1
520,2,853.97,193.96,152.68,495.75,0.7844,-1,-1,-1
520,39,988.37,196.79,80.89,438.55,0.6353,-1,-1,-1
520,45,1226.58,55.11,337.96,941.15,0.9024,-1,-1,-1
520,53,279.78,226.50,181.77,535.84,0.8733,-1,-1,-1
520,56,1102.81,264.38,107.53,306.34,0.8028,-1,-1,-1
520,58,447.16,139.72,222.14,624.18,0.8580,-1,-1,-1
520,60,1056.47,286.55,54.72,221.82,0.5425,-1,-1,-1
521,2,857.78,196.39,150.78,496.30,0.7855,-1,-1,-1
521,39,990.73,196.82,80.84,439.62,0.6698,-1,-1,-1
521,45,1232.04,58.08,335.82,947.04,0.9021,-1,-1,-1
521,53,273.47,227.12,184.63,538.66,0.8841,-1,-1,-1
521,56,1107.71,264.69,108.42,307.14,0.7962,-1,-1,-1
521,58,445.75,136.27,225.38,631.74,0.8568,-1,-1,-1
521,60,1059.93,293.65,56.00,215.29,0.5820,-1,-1,-1
522,2,859.53,196.91,150.31,493.93,0.8085,-1,-1,-1
522,39,990.90,194.90,80.95,441.22,0.6512,-1,-1,-1
522,45,1234.88,56.70,331.23,954.92,0.9047,-1,-1,-1
522,53,266.15,222.98,187.55,545.16,0.8766,-1,-1,-1
522,56,1108.97,261.96,107.65,307.09,0.7992,-1,-1,-1
522,58,442.77,130.33,228.72,639.50,0.8673,-1,-1,-1
522,60,1060.53,286.24,56.18,216.12,0.5768,-1,-1,-1
523,2,863.19,196.24,148.48,493.17,0.8159,-1,-1,-1
523,39,991.32,192.72,81.67,445.17,0.6675,-1,-1,-1
523,45,1236.29,54.28,326.58,963.30,0.9079,-1,-1,-1
523,53,256.15,217.44,195.46,552.89,0.8786,-1,-1,-1
523,56,1109.04,259.37,109.11,306.16,0.7870,-1,-1,-1
523,58,437.34,120.12,233.64,652.88,0.8747,-1,-1,-1
523,60,1060.78,284.43,58.76,215.75,0.6365,-1,-1,-1
524,2,868.77,197.95,145.74,492.15,0.8326,-1,-1,-1
524,39,994.05,196.36,79.82,449.10,0.6188,-1,-1,-1
524,45,1237.92,53.40,323.58,963.98,0.9067,-1,-1,-1
524,53,248.92,215.26,200.47,561.55,0.8795,-1,-1,-1
524,56,1108.00,258.38,112.49,306.88,0.7970,-1,-1,-1
524,58,433.49,117.24,237.35,659.63,0.8760,-1,-1,-1
524,60,1061.04,282.35,61.02,217.05,0.6622,-1,-1,-1
525,2,873.48,199.33,147.79,491.18,0.8534,-1,-1,-1
525,39,995.84,200.11,82.54,442.14,0.5607,-1,-1,-1
525,45,1238.20,49.86,326.16,966.68,0.9048,-1,-1,-1
525,53,241.49,212.85,203.57,567.44,0.8767,-1,-1,-1
525,56,1111.49,256.93,114.10,307.25,0.8082,-1,-1,-1
525,58,432.18,113.08,241.46,667.36,0.8756,-1,-1,-1
525,60,1064.80,280.64,61.83,218.66,0.6507,-1,-1,-1
526,2,878.41,199.67,148.82,493.16,0.8614,-1,-1,-1
526,39,997.83,202.00,86.09,444.70,0.5396,-1,-1,-1
526,45,1241.49,48.40,327.09,966.74,0.9025,-1,-1,-1
526,53,233.49,210.53,206.54,574.61,0.8671,-1,-1,-1
526,56,1114.90,256.24,116.89,310.24,0.8281,-1,-1,-1
526,58,429.78,110.74,247.25,672.90,0.8779,-1,-1,-1
526,60,1069.66,278.19,60.45,220.96,0.7114,-1,-1,-1
527,2,881.79,200.78,150.34,492.16,0.8387,-1,-1,-1
527,39,998.93,203.78,89.25,447.24,0.6067,-1,-1,-1
527,45,1245.69,49.07,325.74,964.87,0.9087,-1,-1,-1
527,53,225.88,206.57,207.81,583.90,0.8560,-1,-1,-1
527,56,1118.07,258.35,119.05,309.78,0.8429,-1,-1,-1
527,58,425.84,110.08,254.14,676.36,0.8747,-1,-1,-1
527,60,1072.88,278.83,62.18,224.25,0.7564,-1,-1,-1
528,2,881.20,200.36,154.85,492.97,0.8257,-1,-1,-1
528,39,1000.57,203.68,91.65,450.28,0.5892,-1,-1,-1
528,45,1245.50,47.27,329.61,965.36,0.9093,-1,-1,-1
528,53,222.39,205.61,209.69,590.55,0.8462,-1,-1,-1
528,56,1124.68,260.05,114.49,310.52,0.8395,-1,-1,-1
528,58,421.35,107.88,259.70,682.59,0.8841,-1,-1,-1
528,60,1078.30,278.48,62.72,225.04,0.7218,-1,-1,-1
529,2,879.77,199.63,156.91,491.05,0.8117,-1,-1,-1
529,39,1003.09,203.87,90.62,452.15,0.6236,-1,-1,-1
529,45,1245.26,47.73,332.91,958.74,0.9104,-1,-1,-1
529,53,220.63,205.45,210.60,605.46,0.8253,-1,-1,-1
529,56,1132.20,261.59,110.42,311.66,0.8125,-1,-1,-1
529,58,416.89,104.84,267.51,692.72,0.8815,-1,-1,-1
529,60,1084.49,282.60,60.10,226.28,0.7215,-1,-1,-1
530,2,887.65,197.92,148.17,490.98,0.7795,-1,-1,-1
530,39,1008.16,207.42,88.21,452.21,0.7042,-1,-1,-1
530,45,1248.11,48.85,338.71,946.12,0.9049,-1,-1,-1
530,53,213.90,205.31,216.54,624.93,0.8274,-1,-1,-1
530,56,1137.38,262.38,108.35,313.45,0.8000,-1,-1,-1
530,58,407.15,101.52,278.53,709.38,0.8806,-1,-1,-1
530,60,1089.34,293.48,61.13,215.02,0.6524,-1,-1,-1
531,2,882.91,196.68,155.18,491.38,0.7960,-1,-1,-1
531,39,1011.29,207.70,91.16,457.06,0.7154,-1,-1,-1
531,45,1249.85,49.22,342.91,940.58,0.9106,-1,-1,-1
531,53,208.65,207.22,218.37,635.37,0.8439,-1,-1,-1
531,56,1143.76,264.78,106.60,312.46,0.8075,-1,-1,-1
531,58,402.44,95.66,283.44,734.93,0.8830,-1,-1,-1
531,60,1094.29,294.19,63.14,213.95,0.7254,-1,-1,-1
532,2,887.13,197.84,155.89,488.25,0.8205,-1,-1,-1
532,39,1014.20,203.84,91.84,461.56,0.6443,-1,-1,-1
532,45,1251.81,47.91,347.06,946.60,0.9081,-1,-1,-1
532,53,203.00,209.62,221.98,638.30,0.8572,-1,-1,-1
532,56,1147.71,266.13,106.20,312.61,0.8128,-1,-1,-1
532,58,397.40,92.25,288.63,754.06,0.8871,-1,-1,-1
532,60,1099.59,294.58,61.37,215.58,0.7339,-1,-1,-1
533,2,892.29,199.69,154.29,486.39,0.8352,-1,-1,-1
533,39,1016.59,203.58,92.19,461.11,0.7143,-1,-1,-1
533,45,1253.94,48.13,352.81,952.44,0.9008,-1,-1,-1
533,53,197.59,212.44,222.63,642.91,0.8669,-1,-1,-1
533,56,1152.01,268.81,105.59,314.44,0.8024,-1,-1,-1
533,58,389.95,90.42,296.37,763.89,0.8827,-1,-1,-1
533,60,1103.57,288.58,61.76,222.60,0.6587,-1,-1,-1
534,2,895.81,200.92,153.53,493.17,0.8349,-1,-1,-1
534,39,1017.17,199.82,92.01,465.35,0.6619,-1,-1,-1
534,45,1259.48,45.41,357.19,962.59,0.9036,-1,-1,-1
534,53,189.13,214.80,222.91,645.62,0.8753,-1,-1,-1
534,56,1154.99,270.07,106.34,316.08,0.7685,-1,-1,-1
534,58,381.79,89.09,303.19,768.59,0.8852,-1,-1,-1
534,60,1106.77,287.55,63.60,229.55,0.6000,-1,-1,-1
535,2,896.98,203.53,153.56,493.17,0.8421,-1,-1,-1
535,39,1018.27,199.21,93.84,470.71,0.6859,-1,-1,-1
535,45,1263.27,43.53,358.12,974.11,0.9082,-1,-1,-1
535,53,179.84,211.33,227.01,669.06,0.8801,-1,-1,-1
535,56,1154.89,270.07,110.85,317.26,0.7877,-1,-1,-1
535,58,374.28,86.21,305.55,779.09,0.8757,-1,-1,-1
535,60,1107.83,288.49,61.26,231.49,0.4040,-1,-1,-1
536,2,899.73,204.60,152.34,494.33,0.8321,-1,-1,-1
536,39,1019.06,197.30,93.17,469.77,0.7119,-1,-1,-1
536,45,1263.72,41.72,364.16,984.35,0.9050,-1,-1,-1
536,53,168.41,208.85,232.63,681.77,0.8807,-1,-1,-1
536,56,1155.32,269.64,111.83,318.00,0.8014,-1,-1,-1
536,58,369.52,82.39,304.00,802.26,0.8700,-1,-1,-1
536,60,1109.11,292.38,59.71,226.62,0.3572,-1,-1,-1
537,2,902.20,208.32,151.21,493.61,0.8227,-1,-1,-1
537,39,1019.58,198.14,93.01,465.72,0.6988,-1,-1,-1
537,45,1264.27,40.69,369.69,992.66,0.9050,-1,-1,-1
537,53,153.39,205.97,239.52,694.17,0.8765,-1,-1,-1
537,56,1156.01,270.00,111.72,318.48,0.7666,-1,-1,-1
537,58,362.14,78.76,304.38,825.40,0.8743,-1,-1,-1
537,60,1111.95,286.21,64.09,238.83,0.3743,-1,-1,-1
538,2,903.66,211.14,151.54,491.58,0.8181,-1,-1,-1
538,39,1019.81,199.18,98.20,462.08,0.7038,-1,-1,-1
538,45,1266.42,40.26,374.37,1000.03,0.9047,-1,-1,-1
538,53,137.82,199.96,243.79,707.99,0.8730,-1,-1,-1
538,56,1157.89,268.76,110.49,320.86,0.8011,-1,-1,-1
538,58,351.23,69.00,302.02,846.25,0.8846,-1,-1,-1
538,60,1114.28,283.01,63.97,244.56,0.3624,-1,-1,-1
539,2,902.76,211.02,151.00,491.86,0.8159,-1,-1,-1
539,39,1019.50,198.66,102.11,454.81,0.7195,-1,-1,-1
539,45,1267.51,38.82,377.57,1007.59,0.9043,-1,-1,-1
539,53,115.04,190.28,249.98,721.44,0.8693,-1,-1,-1
539,56,1155.43,265.66,110.54,323.21,0.7894,-1,-1,-1
539,58,341.22,55.86,306.37,865.00,0.8803,-1,-1,-1
539,60,1115.53,275.95,62.99,252.49,0.2929,-1,-1,-1
540,2,902.58,212.50,151.11,491.29,0.8093,-1,-1,-1
540,39,1019.86,198.65,95.54,454.49,0.6253,-1,-1,-1
540,45,1270.92,40.65,375.81,1014.60,0.9040,-1,-1,-1
540,53,98.80,181.57,246.49,735.66,0.8850,-1,-1,-1
540,56,1152.21,266.37,109.40,323.25,0.7980,-1,-1,-1
540,58,327.44,50.51,309.76,875.99,0.8769,-1,-1,-1
540,60,1113.61,289.96,53.77,236.79,0.2244,-1,-1,-1
541,2,902.51,216.20,148.50,485.66,0.8052,-1,-1,-1
541,39,1018.06,200.13,95.89,454.14,0.7097,-1,-1,-1
541,45,1271.22,48.29,376.85,1013.69,0.9000,-1,-1,-1
541,53,78.42,179.48,251.36,745.44,0.8952,-1,-1,-1
541,56,1140.05,268.61,115.45,322.51,0.7810,-1,-1,-1
541,58,307.40,43.39,310.74,888.69,0.8858,-1,-1,-1
542,2,897.87,212.53,149.80,487.53,0.7969,-1,-1,-1
542,39,1016.06,197.97,88.95,454.94,0.6574,-1,-1,-1
542,45,1271.52,50.78,377.83,1010.28,0.8952,-1,-1,-1
542,53,55.09,168.66,256.41,755.83,0.8870,-1,-1,-1
542,56,1138.78,266.43,112.37,323.65,0.8210,-1,-1,-1
542,58,290.70,33.94,307.84,902.90,0.8866,-1,-1,-1
542,64,584.36,291.30,70.01,248.98,0.6278,-1,-1,-1
543,2,892.62,209.47,151.76,489.25,0.8218,-1,-1,-1
543,39,1015.94,194.97,84.27,455.49,0.6313,-1,-1,-1
543,45,1274.37,50.83,376.77,1006.31,0.8989,-1,-1,-1
543,53,30.58,159.88,262.09,770.29,0.8898,-1,-1,-1
543,56,1132.96,264.99,111.57,322.63,0.7959,-1,-1,-1
543,58,264.16,21.41,319.73,919.58,0.8778,-1,-1,-1
543,64,580.77,287.56,74.24,254.59,0.5997,-1,-1,-1
544,2,890.83,206.54,151.91,487.47,0.8169,-1,-1,-1
544,39,1014.42,192.06,84.86,459.50,0.5613,-1,-1,-1
544,45,1276.78,52.15,375.58,1008.04,0.8985,-1,-1,-1
544,53,6.57,154.50,269.53,782.45,0.8870,-1,-1,-1
544,56,1120.81,263.67,118.61,326.42,0.8359,-1,-1,-1
544,58,251.73,12.13,315.84,936.98,0.8982,-1,-1,-1
544,64,578.55,286.89,74.83,257.77,0.6437,-1,-1,-1
545,2,888.81,204.93,151.48,484.62,0.8099,-1,-1,-1
545,39,1011.69,198.02,85.12,459.59,0.6111,-1,-1,-1
545,45,1278.98,53.97,373.41,1004.25,0.9040,-1,-1,-1
545,53,-4.93,147.41,261.15,799.98,0.8815,-1,-1,-1
545,56,1110.91,264.67,123.35,328.24,0.8421,-1,-1,-1
545,58,225.18,4.35,326.12,951.46,0.8899,-1,-1,-1
545,64,576.93,289.14,73.49,256.14,0.6478,-1,-1,-1
546,2,884.39,202.91,154.69,484.24,0.8075,-1,-1,-1
546,39,1008.89,198.67,90.85,448.79,0.4933,-1,-1,-1
546,45,1278.75,54.46,372.97,1002.24,0.9042,-1,-1,-1
546,53,-8.50,141.14,245.42,821.32,0.8869,-1,-1,-1
546,56,1108.09,267.46,120.92,325.89,0.8204,-1,-1,-1
546,58,203.08,1.99,335.84,962.24,0.9040,-1,-1,-1
546,64,573.79,288.56,71.64,254.55,0.6966,-1,-1,-1
547,2,878.74,201.43,155.34,484.34,0.8090,-1,-1,-1
547,39,1002.48,200.36,101.61,448.30,0.6084,-1,-1,-1
547,45,1277.74,53.80,371.12,995.45,0.9079,-1,-1,-1
547,53,-8.56,132.90,228.03,838.28,0.8793,-1,-1,-1
547,56,1108.44,267.89,113.57,324.17,0.7743,-1,-1,-1
547,58,182.45,-0.32,344.32,970.37,0.8974,-1,-1,-1
547,64,568.75,289.20,64.17,254.66,0.6277,-1,-1,-1
547,65,1637.55,299.83,59.25,149.76,0.3406,-1,-1,-1
548,2,873.59,202.26,156.14,485.16,0.8155,-1,-1,-1
548,39,999.01,202.11,112.63,447.26,0.6327,-1,-1,-1
548,45,1277.05,53.15,369.43,983.59,0.9041,-1,-1,-1
548,53,-7.61,126.22,211.18,845.35,0.8606,-1,-1,-1
548,56,1098.54,269.40,115.78,325.14,0.8081,-1,-1,-1
548,58,159.95,0.33,358.11,986.46,0.8995,-1,-1,-1
548,64,563.20,288.33,62.21,258.12,0.6732,-1,-1,-1
548,65,1632.42,293.64,61.46,156.94,0.3878,-1,-1,-1
549,2,868.13,202.26,153.11,488.58,0.8359,-1,-1,-1
549,39,994.04,213.14,126.17,434.97,0.6796,-1,-1,-1
549,45,1276.32,51.24,366.42,972.07,0.9045,-1,-1,-1
549,53,-6.16,125.67,199.00,851.14,0.8491,-1,-1,-1
549,56,1095.12,271.10,113.27,323.93,0.8208,-1,-1,-1
549,58,122.40,-0.31,389.41,1018.56,0.8784,-1,-1,-1
549,64,555.99,290.92,63.25,255.41,0.6636,-1,-1,-1
549,65,1629.40,294.88,60.69,157.40,0.4341,-1,-1,-1
550,2,865.06,203.38,152.98,491.29,0.8402,-1,-1,-1
550,39,987.96,209.10,99.96,442.98,0.4564,-1,-1,-1
550,45,1275.73,49.29,363.91,970.54,0.9036,-1,-1,-1
550,53,-5.62,149.63,167.05,834.81,0.8166,-1,-1,-1
550,56,1094.34,272.06,106.68,323.53,0.8089,-1,-1,-1
550,58,93.27,0.68,399.41,1054.08,0.8849,-1,-1,-1
550,64,547.49,287.94,69.42,259.54,0.6640,-1,-1,-1
550,65,1624.59,291.57,62.04,162.92,0.4778,-1,-1,-1
551,2,863.59,207.04,149.74,488.31,0.8466,-1,-1,-1
551,39,983.65,208.19,87.44,434.35,0.3070,-1,-1,-1
551,45,1275.27,48.46,362.93,978.39,0.8995,-1,-1,-1
551,53,-3.34,219.37,147.90,769.75,0.8400,-1,-1,-1
551,56,1092.69,273.87,104.25,321.63,0.7982,-1,-1,-1
551,58,66.60,0.61,407.08,1072.47,0.8871,-1,-1,-1
551,64,541.71,283.29,65.54,265.59,0.7284,-1,-1,-1
551,65,1620.77,285.89,64.16,170.04,0.4940,-1,-1,-1
551,66,1023.18,285.50,111.01,341.20,0.6775,-1,-1,-1
552,2,859.25,211.15,148.79,482.49,0.8403,-1,-1,-1
552,39,976.46,211.17,86.16,418.56,0.4469,-1,-1,-1
552,45,1275.58,48.33,360.86,986.57,0.8993,-1,-1,-1
552,53,-2.64,235.34,128.47,758.38,0.7942,-1,-1,-1
552,56,1092.67,276.07,99.17,320.69,0.7478,-1,-1,-1
552,58,31.32,1.82,422.42,1076.26,0.9076,-1,-1,-1
552,64,535.04,283.28,68.34,267.14,0.7325,-1,-1,-1
552,65,1618.33,280.16,66.52,177.04,0.3786,-1,-1,-1
552,66,1014.87,283.59,121.42,347.33,0.6553,-1,-1,-1
553,2,853.68,215.43,146.99,480.44,0.8143,-1,-1,-1
553,39,972.85,212.91,86.00,419.99,0.5709,-1,-1,-1
553,45,1278.66,48.10,356.38,993.91,0.8958,-1,-1,-1
553,53,-1.37,237.39,115.71,762.65,0.4723,-1,-1,-1
553,56,1095.02,276.69,90.80,319.74,0.7462,-1,-1,-1
553,58,3.98,1.99,436.30,1074.04,0.9053,-1,-1,-1
553,64,530.38,288.90,69.61,263.37,0.7056,-1,-1,-1
553,65,1615.76,280.17,67.93,178.92,0.3169,-1,-1,-1
553,66,1013.33,273.98,123.90,361.47,0.6267,-1,-1,-1
554,2,851.66,220.08,140.24,479.92,0.8399,-1,-1,-1
554,39,966.25,214.13,85.46,451.25,0.6288,-1,-1,-1
554,45,1276.37,47.79,353.74,1001.01,0.9025,-1,-1,-1
554,56,1095.43,277.85,89.57,325.51,0.6849,-1,-1,-1
554,58,-6.61,3.38,436.31,1070.95,0.9108,-1,-1,-1
554,64,527.12,287.77,70.28,267.21,0.7209,-1,-1,-1
554,65,1613.26,284.68,70.83,174.64,0.5708,-1,-1,-1
554,66,1016.22,268.98,120.27,370.61,0.6176,-1,-1,-1
555,2,852.05,222.70,134.48,481.35,0.8489,-1,-1,-1
555,39,961.18,215.67,86.69,460.27,0.6517,-1,-1,-1
555,45,1271.50,50.29,353.23,1005.60,0.9051,-1,-1,-1
555,56,1096.97,279.60,83.98,332.92,0.4513,-1,-1,-1
555,58,-9.30,3.55,404.37,1069.15,0.8840,-1,-1,-1
555,64,523.48,289.33,73.10,268.30,0.7477,-1,-1,-1
555,65,1608.00,289.04,75.54,172.04,0.6567,-1,-1,-1
555,66,1016.10,267.99,121.67,375.77,0.6403,-1,-1,-1
556,2,850.53,223.95,133.56,481.31,0.8434,-1,-1,-1
556,39,960.25,217.62,89.95,463.81,0.7284,-1,-1,-1
556,45,1268.89,53.61,352.41,1011.69,0.9005,-1,-1,-1
556,58,-8.76,5.63,369.92,1065.16,0.9233,-1,-1,-1
556,64,521.19,290.75,71.50,269.83,0.7284,-1,-1,-1
556,65,1607.18,291.52,76.88,172.52,0.6455,-1,-1,-1
556,66,1018.01,263.23,124.94,383.12,0.6033,-1,-1,-1
557,2,847.07,221.83,135.02,482.80,0.8358,-1,-1,-1
557,39,959.78,215.03,92.52,464.56,0.7581,-1,-1,-1
557,45,1270.46,55.15,347.24,1012.58,0.8958,-1,-1,-1
557,58,-7.23,4.52,348.90,1065.94,0.9183,-1,-1,-1
557,64,518.01,292.10,71.17,269.83,0.7234,-1,-1,-1
557,65,1605.81,289.34,78.06,175.57,0.5221,-1,-1,-1
557,66,1036.26,260.59,123.12,381.90,0.7519,-1,-1,-1
558,2,841.66,220.15,139.24,486.24,0.8393,-1,-1,-1
558,39,960.47,216.16,93.11,461.81,0.8014,-1,-1,-1
558,45,1276.02,56.44,337.83,1014.25,0.8954,-1,-1,-1
558,58,-5.33,4.27,336.34,1066.00,0.8745,-1,-1,-1
558,64,516.95,292.84,71.96,270.59,0.7387,-1,-1,-1
558,65,1605.37,288.34,81.80,176.86,0.4424,-1,-1,-1
558,66,1047.51,256.24,118.81,388.64,0.7892,-1,-1,-1
559,2,835.41,221.07,145.61,483.62,0.8351,-1,-1,-1
559,39,958.78,215.16,97.44,457.27,0.7986,-1,-1,-1
559,45,1282.94,57.75,327.92,1012.48,0.9023,-1,-1,-1
559,58,-3.89,6.08,347.13,1066.26,0.8954,-1,-1,-1
559,64,519.43,290.79,70.18,275.93,0.7439,-1,-1,-1
559,65,1604.29,290.86,90.38,176.35,0.5062,-1,-1,-1
559,66,1049.77,254.79,120.26,392.79,0.7930,-1,-1,-1
560,2,827.84,224.19,154.20,477.34,0.8430,-1,-1,-1
560,39,957.05,219.06,101.69,448.45,0.7659,-1,-1,-1
560,45,1288.38,59.91,318.44,1008.80,0.8923,-1,-1,-1
560,58,-2.41,5.47,348.22,1065.61,0.7989,-1,-1,-1
560,64,520.84,291.80,70.71,277.52,0.7425,-1,-1,-1
560,65,1602.67,292.52,99.12,176.03,0.6285,-1,-1,-1
560,66,1060.42,260.34,114.30,387.45,0.7202,-1,-1,-1
561,2,824.20,221.56,158.87,474.98,0.8466,-1,-1,-1
561,39,956.97,216.95,107.33,446.66,0.7843,-1,-1,-1
561,45,1293.76,56.69,317.03,1010.19,0.8955,-1,-1,-1
561,58,-1.37,5.12,338.70,1064.05,0.8637,-1,-1,-1
561,64,523.47,287.64,74.29,280.74,0.7178,-1,-1,-1
561,65,1605.52,284.95,112.21,181.41,0.5897,-1,-1,-1
561,66,1076.69,266.93,113.14,376.46,0.7059,-1,-1,-1
562,2,820.31,219.49,163.16,472.43,0.8434,-1,-1,-1
562,39,956.14,215.01,112.48,451.17,0.7990,-1,-1,-1
562,45,1298.41,55.48,313.80,1015.81,0.9003,-1,-1,-1
562,58,-0.54,10.35,333.52,1058.82,0.8348,-1,-1,-1
562,64,525.65,288.51,74.53,279.80,0.6949,-1,-1,-1
562,65,1613.90,284.99,112.78,182.08,0.6895,-1,-1,-1
562,66,1091.26,269.17,112.76,380.10,0.7618,-1,-1,-1
563,2,819.72,218.91,165.70,474.55,0.8474,-1,-1,-1
563,39,958.80,215.82,114.22,453.44,0.8122,-1,-1,-1
563,45,1303.78,57.78,319.40,1015.88,0.8957,-1,-1,-1
563,58,0.37,8.11,320.66,1061.19,0.8743,-1,-1,-1
563,64,528.92,288.91,74.02,281.26,0.7385,-1,-1,-1
563,65,1626.32,283.78,116.48,184.73,0.5994,-1,-1,-1
563,66,1103.23,270.24,123.65,382.63,0.7908,-1,-1,-1
564,2,822.81,219.27,166.35,478.51,0.8585,-1,-1,-1
564,39,963.73,215.07,116.40,459.41,0.7958,-1,-1,-1
564,45,1308.20,54.69,332.14,1020.18,0.8986,-1,-1,-1
564,58,1.01,6.85,308.49,1064.24,0.8592,-1,-1,-1
564,64,534.76,292.32,72.88,280.52,0.7499,-1,-1,-1
564,65,1641.55,280.31,111.55,189.71,0.6526,-1,-1,-1
564,66,1115.27,270.02,140.39,387.57,0.7521,-1,-1,-1
564,60,1068.71,271.64,93.73,343.85,0.5488,-1,-1,-1
565,2,831.31,223.34,163.85,478.18,0.8559,-1,-1,-1
565,39,971.64,216.97,117.94,462.59,0.7980,-1,-1,-1
565,45,1310.99,54.26,349.14,1024.26,0.9025,-1,-1,-1
565,58,1.76,10.36,291.56,1058.87,0.7608,-1,-1,-1
565,64,542.85,300.17,72.90,275.33,0.7163,-1,-1,-1
565,65,1656.23,280.64,114.01,195.21,0.6563,-1,-1,-1
565,66,1131.29,270.35,157.64,391.49,0.7975,-1,-1,-1
565,60,1080.67,273.99,93.73,342.29,0.6708,-1,-1,-1
566,2,838.65,225.82,161.90,477.78,0.8489,-1,-1,-1
566,39,976.61,216.23,121.30,462.63,0.7564,-1,-1,-1
566,45,1316.45,53.88,360.85,1018.07,0.8978,-1,-1,-1
566,58,1.57,9.07,271.69,1060.38,0.7997,-1,-1,-1
566,64,549.07,302.77,72.47,273.68,0.7248,-1,-1,-1
566,65,1672.01,281.13,107.24,196.19,0.7205,-1,-1,-1
566,66,1141.10,272.63,175.70,394.70,0.7252,-1,-1,-1
566,60,1087.66,273.27,100.64,343.26,0.6528,-1,-1,-1
567,2,845.26,230.02,162.04,478.77,0.8362,-1,-1,-1
567,39,981.60,221.10,119.18,452.61,0.7654,-1,-1,-1
567,45,1321.98,54.16,375.24,1010.48,0.9166,-1,-1,-1
567,58,0.93,6.21,250.51,1063.36,0.7286,-1,-1,-1
567,64,553.76,304.31,73.49,273.01,0.7415,-1,-1,-1
567,65,1688.59,281.84,105.62,195.18,0.6558,-1,-1,-1
567,66,1147.10,271.40,198.30,399.81,0.7993,-1,-1,-1
567,60,1092.98,273.11,106.20,350.18,0.7413,-1,-1,-1
567,56,1093.04,273.43,108.10,351.61,0.7413,-1,-1,-1
568,2,849.63,231.02,163.72,479.88,0.8452,-1,-1,-1
568,39,987.10,224.53,121.08,452.77,0.8193,-1,-1,-1
568,45,1318.10,54.55,394.84,1014.80,0.9163,-1,-1,-1
568,58,0.10,11.27,223.34,1063.48,0.3053,-1,-1,-1
568,64,558.81,302.08,75.78,275.36,0.7538,-1,-1,-1
568,65,1702.80,282.96,105.63,197.64,0.6214,-1,-1,-1
568,66,1154.13,278.67,197.40,397.13,0.8634,-1,-1,-1
568,60,1097.18,272.17,112.58,354.27,0.7459,-1,-1,-1
568,56,1095.99,272.24,113.18,353.89,0.7459,-1,-1,-1
569,2,854.48,232.74,163.29,480.60,0.8511,-1,-1,-1
569,39,995.85,226.88,119.78,459.31,0.8182,-1,-1,-1
569,45,1322.19,55.15,405.33,1016.62,0.9098,-1,-1,-1
569,64,564.24,301.27,77.99,278.30,0.7622,-1,-1,-1
569,65,1715.80,285.55,104.34,199.26,0.6676,-1,-1,-1
569,66,1158.56,283.18,198.43,396.83,0.8656,-1,-1,-1
569,60,1103.75,274.75,113.13,355.44,0.7734,-1,-1,-1
569,56,1102.17,274.83,113.17,354.42,0.7734,-1,-1,-1
570,2,861.91,239.75,159.37,476.61,0.8608,-1,-1,-1
570,39,1006.09,230.73,116.62,461.01,0.8221,-1,-1,-1
570,45,1323.20,56.07,421.11,1016.42,0.9009,-1,-1,-1
570,64,568.36,297.55,79.62,283.26,0.7630,-1,-1,-1
570,65,1729.03,288.32,103.77,199.40,0.6612,-1,-1,-1
570,66,1167.94,282.38,199.57,402.11,0.8487,-1,-1,-1
570,60,1110.66,275.86,117.11,354.59,0.7814,-1,-1,-1
570,56,1109.06,275.92,116.97,353.40,0.7814,-1,-1,-1
571,2,869.03,244.30,157.53,474.53,0.8510,-1,-1,-1
571,39,1012.50,233.28,113.69,463.58,0.7977,-1,-1,-1
571,45,1328.28,55.20,423.62,1019.17,0.9150,-1,-1,-1
571,64,572.06,301.79,79.30,283.11,0.7941,-1,-1,-1
571,65,1740.38,289.59,104.31,201.40,0.5995,-1,-1,-1
571,66,1174.11,280.99,203.14,409.91,0.8297,-1,-1,-1
571,60,1112.75,274.62,125.77,357.90,0.8050,-1,-1,-1
571,56,1111.17,274.65,125.61,356.77,0.8050,-1,-1,-1
572,2,874.57,241.25,157.15,476.31,0.8206,-1,-1,-1
572,39,1016.33,233.95,114.81,462.74,0.7808,-1,-1,-1
572,45,1329.42,54.15,431.21,1021.89,0.9047,-1,-1,-1
572,64,576.63,304.52,77.31,280.89,0.8194,-1,-1,-1
572,65,1751.72,290.09,105.42,202.40,0.5636,-1,-1,-1
572,66,1191.40,281.53,195.31,411.91,0.8294,-1,-1,-1
572,60,1119.04,274.61,129.55,361.02,0.7912,-1,-1,-1
572,56,1117.53,274.63,129.37,359.97,0.7912,-1,-1,-1
573,2,880.12,239.89,154.23,476.79,0.8281,-1,-1,-1
573,39,1022.05,234.01,114.76,460.11,0.7583,-1,-1,-1
573,45,1333.25,54.68,440.01,1022.15,0.8942,-1,-1,-1
573,64,580.37,307.41,75.41,279.72,0.7773,-1,-1,-1
573,65,1762.24,292.59,104.78,202.11,0.6058,-1,-1,-1
573,66,1210.92,283.87,182.08,412.01,0.8171,-1,-1,-1
573,60,1123.15,275.65,133.22,361.42,0.8217,-1,-1,-1
573,56,1121.76,275.67,133.05,360.46,0.8217,-1,-1,-1
574,2,884.09,239.89,156.92,477.35,0.8419,-1,-1,-1
574,39,1026.23,235.97,115.48,457.20,0.7595,-1,-1,-1
574,45,1339.71,54.11,443.62,1021.78,0.9082,-1,-1,-1
574,64,584.44,306.65,75.69,280.96,0.7116,-1,-1,-1
574,65,1774.23,293.94,106.46,204.10,0.5544,-1,-1,-1
574,66,1231.28,283.65,170.49,415.04,0.7738,-1,-1,-1
574,60,1127.88,277.67,133.86,362.90,0.8299,-1,-1,-1
574,56,1126.61,277.69,133.69,362.03,0.8299,-1,-1,-1
575,2,886.67,239.53,157.52,475.93,0.8421,-1,-1,-1
575,39,1030.34,236.19,113.65,459.44,0.7713,-1,-1,-1
575,45,1347.80,55.91,440.53,1017.31,0.9107,-1,-1,-1
575,64,588.33,305.28,75.12,281.91,0.6909,-1,-1,-1
575,65,1788.81,295.48,100.76,201.70,0.2667,-1,-1,-1
575,66,1248.49,283.12,159.71,418.28,0.7156,-1,-1,-1
575,60,1133.38,277.92,133.07,365.20,0.8402,-1,-1,-1
575,56,1132.24,277.94,132.90,364.43,0.8402,-1,-1,-1
576,2,889.19,239.44,156.81,473.88,0.8239,-1,-1,-1
576,39,1031.32,236.76,113.43,457.40,0.7833,-1,-1,-1
576,45,1355.14,59.12,438.00,1012.69,0.9127,-1,-1,-1
576,64,591.29,312.21,74.37,276.61,0.7103,-1,-1,-1
576,65,1790.67,296.55,110.67,204.41,0.5535,-1,-1,-1
576,66,1268.28,281.87,146.66,423.23,0.7409,-1,-1,-1
576,60,1138.88,275.80,133.71,369.15,0.8364,-1,-1,-1
576,56,1137.87,275.80,133.56,368.47,0.8364,-1,-1,-1
577,2,891.85,237.34,155.04,471.72,0.8183,-1,-1,-1
577,39,1031.22,229.57,113.01,469.68,0.7901,-1,-1,-1
577,45,1359.76,59.71,436.98,1011.11,0.9074,-1,-1,-1
577,64,588.91,315.17,77.38,273.86,0.6707,-1,-1,-1
577,65,1796.67,295.89,114.11,202.83,0.6059,-1,-1,-1
577,66,1289.58,285.66,139.67,425.30,0.7620,-1,-1,-1
577,60,1140.91,274.13,135.34,371.73,0.8282,-1,-1,-1
577,56,1140.00,274.13,135.20,371.12,0.8282,-1,-1,-1
578,2,893.26,236.77,154.05,471.39,0.8287,-1,-1,-1
578,39,1031.24,225.99,112.94,475.33,0.7902,-1,-1,-1
578,45,1366.03,62.04,438.09,1008.78,0.9023,-1,-1,-1
578,64,589.34,315.15,77.59,274.85,0.6976,-1,-1,-1
578,65,1800.59,298.66,116.64,202.49,0.5932,-1,-1,-1
578,66,1313.45,283.39,126.77,431.08,0.7276,-1,-1,-1
578,60,1143.38,274.05,129.46,373.83,0.8224,-1,-1,-1
578,56,1142.56,274.04,129.32,373.29,0.8224,-1,-1,-1
579,2,890.91,240.27,153.83,471.59,0.8382,-1,-1,-1
579,39,1028.52,231.21,114.46,473.50,0.7847,-1,-1,-1
579,45,1379.70,69.43,429.75,1001.52,0.9034,-1,-1,-1
579,64,588.89,310.99,75.25,286.07,0.7378,-1,-1,-1
579,65,1803.05,304.01,118.35,207.49,0.6257,-1,-1,-1
579,66,1329.09,285.12,123.30,440.49,0.7860,-1,-1,-1
579,60,1142.85,276.80,130.05,377.23,0.8299,-1,-1,-1
579,56,1142.14,276.79,129.94,376.75,0.8299,-1,-1,-1
580,2,890.98,241.65,150.53,468.80,0.8434,-1,-1,-1
580,39,1023.72,233.61,118.08,469.13,0.7729,-1,-1,-1
580,45,1390.43,71.72,424.68,997.26,0.9024,-1,-1,-1
580,64,585.54,305.83,75.29,293.58,0.6823,-1,-1,-1
580,65,1807.57,304.47,114.44,211.50,0.6581,-1,-1,-1
580,66,1335.09,284.56,125.28,448.21,0.7709,-1,-1,-1
580,60,1141.53,275.53,129.84,380.15,0.8004,-1,-1,-1
580,56,1140.89,275.52,129.74,379.72,0.8004,-1,-1,-1
581,2,887.38,242.04,150.33,466.60,0.8372,-1,-1,-1
581,39,1019.99,234.04,121.81,464.49,0.7766,-1,-1,-1
581,45,1405.32,69.97,418.41,995.82,0.9016,-1,-1,-1
581,64,583.21,306.66,73.20,293.39,0.7291,-1,-1,-1
581,65,1815.43,304.56,106.76,215.13,0.6043,-1,-1,-1
581,66,1338.30,283.33,141.53,453.98,0.7722,-1,-1,-1
581,60,1144.56,281.70,123.23,374.16,0.7877,-1,-1,-1
581,56,1144.00,281.69,123.13,373.77,0.7877,-1,-1,-1
582,2,885.72,244.41,147.04,465.10,0.8438,-1,-1,-1
582,39,1016.72,233.88,125.34,462.38,0.7829,-1,-1,-1
582,45,1420.01,70.46,415.10,999.74,0.9083,-1,-1,-1
582,64,581.41,307.50,72.57,293.83,0.7595,-1,-1,-1
582,65,1825.67,304.73,96.49,216.12,0.5265,-1,-1,-1
582,66,1340.50,284.48,159.51,453.69,0.8256,-1,-1,-1
582,60,1146.86,284.16,119.27,371.78,0.7750,-1,-1,-1
582,56,1146.38,284.15,119.18,371.44,0.7750,-1,-1,-1
582,67,1230.68,311.03,62.63,282.58,0.4565,-1,-1,-1
583,2,883.07,247.91,144.81,470.12,0.8496,-1,-1,-1
583,39,1013.39,233.25,128.53,463.55,0.7637,-1,-1,-1
583,45,1428.80,72.30,415.86,1000.16,0.9085,-1,-1,-1
583,64,577.54,309.94,73.68,293.57,0.7643,-1,-1,-1
583,65,1835.34,306.54,86.09,217.86,0.5306,-1,-1,-1
583,66,1343.45,286.12,164.78,452.73,0.8009,-1,-1,-1
583,60,1144.42,281.91,118.46,376.54,0.7813,-1,-1,-1
583,56,1144.01,281.91,118.39,376.25,0.7813,-1,-1,-1
583,67,1232.82,312.36,62.15,283.72,0.5579,-1,-1,-1
584,2,876.56,249.58,145.98,475.04,0.8479,-1,-1,-1
584,39,1011.98,234.30,129.88,466.59,0.7647,-1,-1,-1
584,45,1437.06,71.28,416.78,1001.62,0.9091,-1,-1,-1
584,64,574.30,306.69,74.14,294.83,0.7630,-1,-1,-1
584,65,1840.70,307.82,79.84,223.22,0.5699,-1,-1,-1
584,66,1343.29,283.32,167.94,456.71,0.7983,-1,-1,-1
584,60,1142.63,283.85,120.32,377.59,0.7715,-1,-1,-1
584,56,1142.27,283.84,120.26,377.33,0.7715,-1,-1,-1
584,67,1232.18,312.35,63.75,283.31,0.5494,-1,-1,-1
585,2,868.48,251.23,145.87,475.83,0.8626,-1,-1,-1
585,39,1006.87,233.57,132.90,469.09,0.7862,-1,-1,-1
585,45,1442.81,71.73,417.23,997.72,0.9091,-1,-1,-1
585,64,571.85,307.53,72.23,293.25,0.7814,-1,-1,-1
585,65,1847.64,305.30,72.14,227.55,0.5224,-1,-1,-1
585,66,1342.83,282.47,166.40,454.08,0.7660,-1,-1,-1
585,60,1141.13,284.11,121.03,379.38,0.7750,-1,-1,-1
585,56,1140.81,284.10,120.98,379.15,0.7750,-1,-1,-1
585,67,1229.97,310.70,64.45,277.44,0.4707,-1,-1,-1
586,2,862.30,252.78,146.28,474.98,0.8471,-1,-1,-1
586,39,1006.04,234.11,129.96,469.73,0.8058,-1,-1,-1
586,45,1451.20,70.91,414.73,1000.51,0.9039,-1,-1,-1
586,64,567.53,300.90,72.74,300.91,0.7591,-1,-1,-1
586,65,1851.71,305.85,67.99,230.42,0.4460,-1,-1,-1
586,66,1343.17,283.39,167.88,453.19,0.7408,-1,-1,-1
586,60,1139.93,284.23,124.69,379.20,0.7451,-1,-1,-1
586,56,1139.64,284.22,124.64,379.00,0.7451,-1,-1,-1
586,67,1227.28,308.91,65.22,273.23,0.2321,-1,-1,-1
587,2,859.93,253.84,144.62,473.40,0.8499,-1,-1,-1
587,39,1005.80,235.84,125.58,469.17,0.8082,-1,-1,-1
587,45,1458.32,67.97,411.97,1005.85,0.8986,-1,-1,-1
587,64,563.45,303.81,72.50,299.29,0.7181,-1,-1,-1
587,65,1854.34,307.95,65.37,229.01,0.4819,-1,-1,-1
587,66,1343.68,283.62,174.61,458.08,0.7566,-1,-1,-1
587,60,1139.85,283.29,125.44,381.68,0.7568,-1,-1,-1
587,56,1139.60,283.28,125.39,381.50,0.7568,-1,-1,-1
587,67,1228.91,319.82,60.92,212.01,0.2322,-1,-1,-1
588,2,858.13,254.68,141.60,472.27,0.8395,-1,-1,-1
588,39,1001.93,238.49,124.53,466.87,0.7910,-1,-1,-1
588,45,1464.51,66.20,407.02,1006.88,0.9019,-1,-1,-1
588,64,557.20,313.38,72.81,291.63,0.7263,-1,-1,-1
588,65,1856.62,308.45,62.62,226.90,0.5365,-1,-1,-1
588,66,1343.12,283.89,182.16,460.50,0.7544,-1,-1,-1
588,60,1140.15,284.90,127.08,380.82,0.7227,-1,-1,-1
588,56,1139.92,284.90,127.04,380.66,0.7227,-1,-1,-1
589,2,854.09,253.73,138.22,473.76,0.8393,-1,-1,-1
589,39,997.02,237.58,127.49,469.11,0.7998,-1,-1,-1
589,45,1468.81,63.46,407.84,1010.98,0.9034,-1,-1,-1
589,64,552.04,319.67,70.93,285.72,0.7148,-1,-1,-1
589,65,1860.61,310.45,59.10,223.54,0.4633,-1,-1,-1
589,66,1343.03,283.03,192.15,467.08,0.7693,-1,-1,-1
589,60,1139.80,283.75,133.06,383.89,0.7718,-1,-1,-1
589,56,1139.61,283.74,133.03,383.75,0.7718,-1,-1,-1
590,2,849.71,252.73,137.71,476.01,0.8381,-1,-1,-1
590,39,985.12,239.25,136.16,468.25,0.8109,-1,-1,-1
590,45,1468.99,62.37,412.59,1012.86,0.9073,-1,-1,-1
590,64,548.79,318.63,71.46,287.58,0.7127,-1,-1,-1
590,65,1864.42,312.82,55.19,222.34,0.3899,-1,-1,-1
590,66,1350.24,280.32,193.29,474.74,0.7313,-1,-1,-1
590,60,1139.06,284.67,138.86,386.27,0.8112,-1,-1,-1
590,56,1138.88,284.67,138.83,386.14,0.8112,-1,-1,-1
591,2,838.91,250.70,144.71,474.66,0.8402,-1,-1,-1
591,39,982.60,240.36,134.72,465.94,0.8065,-1,-1,-1
591,45,1469.34,60.87,416.63,1012.22,0.9094,-1,-1,-1
591,64,543.36,318.95,73.62,288.28,0.7381,-1,-1,-1
591,65,1868.21,315.34,51.61,219.96,0.3592,-1,-1,-1
591,66,1370.37,278.96,177.31,479.54,0.7153,-1,-1,-1
591,60,1139.43,282.39,139.57,390.06,0.8225,-1,-1,-1
591,56,1139.27,282.39,139.54,389.95,0.8225,-1,-1,-1
592,2,830.24,250.29,147.74,470.44,0.8337,-1,-1,-1
592,39,982.13,239.80,132.51,468.08,0.8135,-1,-1,-1
592,45,1469.00,59.49,420.04,1011.65,0.9062,-1,-1,-1
592,64,539.60,311.29,77.28,298.45,0.7281,-1,-1,-1
592,65,1871.42,330.04,48.21,201.56,0.3205,-1,-1,-1
592,66,1394.96,276.54,154.76,483.21,0.5637,-1,-1,-1
592,60,1140.84,279.18,137.59,394.03,0.8066,-1,-1,-1
592,56,1140.69,279.18,137.56,393.93,0.8066,-1,-1,-1
593,2,824.67,250.05,148.28,466.44,0.8351,-1,-1,-1
593,39,982.35,239.37,129.47,470.49,0.8157,-1,-1,-1
593,45,1466.98,59.78,424.46,1012.02,0.8957,-1,-1,-1
593,64,537.19,306.90,78.89,305.86,0.7112,-1,-1,-1
593,65,1874.42,344.21,45.13,184.64,0.2287,-1,-1,-1
593,66,1414.86,299.66,142.83,460.75,0.4431,-1,-1,-1
593,60,1142.04,280.02,135.99,396.37,0.8259,-1,-1,-1
593,56,1141.92,280.02,135.97,396.29,0.8259,-1,-1,-1
593,68,1107.58,317.94,52.85,243.11,0.6208,-1,-1,-1
594,2,816.45,250.80,154.38,463.68,0.8365,-1,-1,-1
594,39,981.76,241.15,127.34,471.60,0.8132,-1,-1,-1
594,45,1471.16,61.28,420.03,1012.75,0.8955,-1,-1,-1
594,64,534.66,309.96,76.16,303.72,0.7298,-1,-1,-1
594,65,1876.18,356.13,43.26,170.97,0.2521,-1,-1,-1
594,66,1429.54,316.66,131.57,446.21,0.2184,-1,-1,-1
594,60,1145.44,281.64,132.83,397.32,0.8041,-1,-1,-1
594,56,1145.33,281.64,132.81,397.24,0.8041,-1,-1,-1
594,68,1108.26,318.15,54.22,244.06,0.6117,-1,-1,-1
595,2,809.78,250.67,158.16,463.70,0.8525,-1,-1,-1
595,39,981.84,243.05,126.67,471.82,0.8037,-1,-1,-1
595,45,1479.71,62.51,414.43,1010.90,0.9088,-1,-1,-1
595,64,531.46,308.16,80.37,309.87,0.7637,-1,-1,-1
595,60,1147.93,282.05,131.10,398.63,0.7976,-1,-1,-1
595,56,1147.83,282.05,131.08,398.56,0.7976,-1,-1,-1
595,68,1106.70,314.98,57.35,247.71,0.6606,-1,-1,-1
596,2,804.02,250.61,162.61,463.77,0.8477,-1,-1,-1
596,39,978.15,243.23,132.53,472.58,0.8123,-1,-1,-1
596,45,1487.14,59.95,406.32,1013.08,0.9160,-1,-1,-1
596,64,529.69,309.22,81.86,310.92,0.7562,-1,-1,-1
596,60,1148.79,278.53,131.73,402.79,0.7774,-1,-1,-1
596,56,1148.70,278.53,131.71,402.73,0.7774,-1,-1,-1
596,68,1106.26,312.22,59.12,250.58,0.5394,-1,-1,-1
597,2,800.98,249.04,163.62,466.70,0.8447,-1,-1,-1
597,39,976.93,243.86,136.73,473.46,0.8106,-1,-1,-1
597,45,1497.31,55.84,395.71,1017.66,0.9159,-1,-1,-1
597,64,530.31,307.08,79.34,312.90,0.7630,-1,-1,-1
597,60,1152.44,276.80,136.41,404.55,0.7706,-1,-1,-1
597,56,1152.36,276.80,136.39,404.49,0.7706,-1,-1,-1
597,68,1105.84,313.10,60.80,250.74,0.5786,-1,-1,-1
598,2,800.08,251.97,164.57,472.09,0.8461,-1,-1,-1
598,39,979.22,249.51,139.14,479.10,0.8235,-1,-1,-1
598,45,1507.07,57.84,384.69,1015.98,0.9145,-1,-1,-1
598,64,530.74,306.70,77.43,316.65,0.7487,-1,-1,-1
598,60,1152.94,281.88,145.49,403.84,0.8047,-1,-1,-1
598,56,1152.87,281.88,145.48,403.79,0.8047,-1,-1,-1
598,68,1107.78,317.09,60.81,245.52,0.4598,-1,-1,-1
599,2,800.47,254.12,165.60,473.45,0.8503,-1,-1,-1
599,39,984.79,251.79,138.33,479.14,0.8190,-1,-1,-1
599,45,1511.14,58.06,383.29,1016.98,0.9196,-1,-1,-1
599,64,531.36,310.19,82.24,317.96,0.7502,-1,-1,-1
599,60,1155.44,284.04,151.24,403.62,0.8042,-1,-1,-1
599,56,1155.38,284.04,151.23,403.58,0.8042,-1,-1,-1
599,68,1108.19,316.67,61.98,248.98,0.3661,-1,-1,-1
600,2,804.11,255.52,163.38,475.03,0.8401,-1,-1,-1
600,39,991.15,251.35,136.47,482.73,0.8009,-1,-1,-1
600,45,1513.81,55.35,388.15,1021.71,0.9233,-1,-1,-1
600,64,533.77,310.78,85.72,319.30,0.7339,-1,-1,-1
600,60,1161.46,286.60,152.56,402.21,0.8261,-1,-1,-1
600,56,1161.40,286.60,152.55,402.17,0.8261,-1,-1,-1
600,68,1111.63,318.02,61.71,246.63,0.2296,-1,-1,-1
601,2,808.10,258.68,159.07,476.57,0.8456,-1,-1,-1
601,39,995.37,251.89,134.43,483.16,0.7932,-1,-1,-1
601,45,1514.27,55.74,397.26,1022.94,0.9238,-1,-1,-1
601,64,536.56,312.82,84.35,319.48,0.7297,-1,-1,-1
601,60,1166.59,284.00,154.70,406.64,0.7889,-1,-1,-1
601,56,1166.54,284.00,154.69,406.61,0.7889,-1,-1,-1
601,68,1116.72,325.18,61.87,239.33,0.3977,-1,-1,-1
602,2,813.30,263.21,157.83,477.42,0.8391,-1,-1,-1
602,39,996.45,252.58,135.55,485.40,0.7934,-1,-1,-1
602,45,1513.90,57.63,404.99,1019.65,0.9214,-1,-1,-1
602,64,540.01,317.27,84.14,317.45,0.7176,-1,-1,-1
602,60,1175.94,297.68,107.92,387.94,0.3450,-1,-1,-1
602,56,1181.72,282.56,146.16,412.07,0.7391,-1,-1,-1
602,68,1120.18,329.48,64.82,242.53,0.5200,-1,-1,-1
603,2,822.11,269.52,153.52,475.63,0.8147,-1,-1,-1
603,39,1003.90,256.80,129.90,481.91,0.7887,-1,-1,-1
603,45,1518.91,60.96,403.70,1016.75,0.9261,-1,-1,-1
603,64,543.79,326.06,82.49,314.49,0.7381,-1,-1,-1
603,60,1183.16,308.94,89.73,378.22,0.3743,-1,-1,-1
603,56,1192.89,285.39,145.24,418.44,0.7152,-1,-1,-1
603,68,1125.45,343.10,65.10,233.22,0.5774,-1,-1,-1
604,2,827.18,275.15,153.59,471.49,0.8231,-1,-1,-1
604,39,1010.51,261.09,126.28,478.72,0.8129,-1,-1,-1
604,45,1524.60,63.08,399.10,1014.61,0.9279,-1,-1,-1
604,64,549.80,332.69,83.59,312.69,0.7056,-1,-1,-1
604,60,1190.76,315.31,82.23,314.60,0.4482,-1,-1,-1
604,56,1203.36,288.13,144.90,420.92,0.7598,-1,-1,-1
604,68,1132.22,348.79,63.75,231.97,0.6595,-1,-1,-1
605,2,835.09,277.17,153.34,470.87,0.8312,-1,-1,-1
605,39,1015.35,260.75,126.24,472.79,0.8096,-1,-1,-1
605,45,1527.61,62.77,396.09,1015.79,0.9181,-1,-1,-1
605,64,554.74,334.85,81.15,313.41,0.7405,-1,-1,-1
605,60,1198.24,325.70,78.74,283.33,0.3807,-1,-1,-1
605,56,1211.09,289.48,145.27,422.12,0.7431,-1,-1,-1
605,68,1136.79,351.57,65.56,232.26,0.6532,-1,-1,-1
606,2,843.98,278.00,152.13,473.00,0.8151,-1,-1,-1
606,39,1018.63,260.77,126.14,469.77,0.7927,-1,-1,-1
606,45,1535.41,63.68,387.71,1012.52,0.9222,-1,-1,-1
606,64,560.59,330.52,79.20,318.78,0.7158,-1,-1,-1
606,60,1206.20,324.40,75.26,283.77,0.5180,-1,-1,-1
606,56,1222.94,290.18,145.54,425.07,0.6469,-1,-1,-1
606,68,1142.62,353.20,67.03,233.34,0.6472,-1,-1,-1
607,2,852.99,279.51,148.54,471.74,0.8364,-1,-1,-1
607,39,1028.44,262.08,121.07,468.79,0.8070,-1,-1,-1
607,45,1543.93,65.42,379.22,1008.64,0.9140,-1,-1,-1
607,64,567.19,327.78,83.12,322.96,0.8040,-1,-1,-1
607,60,1216.32,327.13,72.69,341.40,0.4793,-1,-1,-1
607,56,1237.10,291.62,140.84,425.05,0.6690,-1,-1,-1
607,68,1150.67,344.86,66.79,242.33,0.6655,-1,-1,-1
608,2,856.16,278.35,150.94,467.52,0.8297,-1,-1,-1
608,39,1035.77,263.53,124.24,464.49,0.7963,-1,-1,-1
608,45,1553.28,66.85,369.41,1003.92,0.9174,-1,-1,-1
608,64,572.28,328.56,82.80,322.23,0.7611,-1,-1,-1
608,60,1223.09,320.74,86.51,339.98,0.5472,-1,-1,-1
608,56,1246.37,291.37,146.16,429.48,0.5396,-1,-1,-1
608,68,1156.99,345.31,67.83,241.92,0.7178,-1,-1,-1
609,2,862.29,277.15,147.98,465.72,0.8197,-1,-1,-1
609,39,1039.15,262.14,130.98,468.41,0.8252,-1,-1,-1
609,45,1561.71,69.15,359.99,1002.01,0.9201,-1,-1,-1
609,64,576.03,330.22,83.79,323.23,0.7839,-1,-1,-1
609,60,1231.64,326.11,86.06,315.60,0.5668,-1,-1,-1
609,56,1258.57,287.07,141.00,436.62,0.7263,-1,-1,-1
609,68,1162.20,348.63,70.81,242.18,0.6235,-1,-1,-1
610,2,870.87,277.68,143.47,463.55,0.8262,-1,-1,-1
610,39,1043.06,263.84,132.48,471.45,0.8222,-1,-1,-1
610,45,1569.21,71.96,352.00,1001.20,0.9221,-1,-1,-1
610,64,579.68,329.29,87.66,326.91,0.7515,-1,-1,-1
610,60,1238.24,328.20,86.03,312.77,0.6005,-1,-1,-1
610,56,1272.14,286.57,142.06,435.97,0.7583,-1,-1,-1
610,68,1166.76,349.60,71.35,241.01,0.5567,-1,-1,-1
611,2,874.49,278.03,143.62,463.75,0.8169,-1,-1,-1
611,39,1043.29,267.41,133.64,470.20,0.7849,-1,-1,-1
611,45,1580.43,70.72,339.56,1004.36,0.9176,-1,-1,-1
611,64,583.61,330.65,85.18,326.75,0.7414,-1,-1,-1
611,60,1243.83,333.15,84.02,306.62,0.5942,-1,-1,-1
611,56,1282.52,288.71,137.26,439.28,0.6797,-1,-1,-1
611,68,1167.68,348.23,71.94,241.96,0.6941,-1,-1,-1
612,2,878.24,280.78,141.61,459.79,0.8334,-1,-1,-1
612,39,1035.62,273.18,141.53,470.81,0.8124,-1,-1,-1
612,45,1595.35,74.50,323.65,1004.16,0.9152,-1,-1,-1
612,64,586.34,333.56,80.04,323.47,0.7758,-1,-1,-1
612,60,1246.03,339.55,81.34,299.67,0.6033,-1,-1,-1
612,56,1289.56,291.42,138.22,432.79,0.6941,-1,-1,-1
612,68,1170.95,348.24,71.87,245.82,0.6505,-1,-1,-1
613,2,878.83,282.72,143.96,459.98,0.8366,-1,-1,-1
613,39,1031.89,276.06,149.19,475.60,0.8458,-1,-1,-1
613,45,1607.55,77.49,311.26,998.09,0.9118,-1,-1,-1
613,64,587.42,333.90,79.33,323.79,0.7661,-1,-1,-1
613,60,1247.17,337.36,84.13,308.37,0.5566,-1,-1,-1
613,56,1298.36,295.10,134.99,438.31,0.6174,-1,-1,-1
613,68,1174.92,352.94,71.41,240.45,0.6585,-1,-1,-1
614,2,882.89,287.00,143.74,463.49,0.8326,-1,-1,-1
614,39,1031.31,278.38,156.63,478.79,0.8504,-1,-1,-1
614,45,1620.12,80.44,298.80,996.36,0.9143,-1,-1,-1
614,64,587.91,335.83,79.10,325.52,0.7687,-1,-1,-1
614,60,1255.65,327.71,89.02,331.34,0.4749,-1,-1,-1
614,56,1307.73,297.92,132.17,445.94,0.6622,-1,-1,-1
614,68,1180.30,359.05,68.65,240.10,0.6003,-1,-1,-1
615,2,886.30,289.05,145.18,464.99,0.8358,-1,-1,-1
615,39,1031.35,280.19,158.23,478.73,0.8324,-1,-1,-1
615,45,1635.04,82.09,284.03,993.54,0.9025,-1,-1,-1
615,64,589.43,342.95,80.23,322.68,0.7331,-1,-1,-1
615,60,1263.84,324.45,91.84,344.38,0.5937,-1,-1,-1
615,56,1317.98,296.12,122.82,454.02,0.7265,-1,-1,-1
615,68,1182.65,360.53,68.44,241.77,0.6277,-1,-1,-1
616,2,886.12,293.49,148.83,462.58,0.8300,-1,-1,-1
616,39,1031.54,282.71,163.69,478.82,0.8242,-1,-1,-1
616,45,1643.64,81.98,274.71,994.35,0.8898,-1,-1,-1
616,64,590.59,344.89,97.21,321.83,0.7145,-1,-1,-1
616,60,1269.22,322.26,91.28,352.80,0.6120,-1,-1,-1
616,56,1324.57,298.92,120.29,457.30,0.7242,-1,-1,-1
616,68,1186.34,362.21,66.23,239.00,0.5725,-1,-1,-1
617,2,885.09,295.31,151.34,466.21,0.8439,-1,-1,-1
617,39,1029.89,285.81,167.83,479.17,0.8451,-1,-1,-1
617,45,1656.67,90.59,261.27,985.93,0.8845,-1,-1,-1
617,64,589.93,342.78,95.25,327.68,0.7334,-1,-1,-1
617,60,1272.18,323.65,91.54,360.83,0.5931,-1,-1,-1
617,56,1329.07,300.11,118.51,462.16,0.7323,-1,-1,-1
617,68,1187.29,368.86,65.28,235.08,0.6005,-1,-1,-1
618,2,885.51,298.66,151.13,468.36,0.8353,-1,-1,-1
618,39,1029.04,288.60,172.73,480.92,0.8494,-1,-1,-1
618,45,1665.93,99.83,251.62,976.59,0.8813,-1,-1,-1
618,64,588.97,337.57,87.40,335.70,0.7857,-1,-1,-1
618,60,1273.13,327.14,93.11,364.96,0.5695,-1,-1,-1
618,56,1329.75,301.37,119.83,465.39,0.7379,-1,-1,-1
618,68,1188.16,372.00,65.19,240.00,0.5619,-1,-1,-1
619,2,883.27,300.68,148.57,466.83,0.8363,-1,-1,-1
619,39,1026.73,289.30,173.96,482.35,0.8099,-1,-1,-1
619,45,1668.03,104.65,249.04,969.75,0.8954,-1,-1,-1
619,64,586.49,336.38,83.12,337.75,0.7605,-1,-1,-1
619,60,1273.58,327.73,96.96,370.67,0.5998,-1,-1,-1
619,56,1329.72,301.91,127.63,466.56,0.7371,-1,-1,-1
619,68,1186.50,369.49,66.68,245.69,0.5263,-1,-1,-1
619,70,1242.67,359.21,72.84,311.91,0.4383,-1,-1,-1
620,2,880.94,303.05,142.23,465.15,0.8232,-1,-1,-1
620,39,1026.61,289.15,175.55,482.09,0.7865,-1,-1,-1
620,45,1679.10,111.08,238.70,963.45,0.8855,-1,-1,-1
620,64,581.87,337.94,84.07,341.28,0.6972,-1,-1,-1
620,60,1269.14,328.48,101.55,377.19,0.6078,-1,-1,-1
620,56,1331.21,302.20,125.08,468.89,0.7530,-1,-1,-1
620,68,1184.72,372.53,65.45,237.39,0.5811,-1,-1,-1
620,70,1243.27,358.95,73.14,318.54,0.4096,-1,-1,-1
621,2,875.94,302.72,137.21,462.11,0.8241,-1,-1,-1
621,39,1025.70,288.34,165.47,481.37,0.6814,-1,-1,-1
621,45,1686.39,119.59,230.83,954.84,0.8791,-1,-1,-1
621,64,578.47,336.67,82.27,345.04,0.7252,-1,-1,-1
621,60,1266.73,329.50,105.23,380.71,0.6264,-1,-1,-1
621,56,1330.65,303.95,123.51,466.44,0.7442,-1,-1,-1
621,68,1183.14,375.49,65.54,229.19,0.5056,-1,-1,-1
621,70,1242.36,359.78,70.12,325.59,0.2891,-1,-1,-1
622,2,869.35,303.12,146.13,461.24,0.8021,-1,-1,-1
622,39,1024.17,287.98,149.65,479.63,0.7514,-1,-1,-1
622,45,1688.77,120.88,228.72,954.02,0.8936,-1,-1,-1
622,64,574.60,341.17,79.25,341.47,0.7757,-1,-1,-1
622,60,1261.10,329.25,109.66,388.91,0.5656,-1,-1,-1
622,56,1330.46,304.20,123.04,472.06,0.6599,-1,-1,-1
622,68,1184.20,378.28,62.87,201.27,0.3879,-1,-1,-1
622,70,1240.75,360.38,69.38,324.27,0.3486,-1,-1,-1
622,71,1127.99,327.63,90.87,356.41,0.6478,-1,-1,-1
623,2,862.82,303.19,146.21,463.12,0.7994,-1,-1,-1
623,39,1018.19,288.46,145.59,479.56,0.7787,-1,-1,-1
623,45,1692.72,120.95,225.22,955.28,0.8980,-1,-1,-1
623,64,569.36,340.67,84.37,344.10,0.7380,-1,-1,-1
623,60,1256.01,330.62,113.15,393.47,0.5243,-1,-1,-1
623,56,1329.51,306.27,124.69,475.17,0.6548,-1,-1,-1
623,68,1182.08,381.39,63.01,191.58,0.3109,-1,-1,-1
623,70,1240.59,359.98,66.02,325.16,0.2699,-1,-1,-1
623,71,1121.04,329.13,95.59,370.03,0.7148,-1,-1,-1
624,2,853.94,304.45,154.27,460.26,0.8460,-1,-1,-1
624,39,1014.08,288.24,140.66,477.08,0.8128,-1,-1,-1
624,45,1695.74,117.13,222.03,957.72,0.8972,-1,-1,-1
624,64,564.67,340.45,85.35,343.04,0.7643,-1,-1,-1
624,60,1254.29,330.34,110.55,399.13,0.6014,-1,-1,-1
624,56,1327.76,307.89,123.56,472.85,0.7070,-1,-1,-1
624,68,1178.85,377.77,62.28,194.40,0.2676,-1,-1,-1
624,71,1118.75,332.14,96.40,382.16,0.6834,-1,-1,-1
625,2,849.49,304.68,155.40,456.56,0.8465,-1,-1,-1
625,39,1009.00,285.34,136.44,474.17,0.7938,-1,-1,-1
625,45,1698.74,113.77,219.33,960.28,0.9030,-1,-1,-1
625,64,558.45,341.86,85.67,343.83,0.7329,-1,-1,-1
625,60,1245.47,331.26,114.59,403.71,0.6450,-1,-1,-1
625,56,1328.73,305.98,120.04,475.96,0.7264,-1,-1,-1
625,68,1177.83,381.18,58.61,188.65,0.2983,-1,-1,-1
625,71,1115.98,334.13,95.15,395.39,0.7391,-1,-1,-1
626,2,846.13,303.86,153.37,455.90,0.8215,-1,-1,-1
626,39,1003.83,285.87,134.70,474.45,0.7882,-1,-1,-1
626,45,1702.27,115.59,215.95,957.72,0.9060,-1,-1,-1
626,64,552.39,344.37,83.36,344.38,0.7146,-1,-1,-1
626,60,1241.33,331.65,116.62,406.92,0.6937,-1,-1,-1
626,56,1327.01,305.02,120.78,477.98,0.7757,-1,-1,-1
626,68,1178.25,391.42,55.41,166.06,0.2065,-1,-1,-1
626,71,1109.81,335.22,95.68,398.52,0.7472,-1,-1,-1
627,2,839.63,302.14,156.34,457.43,0.8353,-1,-1,-1
627,39,996.90,283.43,138.45,476.88,0.7868,-1,-1,-1
627,45,1704.48,117.77,213.89,954.28,0.9040,-1,-1,-1
627,64,545.80,343.09,83.28,349.64,0.7489,-1,-1,-1
627,60,1236.19,330.73,117.39,410.68,0.6725,-1,-1,-1
627,56,1325.72,304.38,121.47,478.62,0.7618,-1,-1,-1
627,68,1176.48,394.38,54.98,159.46,0.1835,-1,-1,-1
627,71,1106.83,334.84,92.94,401.25,0.7332,-1,-1,-1
628,2,828.93,301.41,163.23,456.85,0.8427,-1,-1,-1
628,39,989.07,280.57,147.46,477.44,0.7589,-1,-1,-1
628,45,1702.42,116.03,216.04,954.51,0.9048,-1,-1,-1
628,64,540.71,339.53,82.04,354.02,0.7776,-1,-1,-1
628,60,1235.07,330.53,114.24,412.21,0.6843,-1,-1,-1
628,56,1324.31,302.51,121.53,480.15,0.7794,-1,-1,-1
628,71,1100.87,331.36,98.32,410.72,0.7134,-1,-1,-1
629,2,824.91,300.80,166.02,456.47,0.8503,-1,-1,-1
629,39,982.99,282.35,135.45,475.52,0.7740,-1,-1,-1
629,45,1684.92,112.71,234.04,956.66,0.8827,-1,-1,-1
629,64,536.17,341.86,88.11,353.68,0.6975,-1,-1,-1
629,60,1233.39,330.01,111.58,416.45,0.6715,-1,-1,-1
629,56,1323.44,301.10,121.31,481.68,0.7741,-1,-1,-1
629,71,1093.08,328.84,106.47,418.55,0.7530,-1,-1,-1
630,2,822.89,302.31,164.50,453.89,0.8433,-1,-1,-1
630,39,975.32,281.18,132.07,475.32,0.8155,-1,-1,-1
630,45,1644.15,114.10,274.93,955.49,0.8888,-1,-1,-1
630,64,530.93,340.40,88.04,358.39,0.7632,-1,-1,-1
630,60,1238.51,327.82,104.08,420.33,0.6422,-1,-1,-1
630,56,1322.88,300.58,120.78,483.46,0.7800,-1,-1,-1
630,71,1087.09,326.89,113.63,423.12,0.7895,-1,-1,-1
631,2,820.48,303.52,165.14,454.14,0.8504,-1,-1,-1
631,39,971.50,280.71,130.24,474.61,0.8284,-1,-1,-1
631,45,1672.69,111.18,247.20,958.62,0.8921,-1,-1,-1
631,64,526.95,343.72,85.35,353.93,0.7334,-1,-1,-1
631,60,1236.63,328.72,106.55,422.17,0.6413,-1,-1,-1
631,56,1323.63,300.62,120.83,483.73,0.7570,-1,-1,-1
631,71,1083.47,326.50,122.25,424.41,0.8123,-1,-1,-1
632,2,816.29,305.51,167.06,455.11,0.8556,-1,-1,-1
632,39,970.35,280.93,127.05,474.25,0.7860,-1,-1,-1
632,45,1691.70,109.38,228.28,961.51,0.9015,-1,-1,-1
632,64,524.78,345.11,83.61,354.14,0.7612,-1,-1,-1
632,60,1237.47,327.10,108.35,426.08,0.6624,-1,-1,-1
632,56,1325.49,302.12,123.56,484.16,0.7625,-1,-1,-1
632,71,1082.35,326.12,125.73,426.41,0.8181,-1,-1,-1
633,2,814.14,307.92,168.78,455.75,0.8614,-1,-1,-1
633,39,971.26,281.64,126.05,476.43,0.7673,-1,-1,-1
633,45,1706.56,103.95,214.11,967.62,0.9040,-1,-1,-1
633,64,523.29,343.18,84.72,358.47,0.7708,-1,-1,-1
633,60,1238.42,323.52,110.32,428.71,0.6769,-1,-1,-1
633,56,1328.26,300.95,123.22,486.43,0.7735,-1,-1,-1
633,71,1085.92,326.35,123.42,429.40,0.8143,-1,-1,-1
634,2,812.83,310.00,170.08,456.92,0.8616,-1,-1,-1
634,39,970.40,282.57,127.16,474.55,0.7812,-1,-1,-1
634,45,1719.55,94.17,201.75,978.16,0.9050,-1,-1,-1
634,64,521.72,347.25,86.70,359.55,0.7820,-1,-1,-1
634,60,1238.22,321.70,115.08,432.08,0.6786,-1,-1,-1
634,56,1332.58,303.19,123.14,487.79,0.7411,-1,-1,-1
634,71,1090.36,327.85,123.45,432.25,0.8319,-1,-1,-1
635,2,812.49,310.60,172.22,459.09,0.8567,-1,-1,-1
635,39,975.47,282.94,123.90,478.44,0.7796,-1,-1,-1
635,45,1724.58,89.22,196.62,979.08,0.8870,-1,-1,-1
635,64,521.02,349.46,87.07,361.13,0.7914,-1,-1,-1
635,60,1244.41,320.37,112.65,432.29,0.5886,-1,-1,-1
635,56,1336.46,300.46,124.73,491.65,0.6902,-1,-1,-1
635,71,1094.79,325.72,125.38,437.87,0.8292,-1,-1,-1
635,70,1234.95,347.05,72.26,380.09,0.3709,-1,-1,-1
636,2,812.96,313.69,174.23,457.76,0.8366,-1,-1,-1
636,39,981.06,284.78,124.12,483.41,0.7954,-1,-1,-1
636,45,1722.55,85.86,198.76,985.77,0.8775,-1,-1,-1
636,64,520.36,353.80,86.42,363.15,0.7789,-1,-1,-1
636,60,1248.10,317.58,113.67,436.27,0.6003,-1,-1,-1
636,56,1340.43,302.09,128.95,492.93,0.7265,-1,-1,-1
636,71,1099.79,327.14,124.70,441.20,0.8237,-1,-1,-1
636,70,1238.73,337.81,69.34,390.61,0.3301,-1,-1,-1
637,2,817.11,319.04,172.45,449.46,0.8470,-1,-1,-1
637,39,987.21,292.78,119.24,481.83,0.7988,-1,-1,-1
637,45,1722.18,86.58,198.68,985.56,0.8706,-1,-1,-1
637,64,519.42,359.60,88.51,362.13,0.7447,-1,-1,-1
637,60,1251.31,319.60,113.94,431.83,0.6425,-1,-1,-1
637,56,1343.25,304.73,130.56,496.48,0.7880,-1,-1,-1
637,71,1102.93,328.24,121.47,442.64,0.8152,-1,-1,-1
637,70,1235.69,348.99,73.56,382.25,0.4403,-1,-1,-1
638,2,825.34,318.66,165.65,445.08,0.8644,-1,-1,-1
638,39,989.65,293.95,117.31,480.55,0.8010,-1,-1,-1
638,45,1716.24,84.11,203.82,986.32,0.8831,-1,-1,-1
638,64,518.08,354.86,90.51,367.11,0.7295,-1,-1,-1
638,60,1255.13,315.93,111.52,433.74,0.6176,-1,-1,-1
638,56,1346.23,303.79,130.20,498.75,0.7828,-1,-1,-1
638,71,1104.29,329.60,124.69,439.80,0.8118,-1,-1,-1
638,70,1234.24,350.62,76.22,381.23,0.4991,-1,-1,-1
639,2,834.27,319.49,158.50,449.26,0.8581,-1,-1,-1
639,39,993.38,298.50,113.32,477.07,0.7984,-1,-1,-1
639,45,1712.66,82.95,208.33,989.36,0.8779,-1,-1,-1
639,64,519.01,363.02,92.71,361.29,0.7412,-1,-1,-1
639,60,1257.36,314.26,117.89,444.15,0.6931,-1,-1,-1
639,56,1353.63,304.28,129.68,500.49,0.7294,-1,-1,-1
639,71,1107.77,331.23,130.65,439.76,0.8287,-1,-1,-1
639,70,1237.52,351.93,71.71,378.97,0.4226,-1,-1,-1
640,2,841.12,319.28,154.78,450.14,0.8471,-1,-1,-1
640,39,997.99,301.24,112.46,476.47,0.7987,-1,-1,-1
640,45,1707.52,77.60,213.26,994.99,0.8779,-1,-1,-1
640,64,520.01,366.14,92.65,361.85,0.7259,-1,-1,-1
640,60,1258.88,314.94,122.72,454.78,0.7230,-1,-1,-1
640,56,1362.06,300.94,128.10,509.40,0.7233,-1,-1,-1
640,71,1110.08,331.48,137.25,441.61,0.8086,-1,-1,-1
640,70,1241.49,350.26,72.56,380.21,0.4232,-1,-1,-1
641,2,847.60,320.35,152.61,448.14,0.8314,-1,-1,-1
641,39,1002.62,304.76,111.18,471.27,0.7950,-1,-1,-1
641,45,1704.58,78.37,216.49,992.59,0.8735,-1,-1,-1
641,64,520.83,362.16,94.21,368.05,0.7322,-1,-1,-1
641,60,1259.72,312.22,127.36,462.05,0.7417,-1,-1,-1
641,56,1369.55,300.12,127.75,507.97,0.7791,-1,-1,-1
641,71,1114.40,330.19,144.55,444.31,0.7947,-1,-1,-1
641,70,1245.79,339.73,77.53,385.73,0.1742,-1,-1,-1
642,2,853.13,321.60,153.60,448.46,0.8219,-1,-1,-1
642,39,1005.71,308.02,114.65,471.42,0.7901,-1,-1,-1
642,45,1702.02,85.24,218.90,986.49,0.8823,-1,-1,-1
642,64,525.46,360.87,104.74,372.80,0.7055,-1,-1,-1
642,60,1265.51,315.04,129.36,469.02,0.7780,-1,-1,-1
642,56,1377.76,302.45,128.15,511.01,0.7982,-1,-1,-1
642,71,1120.72,330.89,148.96,447.23,0.7789,-1,-1,-1
643,2,857.44,321.63,153.62,445.90,0.8645,-1,-1,-1
643,39,1007.20,308.64,117.31,479.15,0.8073,-1,-1,-1
643,45,1695.18,88.85,226.26,979.79,0.8824,-1,-1,-1
643,64,527.44,361.78,104.86,374.02,0.7172,-1,-1,-1
643,60,1274.66,315.36,127.47,473.60,0.6707,-1,-1,-1
643,56,1382.58,302.78,131.64,514.24,0.7877,-1,-1,-1
643,71,1124.90,328.40,151.64,456.07,0.8041,-1,-1,-1
644,2,863.19,322.24,152.93,448.28,0.8758,-1,-1,-1
644,39,1010.63,308.70,115.04,483.85,0.7892,-1,-1,-1
644,45,1690.83,95.49,230.16,977.41,0.8597,-1,-1,-1
644,64,529.02,362.13,104.01,378.26,0.7464,-1,-1,-1
644,60,1284.99,318.02,123.17,475.98,0.6628,-1,-1,-1
644,56,1390.73,300.51,134.15,522.24,0.8010,-1,-1,-1
644,71,1131.66,323.89,153.75,467.31,0.8333,-1,-1,-1
645,2,868.21,323.62,153.36,449.97,0.8723,-1,-1,-1
645,39,1011.52,309.65,118.01,487.27,0.7787,-1,-1,-1
645,45,1686.95,200.47,233.60,874.54,0.8211,-1,-1,-1
645,64,532.24,363.74,101.84,378.32,0.7622,-1,-1,-1
645,60,1295.62,314.26,118.33,481.49,0.6766,-1,-1,-1
645,56,1395.33,297.84,137.15,525.85,0.7465,-1,-1,-1
645,71,1135.23,320.38,155.99,477.28,0.8498,-1,-1,-1
646,2,873.47,324.55,150.76,454.30,0.8632,-1,-1,-1
646,39,1008.89,309.00,124.49,487.69,0.8056,-1,-1,-1
646,45,1687.60,243.84,232.75,820.03,0.8087,-1,-1,-1
646,64,532.71,363.43,101.29,381.14,0.7655,-1,-1,-1
646,60,1299.33,312.48,122.71,486.44,0.7238,-1,-1,-1
646,56,1404.03,295.39,133.20,529.15,0.7537,-1,-1,-1
646,71,1135.77,318.14,160.17,483.09,0.8517,-1,-1,-1
647,2,876.01,325.80,151.34,456.25,0.8578,-1,-1,-1
647,39,1014.63,308.81,124.13,486.65,0.7980,-1,-1,-1
647,45,1685.65,270.89,234.36,797.08,0.8291,-1,-1,-1
647,64,533.52,363.16,101.18,383.47,0.7414,-1,-1,-1
647,60,1307.41,308.82,120.87,493.32,0.6980,-1,-1,-1
647,56,1411.03,292.68,131.21,538.38,0.7698,-1,-1,-1
647,71,1136.51,319.40,165.31,487.17,0.8491,-1,-1,-1
647,70,1277.03,343.68,75.26,411.28,0.5061,-1,-1,-1
648,2,879.60,328.99,147.59,453.02,0.8507,-1,-1,-1
648,39,1019.97,308.75,119.90,485.26,0.7955,-1,-1,-1
648,45,1687.00,284.49,232.65,786.60,0.8618,-1,-1,-1
648,64,533.73,361.37,100.55,387.30,0.7393,-1,-1,-1
648,60,1308.60,308.39,125.49,498.77,0.7375,-1,-1,-1
648,56,1416.49,294.15,131.48,540.26,0.7607,-1,-1,-1
648,71,1136.58,317.43,170.85,492.16,0.8571,-1,-1,-1
648,70,1280.74,343.98,70.91,413.38,0.4306,-1,-1,-1
649,2,881.18,331.72,146.33,450.81,0.8450,-1,-1,-1
649,39,1021.87,308.91,118.37,481.15,0.8047,-1,-1,-1
649,45,1692.82,292.41,226.85,776.85,0.8483,-1,-1,-1
649,64,534.14,360.84,101.18,389.06,0.7401,-1,-1,-1
649,60,1308.14,307.10,130.60,498.93,0.7515,-1,-1,-1
649,56,1423.15,293.94,132.24,541.37,0.7934,-1,-1,-1
649,71,1136.26,322.26,177.09,492.10,0.8707,-1,-1,-1
649,70,1283.93,344.03,67.22,417.69,0.3184,-1,-1,-1
649,72,831.28,400.94,55.68,222.42,0.5080,-1,-1,-1
650,2,881.44,334.14,150.10,449.47,0.8350,-1,-1,-1
650,39,1026.67,308.65,114.74,477.62,0.8101,-1,-1,-1
650,45,1701.99,294.71,217.31,772.95,0.8021,-1,-1,-1
650,64,533.69,360.75,104.45,390.83,0.7374,-1,-1,-1
650,60,1306.77,306.12,136.50,501.54,0.7609,-1,-1,-1
650,56,1427.78,293.53,135.82,544.08,0.8084,-1,-1,-1
650,71,1135.34,318.86,183.03,504.24,0.8689,-1,-1,-1
650,70,1286.48,344.06,66.28,415.86,0.1547,-1,-1,-1
650,72,829.62,401.95,59.12,222.74,0.4741,-1,-1,-1
651,2,881.00,334.97,154.95,449.15,0.8465,-1,-1,-1
651,39,1029.72,307.09,113.38,475.58,0.7952,-1,-1,-1
651,45,1710.25,293.61,208.65,777.83,0.5787,-1,-1,-1
651,64,533.17,360.28,106.40,391.97,0.7278,-1,-1,-1
651,60,1309.75,305.15,138.36,506.75,0.7872,-1,-1,-1
651,56,1431.81,292.30,140.98,548.96,0.8439,-1,-1,-1
651,71,1134.25,319.59,187.39,508.38,0.8502,-1,-1,-1
651,70,1285.88,344.80,69.27,411.70,0.1715,-1,-1,-1
651,72,827.56,405.00,62.17,221.06,0.5592,-1,-1,-1
652,2,878.70,335.93,159.45,446.62,0.8388,-1,-1,-1
652,39,1030.52,306.66,113.44,475.91,0.8056,-1,-1,-1
652,45,1722.93,294.51,195.97,670.01,0.6942,-1,-1,-1
652,64,531.80,361.97,112.44,391.02,0.7140,-1,-1,-1
652,60,1312.33,302.53,141.00,509.73,0.7737,-1,-1,-1
652,56,1434.61,294.88,144.12,548.48,0.8217,-1,-1,-1
652,71,1132.09,319.75,192.17,513.22,0.8326,-1,-1,-1
652,72,820.67,406.69,67.50,221.54,0.6322,-1,-1,-1
653,2,875.74,338.43,163.03,442.13,0.8443,-1,-1,-1
653,39,1031.13,306.61,113.77,477.66,0.8002,-1,-1,-1
653,45,1733.63,294.64,185.15,628.67,0.7907,-1,-1,-1
653,64,529.48,361.91,114.00,393.37,0.7025,-1,-1,-1
653,60,1312.59,306.02,144.97,507.54,0.7692,-1,-1,-1
653,56,1438.73,293.59,144.17,554.43,0.7715,-1,-1,-1
653,71,1129.02,316.49,195.12,526.33,0.8398,-1,-1,-1
653,72,815.06,404.65,70.77,228.36,0.6530,-1,-1,-1
654,2,871.61,336.27,165.70,440.99,0.8417,-1,-1,-1
654,39,1030.15,304.14,113.96,479.43,0.7951,-1,-1,-1
654,45,1746.21,291.33,172.18,655.92,0.7752,-1,-1,-1
654,64,526.09,359.00,105.42,396.78,0.7308,-1,-1,-1
654,60,1313.19,304.39,146.66,509.49,0.7868,-1,-1,-1
654,56,1441.00,292.79,145.77,553.44,0.7605,-1,-1,-1
654,71,1125.27,311.96,198.86,536.85,0.8530,-1,-1,-1
654,72,808.90,402.61,75.66,230.12,0.6984,-1,-1,-1
655,2,868.07,334.07,167.43,444.41,0.8409,-1,-1,-1
655,39,1028.40,303.34,115.52,478.80,0.7754,-1,-1,-1
655,45,1755.55,290.00,162.81,696.03,0.7631,-1,-1,-1
655,64,523.43,357.86,115.79,397.89,0.7641,-1,-1,-1
655,60,1315.36,297.55,146.26,519.79,0.8101,-1,-1,-1
655,56,1445.42,293.19,145.20,554.04,0.7369,-1,-1,-1
655,71,1120.90,310.34,203.77,543.37,0.8418,-1,-1,-1
655,72,805.99,402.05,73.52,230.27,0.6972,-1,-1,-1
656,2,864.89,333.62,166.22,443.27,0.8470,-1,-1,-1
656,39,1026.44,304.98,115.60,477.22,0.7898,-1,-1,-1
656,45,1765.70,288.41,152.24,730.17,0.7909,-1,-1,-1
656,64,517.79,358.76,112.92,402.10,0.7330,-1,-1,-1
656,60,1315.42,297.04,146.87,526.14,0.8154,-1,-1,-1
656,56,1448.34,293.10,144.77,558.51,0.7549,-1,-1,-1
656,71,1116.26,311.09,204.52,545.71,0.8423,-1,-1,-1
656,72,804.51,405.13,70.15,228.85,0.7180,-1,-1,-1
657,2,860.33,336.33,167.15,439.04,0.8641,-1,-1,-1
657,39,1025.53,307.05,114.65,480.48,0.7682,-1,-1,-1
657,45,1777.01,295.59,141.43,740.00,0.7591,-1,-1,-1
657,64,514.75,360.49,114.43,405.01,0.7419,-1,-1,-1
657,60,1314.59,298.09,149.12,531.95,0.8075,-1,-1,-1
657,56,1450.11,293.32,145.97,560.14,0.7553,-1,-1,-1
657,71,1113.50,312.01,204.27,544.02,0.8438,-1,-1,-1
657,72,802.22,402.90,67.42,235.07,0.6988,-1,-1,-1
658,2,855.20,332.55,169.64,444.22,0.8728,-1,-1,-1
658,39,1023.42,305.89,114.63,480.02,0.7671,-1,-1,-1
658,45,1788.12,292.67,130.86,756.41,0.7506,-1,-1,-1
658,64,510.16,359.43,118.44,405.81,0.8044,-1,-1,-1
658,60,1312.75,295.54,151.94,537.22,0.8146,-1,-1,-1
658,56,1452.52,290.35,145.93,562.01,0.7764,-1,-1,-1
658,71,1111.24,309.83,204.49,538.32,0.8413,-1,-1,-1
658,72,797.19,405.26,68.11,232.68,0.6549,-1,-1,-1
659,2,852.39,330.29,170.35,444.19,0.8717,-1,-1,-1
659,39,1020.62,305.39,113.81,480.10,0.7718,-1,-1,-1
659,45,1798.80,291.42,120.24,763.75,0.7336,-1,-1,-1
659,64,505.31,361.56,106.83,402.04,0.6655,-1,-1,-1
659,60,1310.82,294.75,155.06,540.80,0.8341,-1,-1,-1
659,56,1454.87,287.87,145.91,564.71,0.7848,-1,-1,-1
659,71,1108.51,306.87,207.56,547.74,0.8460,-1,-1,-1
659,72,792.24,403.85,70.22,230.00,0.6916,-1,-1,-1
660,2,850.16,328.84,170.61,443.17,0.8649,-1,-1,-1
660,39,1017.41,305.95,114.55,482.23,0.7694,-1,-1,-1
660,45,1806.65,286.41,112.50,778.10,0.7413,-1,-1,-1
660,64,500.79,362.64,102.27,400.05,0.7048,-1,-1,-1
660,60,1308.56,292.26,158.58,546.16,0.8387,-1,-1,-1
660,56,1456.44,286.53,146.74,567.60,0.7904,-1,-1,-1
660,71,1105.59,303.30,209.63,556.00,0.8483,-1,-1,-1
660,72,788.25,398.07,72.33,233.87,0.7191,-1,-1,-1
660,70,1263.60,329.32,86.45,432.59,0.3597,-1,-1,-1
661,2,847.83,327.63,169.16,445.83,0.8619,-1,-1,-1
661,39,1013.58,306.01,114.76,486.72,0.7685,-1,-1,-1
661,45,1811.74,284.34,107.34,787.87,0.7535,-1,-1,-1
661,64,496.04,361.52,119.35,405.81,0.7471,-1,-1,-1
661,60,1306.75,290.11,161.51,553.06,0.8142,-1,-1,-1
661,56,1456.14,285.37,147.66,572.12,0.7938,-1,-1,-1
661,71,1103.26,299.67,209.73,562.90,0.8684,-1,-1,-1
661,72,785.69,394.85,70.43,239.37,0.7364,-1,-1,-1
661,70,1263.59,327.89,81.78,435.34,0.3186,-1,-1,-1
662,2,846.17,328.18,168.10,450.70,0.8513,-1,-1,-1
662,39,1013.39,310.55,109.42,486.15,0.7679,-1,-1,-1
662,45,1813.35,285.28,105.40,790.41,0.7515,-1,-1,-1
662,64,490.39,360.54,111.86,408.50,0.7765,-1,-1,-1
662,60,1303.89,287.11,165.11,559.38,0.8081,-1,-1,-1
662,56,1454.64,285.56,150.87,574.93,0.8017,-1,-1,-1
662,71,1098.92,299.48,209.92,567.08,0.8828,-1,-1,-1
662,72,781.18,391.57,70.10,245.63,0.7739,-1,-1,-1
662,70,1265.74,326.34,71.02,376.22,0.2032,-1,-1,-1
663,2,838.52,328.72,169.91,449.23,0.8380,-1,-1,-1
663,39,1009.60,311.91,110.68,489.34,0.8036,-1,-1,-1
663,45,1812.73,283.12,105.63,793.68,0.7607,-1,-1,-1
663,64,482.12,357.98,111.66,412.90,0.7902,-1,-1,-1
663,60,1296.11,287.56,170.83,562.56,0.8231,-1,-1,-1
663,56,1452.07,285.57,153.71,576.39,0.8119,-1,-1,-1
663,71,1093.03,296.81,212.95,572.95,0.8783,-1,-1,-1
663,72,781.03,395.95,64.12,237.74,0.2154,-1,-1,-1
663,70,1260.86,325.73,64.49,326.78,0.1560,-1,-1,-1
664,2,832.98,331.06,172.00,444.17,0.8536,-1,-1,-1
664,39,1006.44,311.81,110.01,490.63,0.8056,-1,-1,-1
664,45,1812.30,282.36,105.95,794.83,0.7675,-1,-1,-1
664,64,474.71,355.83,119.55,416.32,0.7978,-1,-1,-1
664,60,1288.21,288.00,177.46,566.15,0.8258,-1,-1,-1
664,56,1450.40,285.02,157.43,578.59,0.8186,-1,-1,-1
664,71,1090.53,297.17,208.11,578.96,0.8738,-1,-1,-1
664,72,775.27,395.47,65.45,235.08,0.5354,-1,-1,-1
664,70,1255.13,327.84,61.97,297.36,0.1572,-1,-1,-1
665,2,838.96,332.12,159.92,436.68,0.8442,-1,-1,-1
665,39,1000.42,309.05,114.07,491.86,0.7881,-1,-1,-1
665,45,1814.02,276.23,104.46,800.92,0.7559,-1,-1,-1
665,64,468.08,355.81,113.78,418.69,0.7520,-1,-1,-1
665,60,1284.84,282.55,178.58,574.47,0.8553,-1,-1,-1
665,56,1448.78,283.94,159.13,580.94,0.8175,-1,-1,-1
665,71,1086.71,294.31,213.97,584.16,0.8690,-1,-1,-1
665,72,766.10,395.55,72.13,239.13,0.6894,-1,-1,-1
665,70,1251.30,326.88,59.20,175.32,0.3659,-1,-1,-1
666,2,841.14,332.09,155.29,439.82,0.8451,-1,-1,-1
666,39,994.75,305.69,115.59,492.12,0.7844,-1,-1,-1
666,45,1805.85,268.79,112.61,808.40,0.7588,-1,-1,-1
666,64,462.31,355.32,113.84,420.63,0.7394,-1,-1,-1
666,60,1276.11,281.11,184.01,578.50,0.8585,-1,-1,-1
666,56,1447.71,283.06,162.44,582.85,0.8405,-1,-1,-1
666,71,1084.59,291.25,219.96,593.90,0.8739,-1,-1,-1
666,72,763.55,395.43,70.92,242.25,0.6977,-1,-1,-1
666,70,1242.37,325.74,61.98,126.12,0.2794,-1,-1,-1
667,2,840.41,332.44,153.44,442.07,0.8482,-1,-1,-1
667,39,988.66,304.12,117.60,481.49,0.7907,-1,-1,-1
667,45,1795.76,263.73,123.15,811.57,0.7674,-1,-1,-1
667,64,454.10,355.08,108.97,420.29,0.7101,-1,-1,-1
667,60,1273.63,275.86,183.31,584.88,0.8728,-1,-1,-1
667,56,1444.36,283.62,166.54,581.68,0.8500,-1,-1,-1
667,71,1083.15,287.98,224.41,609.60,0.8776,-1,-1,-1
667,72,759.46,396.33,70.95,243.48,0.7136,-1,-1,-1
667,70,1233.20,325.13,62.72,103.56,0.3486,-1,-1,-1
668,2,837.00,332.28,156.15,440.53,0.8554,-1,-1,-1
668,39,982.41,302.20,119.15,486.18,0.7941,-1,-1,-1
668,45,1792.18,260.33,127.01,814.88,0.7447,-1,-1,-1
668,64,446.36,353.01,107.71,423.95,0.7819,-1,-1,-1
668,60,1270.37,270.56,183.38,589.90,0.8743,-1,-1,-1
668,56,1442.38,284.13,171.29,581.43,0.8600,-1,-1,-1
668,71,1079.55,284.87,228.97,619.06,0.8780,-1,-1,-1
668,72,755.16,391.15,72.34,250.01,0.7263,-1,-1,-1
668,70,1224.02,325.30,62.71,90.61,0.3836,-1,-1,-1
669,2,835.72,331.67,158.58,434.30,0.8532,-1,-1,-1
669,39,976.83,299.79,122.14,489.89,0.8047,-1,-1,-1
669,45,1796.09,255.47,123.55,820.54,0.7749,-1,-1,-1
669,64,440.74,346.81,109.16,432.04,0.7761,-1,-1,-1
669,60,1266.59,266.33,184.60,592.81,0.8619,-1,-1,-1
669,56,1440.74,282.17,176.71,582.80,0.8604,-1,-1,-1
669,71,1076.01,282.46,234.53,633.64,0.8837,-1,-1,-1
669,72,749.96,391.51,74.33,250.27,0.6921,-1,-1,-1
669,70,1210.16,321.68,68.73,79.41,0.2700,-1,-1,-1
670,2,834.62,330.61,156.84,431.38,0.8458,-1,-1,-1
670,39,975.18,298.60,120.35,488.76,0.8186,-1,-1,-1
670,45,1798.54,249.77,121.65,826.64,0.7925,-1,-1,-1
670,64,433.59,347.80,111.47,434.60,0.7885,-1,-1,-1
670,60,1265.90,252.73,184.23,609.18,0.8559,-1,-1,-1
670,56,1441.14,280.73,178.92,584.75,0.8579,-1,-1,-1
670,71,1073.65,280.78,238.02,649.49,0.8828,-1,-1,-1
670,72,742.58,388.80,80.02,254.54,0.7227,-1,-1,-1
670,70,1204.03,322.30,66.90,66.83,0.1632,-1,-1,-1
671,2,834.97,330.30,151.23,432.23,0.8528,-1,-1,-1
671,39,973.38,298.28,121.09,486.11,0.8109,-1,-1,-1
671,45,1798.68,243.75,121.94,832.72,0.7864,-1,-1,-1
671,64,429.51,348.99,113.39,435.15,0.8085,-1,-1,-1
671,60,1269.76,254.83,182.95,610.04,0.8528,-1,-1,-1
671,56,1441.09,278.63,181.80,588.22,0.8559,-1,-1,-1
671,71,1073.96,280.99,239.45,664.54,0.8848,-1,-1,-1
671,72,740.30,385.46,80.36,258.89,0.7258,-1,-1,-1
672,2,836.20,329.87,149.40,433.58,0.8554,-1,-1,-1
672,39,971.20,296.70,124.46,488.13,0.8135,-1,-1,-1
672,45,1797.87,228.45,123.76,844.28,0.7836,-1,-1,-1
672,64,424.93,348.63,118.70,440.01,0.7894,-1,-1,-1
672,60,1270.99,247.58,185.22,622.86,0.8493,-1,-1,-1
672,56,1442.13,276.31,183.58,590.30,0.8603,-1,-1,-1
672,71,1075.00,279.65,241.29,682.57,0.8894,-1,-1,-1
672,72,737.66,383.89,82.12,262.19,0.7197,-1,-1,-1
673,2,837.99,328.56,142.93,433.60,0.8485,-1,-1,-1
673,39,970.56,294.24,126.09,486.35,0.8159,-1,-1,-1
673,45,1794.70,168.71,127.66,903.38,0.7710,-1,-1,-1
673,64,421.11,350.65,120.19,440.34,0.7847,-1,-1,-1
673,60,1273.02,242.41,186.86,635.00,0.8357,-1,-1,-1
673,56,1444.27,274.28,184.66,593.89,0.8489,-1,-1,-1
673,71,1075.64,275.00,246.94,697.10,0.8859,-1,-1,-1
673,72,736.76,380.77,80.96,265.46,0.7208,-1,-1,-1
674,2,839.06,328.56,138.85,433.29,0.8470,-1,-1,-1
674,39,970.52,294.45,125.98,485.96,0.8090,-1,-1,-1
674,45,1789.01,156.12,133.00,915.79,0.7815,-1,-1,-1
674,64,419.55,352.98,119.59,441.05,0.7691,-1,-1,-1
674,60,1277.71,240.67,183.25,650.93,0.8244,-1,-1,-1
674,56,1445.96,273.85,188.03,593.96,0.8414,-1,-1,-1
674,71,1074.47,268.91,255.86,710.13,0.8774,-1,-1,-1
674,72,736.75,380.49,82.76,264.18,0.7020,-1,-1,-1
675,2,839.50,328.84,138.22,434.13,0.8530,-1,-1,-1
675,39,969.68,293.50,127.11,489.17,0.8132,-1,-1,-1
675,45,1781.56,191.44,139.96,879.87,0.7946,-1,-1,-1
675,64,416.95,350.98,122.08,446.78,0.7745,-1,-1,-1
675,60,1282.42,245.58,184.69,662.63,0.8162,-1,-1,-1
675,56,1447.75,273.57,190.63,594.97,0.8447,-1,-1,-1
675,71,1071.40,265.46,265.67,719.54,0.8752,-1,-1,-1
675,72,736.47,381.90,82.49,260.98,0.7086,-1,-1,-1
676,2,839.13,329.67,138.88,435.61,0.8513,-1,-1,-1
676,39,969.74,293.23,128.33,489.69,0.8218,-1,-1,-1
676,45,1774.79,212.10,146.79,857.26,0.8225,-1,-1,-1
676,64,414.76,351.42,124.84,450.20,0.7924,-1,-1,-1
676,60,1288.77,239.92,187.83,676.43,0.7947,-1,-1,-1
676,56,1455.34,273.06,188.08,589.75,0.8382,-1,-1,-1
676,71,1069.22,260.46,277.22,729.01,0.8542,-1,-1,-1
676,72,735.11,382.16,84.33,261.57,0.7248,-1,-1,-1
677,2,838.58,327.28,141.11,437.13,0.8419,-1,-1,-1
677,39,971.81,291.09,126.34,487.87,0.8250,-1,-1,-1
677,45,1764.79,226.35,156.81,842.45,0.8335,-1,-1,-1
677,64,411.53,347.50,126.51,454.15,0.7923,-1,-1,-1
677,60,1295.45,230.66,201.35,695.17,0.7772,-1,-1,-1
677,56,1460.72,267.46,189.37,592.91,0.8357,-1,-1,-1
677,71,1066.25,252.14,288.33,713.95,0.8501,-1,-1,-1
677,72,734.15,379.39,86.47,264.30,0.7434,-1,-1,-1
678,2,839.19,326.32,141.68,439.13,0.8477,-1,-1,-1
678,39,972.45,290.53,127.73,488.82,0.8166,-1,-1,-1
678,45,1758.17,232.12,163.72,839.73,0.8555,-1,-1,-1
678,64,409.21,347.48,128.25,455.54,0.7954,-1,-1,-1
678,60,1301.44,226.71,205.71,705.50,0.8078,-1,-1,-1
678,56,1467.55,264.29,185.44,595.71,0.8227,-1,-1,-1
678,71,1063.14,243.91,303.96,708.95,0.8709,-1,-1,-1
678,72,734.14,379.02,86.96,266.36,0.7408,-1,-1,-1
679,2,838.94,326.64,144.74,438.79,0.8425,-1,-1,-1
679,39,977.26,290.55,125.85,486.49,0.7904,-1,-1,-1
679,45,1752.19,240.76,169.98,833.16,0.8450,-1,-1,-1
679,64,408.24,347.35,127.72,456.05,0.7842,-1,-1,-1
679,60,1309.52,226.65,203.95,721.62,0.8381,-1,-1,-1
679,56,1476.45,262.77,182.52,595.56,0.8156,-1,-1,-1
679,71,1062.23,237.16,314.25,730.91,0.8623,-1,-1,-1
679,72,734.48,377.91,86.37,266.95,0.7338,-1,-1,-1
680,2,837.71,328.67,154.19,438.69,0.8466,-1,-1,-1
680,39,982.12,292.05,122.51,484.55,0.7721,-1,-1,-1
680,45,1745.35,245.16,177.35,814.99,0.7730,-1,-1,-1
680,64,408.69,347.19,129.14,458.89,0.7867,-1,-1,-1
680,60,1318.30,233.06,207.25,730.33,0.8708,-1,-1,-1
680,56,1485.91,261.88,183.41,602.48,0.8342,-1,-1,-1
680,71,1064.61,231.85,306.24,758.34,0.8740,-1,-1,-1
680,72,735.85,377.76,87.19,269.83,0.7450,-1,-1,-1
681,2,839.00,331.28,159.64,437.83,0.8541,-1,-1,-1
681,39,985.63,295.20,120.36,481.78,0.7801,-1,-1,-1
681,45,1739.59,249.67,183.35,740.94,0.7892,-1,-1,-1
681,64,410.72,346.27,130.55,462.32,0.7827,-1,-1,-1
681,60,1328.93,237.49,204.85,733.88,0.8649,-1,-1,-1
681,56,1491.80,261.86,186.27,607.65,0.8323,-1,-1,-1
681,71,1071.18,226.72,295.49,781.03,0.8695,-1,-1,-1
681,72,736.41,380.96,91.12,271.11,0.7562,-1,-1,-1
682,2,841.50,333.26,162.37,438.70,0.8250,-1,-1,-1
682,39,991.97,295.70,117.19,482.36,0.8020,-1,-1,-1
682,45,1735.66,254.65,187.02,597.10,0.8296,-1,-1,-1
682,64,412.91,345.41,129.02,464.90,0.7896,-1,-1,-1
682,60,1340.54,235.06,202.53,741.31,0.8558,-1,-1,-1
682,56,1500.66,259.99,180.73,616.96,0.8326,-1,-1,-1
682,71,1077.86,222.97,291.38,793.37,0.8819,-1,-1,-1
682,72,737.86,381.15,93.05,274.23,0.7632,-1,-1,-1
683,2,845.83,335.05,164.57,432.39,0.8038,-1,-1,-1
683,39,996.89,294.84,118.30,486.44,0.8023,-1,-1,-1
683,45,1740.08,259.06,182.23,536.52,0.6998,-1,-1,-1
683,64,414.16,346.34,127.00,464.82,0.7797,-1,-1,-1
683,60,1350.06,232.74,212.06,751.38,0.8695,-1,-1,-1
683,56,1508.62,257.42,171.56,622.59,0.8322,-1,-1,-1
683,71,1083.28,219.69,293.72,811.83,0.8782,-1,-1,-1
683,72,740.07,381.99,92.49,274.58,0.7640,-1,-1,-1
684,2,850.14,336.66,163.03,435.11,0.8397,-1,-1,-1
684,39,1002.61,296.30,115.64,488.83,0.8061,-1,-1,-1
684,45,1746.19,263.10,176.30,509.53,0.6229,-1,-1,-1
684,64,416.77,347.59,126.87,465.90,0.7943,-1,-1,-1
684,60,1359.83,226.85,219.96,762.98,0.8636,-1,-1,-1
684,56,1515.51,258.42,171.43,627.51,0.8201,-1,-1,-1
684,71,1090.66,216.99,295.34,842.87,0.8764,-1,-1,-1
684,72,745.88,382.54,90.99,277.54,0.7768,-1,-1,-1
685,2,860.70,333.62,157.00,438.67,0.8128,-1,-1,-1
685,39,1009.45,296.61,113.92,489.46,0.8055,-1,-1,-1
685,45,1754.28,266.95,168.25,508.81,0.4469,-1,-1,-1
685,64,420.44,342.26,128.59,472.27,0.7977,-1,-1,-1
685,60,1370.49,220.95,222.64,769.99,0.8326,-1,-1,-1
685,56,1523.28,259.61,164.74,623.81,0.7559,-1,-1,-1
685,71,1097.12,213.75,299.21,863.06,0.8873,-1,-1,-1
685,72,752.52,382.03,88.85,280.70,0.7894,-1,-1,-1
686,2,872.42,333.39,149.07,435.32,0.8560,-1,-1,-1
686,39,1017.06,294.15,116.49,490.75,0.7972,-1,-1,-1
686,45,1766.01,277.80,156.40,501.98,0.6644,-1,-1,-1
686,64,424.81,341.61,125.61,474.00,0.8145,-1,-1,-1
686,60,1384.63,212.20,232.17,781.14,0.8310,-1,-1,-1
686,56,1541.88,266.11,149.32,619.51,0.4319,-1,-1,-1
686,71,1103.67,210.02,301.18,872.46,0.8993,-1,-1,-1
686,72,757.60,382.68,88.22,279.31,0.8152,-1,-1,-1
687,2,878.58,330.20,155.50,438.56,0.8462,-1,-1,-1
687,39,1021.00,294.72,120.35,495.27,0.7957,-1,-1,-1
687,45,1784.43,297.10,138.01,529.65,0.6376,-1,-1,-1
687,64,427.65,337.52,126.36,476.01,0.7955,-1,-1,-1
687,60,1395.65,203.21,258.41,795.08,0.8370,-1,-1,-1
687,56,1556.88,229.09,141.77,660.19,0.2546,-1,-1,-1
687,71,1107.10,206.04,308.08,878.16,0.9021,-1,-1,-1
687,72,764.68,379.51,87.72,282.70,0.8177,-1,-1,-1
688,2,884.18,326.98,152.00,435.51,0.8325,-1,-1,-1
688,39,1028.95,293.31,119.16,490.88,0.8105,-1,-1,-1
688,45,1801.98,323.90,120.00,526.31,0.6845,-1,-1,-1
688,64,432.71,332.62,124.94,479.48,0.7644,-1,-1,-1
688,60,1408.24,193.18,278.62,808.40,0.8662,-1,-1,-1
688,56,1590.71,292.47,116.11,593.26,0.1775,-1,-1,-1
688,71,1109.74,197.31,315.74,885.30,0.8989,-1,-1,-1
688,72,767.04,377.15,90.94,282.50,0.7855,-1,-1,-1
689,2,891.05,322.77,150.78,432.10,0.8104,-1,-1,-1
689,39,1036.84,290.46,116.62,489.20,0.7758,-1,-1,-1
689,45,1823.02,360.97,98.28,500.59,0.5568,-1,-1,-1
689,64,436.05,328.39,124.05,477.62,0.8084,-1,-1,-1
689,60,1419.45,187.43,290.95,809.82,0.8775,-1,-1,-1
689,71,1112.64,177.28,323.30,903.06,0.8956,-1,-1,-1
689,72,770.08,372.53,95.66,283.08,0.7697,-1,-1,-1
690,2,895.98,317.53,157.65,433.59,0.7929,-1,-1,-1
690,39,1044.74,286.45,115.68,487.97,0.8152,-1,-1,-1
690,45,1847.26,400.36,73.53,477.03,0.3389,-1,-1,-1
690,64,438.29,322.12,122.72,476.80,0.7848,-1,-1,-1
690,60,1428.62,178.70,310.94,816.08,0.8656,-1,-1,-1
690,71,1112.52,168.99,334.51,906.80,0.8985,-1,-1,-1
690,72,773.76,365.69,94.57,286.15,0.7457,-1,-1,-1
690,74,869.14,379.48,49.06,227.68,0.4065,-1,-1,-1
691,2,900.96,311.86,162.44,432.73,0.8086,-1,-1,-1
691,39,1048.77,283.07,115.52,486.99,0.7610,-1,-1,-1
691,64,440.26,318.33,122.52,478.30,0.7144,-1,-1,-1
691,60,1437.87,166.11,330.47,830.71,0.8798,-1,-1,-1
691,71,1111.93,171.73,342.10,905.24,0.9032,-1,-1,-1
691,72,777.18,361.73,94.13,289.40,0.7826,-1,-1,-1
691,74,868.52,380.85,48.67,214.84,0.3538,-1,-1,-1
692,2,905.99,307.24,151.21,433.05,0.7947,-1,-1,-1
692,39,1052.94,279.65,116.89,491.09,0.7501,-1,-1,-1
692,64,440.53,313.61,123.95,483.12,0.7420,-1,-1,-1
692,60,1445.74,154.65,344.88,854.76,0.8965,-1,-1,-1
692,71,1109.28,159.55,355.91,919.56,0.8951,-1,-1,-1
692,72,779.28,356.19,93.64,293.17,0.7838,-1,-1,-1
692,74,867.28,374.74,56.23,217.34,0.5090,-1,-1,-1
693,2,909.65,302.41,148.91,435.42,0.7913,-1,-1,-1
693,39,1058.64,273.51,109.08,511.96,0.6055,-1,-1,-1
693,64,440.09,309.19,141.21,487.53,0.6779,-1,-1,-1
693,60,1452.29,144.39,358.62,885.62,0.9008,-1,-1,-1
693,71,1106.34,138.94,372.16,937.73,0.8889,-1,-1,-1
693,72,778.90,353.12,93.98,293.24,0.7796,-1,-1,-1
693,74,866.16,370.95,61.55,219.88,0.5334,-1,-1,-1
694,2,910.63,298.96,144.62,437.58,0.8127,-1,-1,-1
694,39,1062.35,267.37,100.84,518.26,0.5498,-1,-1,-1
694,64,438.77,304.08,139.32,492.22,0.6919,-1,-1,-1
694,60,1457.10,137.53,377.14,910.10,0.8983,-1,-1,-1
694,71,1103.37,126.92,391.74,949.87,0.8896,-1,-1,-1
694,72,779.62,350.90,93.89,294.46,0.7483,-1,-1,-1
694,74,864.98,367.10,62.98,218.22,0.5099,-1,-1,-1
695,2,911.60,297.78,142.95,436.20,0.8102,-1,-1,-1
695,39,1061.24,259.99,125.15,606.52,0.5272,-1,-1,-1
695,64,435.11,298.89,130.89,495.01,0.7973,-1,-1,-1
695,60,1462.51,130.17,396.37,922.63,0.8994,-1,-1,-1
695,71,1096.05,113.56,416.39,962.92,0.8795,-1,-1,-1
695,72,780.11,346.58,91.15,296.03,0.7458,-1,-1,-1
695,74,865.47,363.28,65.14,223.36,0.6098,-1,-1,-1
696,2,911.11,299.60,139.71,433.41,0.8454,-1,-1,-1
696,39,1051.70,253.15,148.52,649.61,0.6176,-1,-1,-1
696,64,432.45,296.55,127.84,497.84,0.8193,-1,-1,-1
696,60,1467.35,125.03,410.95,936.99,0.9045,-1,-1,-1
696,71,1096.15,101.58,428.71,975.55,0.8823,-1,-1,-1
696,72,777.41,343.84,92.96,297.62,0.7686,-1,-1,-1
696,74,865.96,363.42,64.61,227.54,0.6270,-1,-1,-1
697,2,914.10,296.35,135.29,431.64,0.8156,-1,-1,-1
697,39,1046.73,248.29,153.55,675.00,0.6701,-1,-1,-1
697,64,426.79,293.75,130.99,499.21,0.7919,-1,-1,-1
697,60,1475.92,115.22,418.55,955.17,0.8911,-1,-1,-1
697,71,1103.96,85.84,438.91,990.61,0.8937,-1,-1,-1
697,72,775.91,337.64,94.73,300.40,0.7629,-1,-1,-1
697,74,865.39,361.04,64.18,228.92,0.6718,-1,-1,-1
698,2,916.96,291.07,138.72,435.58,0.8321,-1,-1,-1
698,39,1046.71,230.64,164.34,703.03,0.6729,-1,-1,-1
698,64,425.59,286.65,127.65,501.58,0.7801,-1,-1,-1
698,60,1482.43,109.18,429.76,960.69,0.9017,-1,-1,-1
698,71,1105.96,69.19,446.73,1007.29,0.9040,-1,-1,-1
698,72,774.94,336.39,96.93,300.76,0.7807,-1,-1,-1
698,74,863.35,357.63,65.99,228.68,0.6886,-1,-1,-1
699,2,918.81,285.04,146.32,438.86,0.8355,-1,-1,-1
699,39,1046.90,211.88,168.42,730.11,0.6962,-1,-1,-1
699,64,422.96,280.30,135.62,504.32,0.7729,-1,-1,-1
699,60,1492.25,97.27,432.54,968.43,0.9050,-1,-1,-1
699,71,1112.59,51.12,451.21,1026.18,0.9052,-1,-1,-1
699,72,773.39,333.22,101.23,301.92,0.7892,-1,-1,-1
699,74,863.73,351.88,66.15,229.36,0.6887,-1,-1,-1
700,2,920.07,282.26,148.26,440.08,0.8452,-1,-1,-1
700,39,1050.31,197.89,164.53,748.44,0.7593,-1,-1,-1
700,64,421.19,275.82,132.40,506.15,0.7965,-1,-1,-1
700,60,1501.23,82.30,427.85,984.89,0.9101,-1,-1,-1
700,71,1124.96,33.74,452.24,1043.24,0.8994,-1,-1,-1
700,72,772.12,331.06,102.94,303.88,0.7657,-1,-1,-1
700,74,865.50,347.31,63.85,230.94,0.6502,-1,-1,-1
701,2,920.86,282.25,147.52,437.84,0.8551,-1,-1,-1
701,39,1052.83,189.52,148.04,758.28,0.7719,-1,-1,-1
701,64,417.34,271.84,130.97,511.60,0.8243,-1,-1,-1
701,60,1510.54,73.93,418.49,993.13,0.9082,-1,-1,-1
701,71,1133.81,22.54,451.99,1054.12,0.8952,-1,-1,-1
701,72,772.41,328.84,103.45,305.57,0.7538,-1,-1,-1
701,74,864.43,345.52,65.56,233.49,0.6725,-1,-1,-1
702,2,921.42,279.32,142.16,435.13,0.8405,-1,-1,-1
702,39,1047.89,180.29,165.46,768.34,0.8141,-1,-1,-1
702,64,414.36,267.09,131.24,517.15,0.8279,-1,-1,-1
702,60,1514.50,63.72,413.92,1003.14,0.9110,-1,-1,-1
702,71,1137.50,10.03,454.35,1065.25,0.8915,-1,-1,-1
702,72,773.23,324.72,99.59,306.62,0.7640,-1,-1,-1
702,74,859.77,339.55,71.24,237.70,0.7017,-1,-1,-1
703,2,922.39,276.87,136.48,432.82,0.8365,-1,-1,-1
703,39,1044.70,170.54,174.88,778.31,0.8353,-1,-1,-1
703,64,407.86,260.63,135.34,522.94,0.8178,-1,-1,-1
703,60,1521.85,50.61,406.70,1018.82,0.9060,-1,-1,-1
703,71,1145.77,0.82,455.26,1074.37,0.8957,-1,-1,-1
703,72,772.44,319.20,100.64,311.16,0.7657,-1,-1,-1
703,74,859.93,333.86,71.99,244.56,0.6811,-1,-1,-1
704,2,922.31,271.49,127.67,432.06,0.8207,-1,-1,-1
704,39,1037.98,159.55,197.93,788.13,0.8461,-1,-1,-1
704,64,400.61,253.85,137.63,524.68,0.8432,-1,-1,-1
704,60,1532.20,37.80,395.31,1032.19,0.9108,-1,-1,-1
704,71,1152.57,-4.16,456.66,1077.76,0.9025,-1,-1,-1
704,72,771.76,313.66,103.98,313.54,0.7670,-1,-1,-1
704,74,860.04,328.48,71.24,247.36,0.6795,-1,-1,-1
705,2,921.66,264.11,123.36,431.67,0.8181,-1,-1,-1
705,39,1029.88,148.16,205.37,798.43,0.8461,-1,-1,-1
705,64,395.29,249.44,142.09,524.15,0.8589,-1,-1,-1
705,60,1544.82,15.66,382.98,1051.46,0.9014,-1,-1,-1
705,71,1159.01,-5.77,456.87,1078.03,0.9049,-1,-1,-1
705,72,774.07,309.13,99.44,314.97,0.7491,-1,-1,-1
705,74,856.60,322.77,72.61,246.64,0.6569,-1,-1,-1
706,2,922.50,258.40,122.40,430.20,0.8049,-1,-1,-1
706,39,1012.66,136.70,214.47,818.91,0.8300,-1,-1,-1
706,64,391.98,242.63,142.45,529.05,0.8134,-1,-1,-1
706,60,1557.54,2.01,370.79,1066.24,0.9177,-1,-1,-1
706,71,1168.92,-6.11,461.46,1079.15,0.9111,-1,-1,-1
706,72,773.54,302.98,97.04,317.31,0.7622,-1,-1,-1
706,74,854.20,317.96,74.05,249.85,0.6819,-1,-1,-1
707,2,922.38,254.09,122.78,427.90,0.7558,-1,-1,-1
707,39,999.34,122.14,221.90,852.03,0.8319,-1,-1,-1
707,64,388.43,236.18,143.13,530.85,0.8208,-1,-1,-1
707,60,1577.75,-2.65,350.78,1076.49,0.9170,-1,-1,-1
707,71,1179.56,-5.32,471.72,1081.35,0.9136,-1,-1,-1
707,72,776.65,295.76,92.05,317.91,0.7832,-1,-1,-1
707,74,854.02,312.45,74.22,249.95,0.6649,-1,-1,-1
708,2,923.67,242.42,109.31,433.75,0.6972,-1,-1,-1
708,39,985.65,108.04,228.42,880.72,0.8468,-1,-1,-1
708,64,386.34,229.66,144.73,532.72,0.7950,-1,-1,-1
708,60,1600.41,-2.96,327.08,1079.54,0.9075,-1,-1,-1
708,71,1185.54,-4.43,488.21,1078.60,0.9135,-1,-1,-1
708,72,773.94,288.70,97.78,319.37,0.7737,-1,-1,-1
708,74,853.35,305.27,74.82,256.30,0.6080,-1,-1,-1
709,2,916.81,231.93,116.00,437.02,0.5545,-1,-1,-1
709,39,974.56,97.01,252.51,905.99,0.8608,-1,-1,-1
709,64,381.82,218.03,145.10,543.21,0.8032,-1,-1,-1
709,60,1628.28,-1.27,297.62,1084.95,0.8982,-1,-1,-1
709,71,1199.80,-3.28,502.39,1078.14,0.9182,-1,-1,-1
709,72,769.39,281.70,103.19,322.93,0.7602,-1,-1,-1
709,74,852.57,300.56,74.39,255.19,0.5357,-1,-1,-1
710,39,949.94,85.52,287.78,931.25,0.8828,-1,-1,-1
710,64,377.31,211.00,145.90,546.59,0.7942,-1,-1,-1
710,60,1659.17,-1.40,267.91,1088.16,0.8971,-1,-1,-1
710,71,1217.34,-2.80,521.02,1077.24,0.9315,-1,-1,-1
710,72,767.80,274.82,104.79,327.35,0.7695,-1,-1,-1
710,74,854.39,296.74,71.39,253.12,0.4969,-1,-1,-1
711,39,934.00,76.85,309.85,952.01,0.8934,-1,-1,-1
711,64,372.66,206.13,147.72,550.15,0.8141,-1,-1,-1
711,60,1694.98,-1.76,233.13,1076.41,0.8806,-1,-1,-1
711,71,1232.90,-4.05,562.60,1076.92,0.9216,-1,-1,-1
711,72,772.19,269.91,100.32,330.80,0.7464,-1,-1,-1
711,74,854.06,294.41,71.00,256.32,0.4929,-1,-1,-1
712,39,919.56,63.30,325.20,978.96,0.9030,-1,-1,-1
712,64,368.54,201.44,147.16,554.05,0.8205,-1,-1,-1
712,60,1732.30,-2.18,192.76,957.19,0.7733,-1,-1,-1
712,71,1252.98,-1.79,578.77,1077.06,0.9110,-1,-1,-1
712,72,764.66,265.47,108.05,334.37,0.7433,-1,-1,-1
712,74,853.24,292.48,68.51,255.05,0.5976,-1,-1,-1
713,39,909.07,51.77,330.67,1005.42,0.8966,-1,-1,-1
713,64,365.18,195.52,147.33,557.02,0.8164,-1,-1,-1
713,60,1775.84,0.87,143.84,865.92,0.5930,-1,-1,-1
713,71,1270.94,2.02,599.77,1071.21,0.9159,-1,-1,-1
713,72,759.59,260.78,114.18,337.19,0.7594,-1,-1,-1
713,74,851.73,285.72,71.41,260.08,0.5330,-1,-1,-1
714,39,899.99,43.26,330.69,1022.62,0.8874,-1,-1,-1
714,64,363.50,193.05,147.74,558.05,0.8265,-1,-1,-1
714,71,1288.07,3.44,620.97,1067.42,0.9254,-1,-1,-1
714,72,756.55,258.62,116.42,338.76,0.7818,-1,-1,-1
714,74,852.38,284.47,68.90,261.47,0.5899,-1,-1,-1
715,39,890.74,33.09,335.65,1041.34,0.8909,-1,-1,-1
715,64,357.42,190.28,154.90,562.03,0.8248,-1,-1,-1
715,71,1293.32,-1.81,640.09,1070.78,0.9283,-1,-1,-1
715,72,756.62,254.93,121.91,341.63,0.7666,-1,-1,-1
715,74,851.72,279.90,62.37,266.36,0.4192,-1,-1,-1
716,39,878.00,14.49,335.30,1058.44,0.8965,-1,-1,-1
716,64,355.04,187.82,153.31,564.84,0.8275,-1,-1,-1
716,71,1282.36,-1.76,652.77,1069.87,0.9285,-1,-1,-1
716,72,756.31,252.61,120.89,341.46,0.7612,-1,-1,-1
716,74,848.49,274.37,55.64,269.35,0.3657,-1,-1,-1
716,77,1239.02,316.31,60.09,207.61,0.5870,-1,-1,-1
717,39,860.79,2.71,344.47,1077.42,0.9083,-1,-1,-1
717,64,350.48,187.61,158.54,564.49,0.8039,-1,-1,-1
717,71,1272.30,-0.93,661.00,1068.07,0.9286,-1,-1,-1
717,72,754.37,248.59,125.37,345.71,0.8056,-1,-1,-1
717,77,1241.98,311.12,61.05,212.05,0.5068,-1,-1,-1
718,39,845.15,4.95,345.58,1076.67,0.9026,-1,-1,-1
718,64,345.98,182.79,161.91,570.95,0.8185,-1,-1,-1
718,71,1266.73,0.48,665.72,1069.17,0.9181,-1,-1,-1
718,72,753.99,245.22,118.95,350.60,0.8086,-1,-1,-1
718,77,1240.03,307.98,67.39,214.97,0.5917,-1,-1,-1
719,39,821.42,0.64,351.29,1077.29,0.8994,-1,-1,-1
719,64,342.66,179.44,160.41,575.33,0.8280,-1,-1,-1
719,71,1265.34,2.10,663.21,1069.68,0.9180,-1,-1,-1
719,72,752.38,241.34,109.27,354.74,0.7686,-1,-1,-1
719,77,1240.28,310.96,71.58,210.78,0.5577,-1,-1,-1
720,39,795.40,0.86,358.04,1076.38,0.8881,-1,-1,-1
720,64,340.84,179.39,157.92,578.51,0.8485,-1,-1,-1
720,71,1271.70,5.16,652.10,1058.95,0.9173,-1,-1,-1
720,72,754.28,241.42,91.07,355.05,0.6816,-1,-1,-1
720,77,1240.84,307.97,75.12,214.45,0.6397,-1,-1,-1
720,79,1099.15,168.50,112.85,513.65,0.7165,-1,-1,-1
721,39,770.91,-0.34,362.67,1082.84,0.9126,-1,-1,-1
721,64,336.39,174.96,159.04,586.37,0.8474,-1,-1,-1
721,71,1286.79,4.89,636.49,1061.69,0.8841,-1,-1,-1
721,72,762.51,244.82,61.33,355.45,0.1609,-1,-1,-1
721,77,1241.21,304.01,76.93,216.57,0.6067,-1,-1,-1
721,79,1094.53,165.75,125.49,519.48,0.7446,-1,-1,-1
722,39,748.89,-0.01,367.68,1080.22,0.9107,-1,-1,-1
722,64,331.99,170.57,161.42,591.87,0.8438,-1,-1,-1
722,71,1299.42,4.69,620.52,1060.44,0.9198,-1,-1,-1
722,77,1242.54,296.59,70.38,223.05,0.4933,-1,-1,-1
722,79,1089.12,162.63,137.30,520.06,0.7898,-1,-1,-1
722,80,1317.18,117.27,156.10,489.71,0.7091,-1,-1,-1
723,39,725.50,-0.05,371.99,1081.55,0.9035,-1,-1,-1
723,64,325.96,167.38,164.01,596.35,0.8462,-1,-1,-1
723,71,1310.11,4.75,609.43,1061.95,0.9027,-1,-1,-1
723,77,1244.98,307.87,66.57,213.31,0.5249,-1,-1,-1
723,79,1083.57,162.05,143.02,513.38,0.8312,-1,-1,-1
723,80,1306.64,112.59,165.21,543.46,0.7294,-1,-1,-1
724,39,699.07,0.21,386.63,1075.32,0.9060,-1,-1,-1
724,64,320.47,164.28,165.40,599.90,0.8365,-1,-1,-1
724,71,1318.45,6.39,599.21,1060.00,0.9019,-1,-1,-1
724,77,1242.30,296.48,78.49,230.07,0.1713,-1,-1,-1
724,79,1077.26,159.22,150.59,509.87,0.8439,-1,-1,-1
724,80,1269.44,108.63,194.83,619.24,0.7753,-1,-1,-1
725,39,664.38,1.41,396.42,1072.24,0.9040,-1,-1,-1
725,64,314.49,159.46,166.64,603.50,0.8385,-1,-1,-1
725,71,1328.60,7.95,585.79,1058.68,0.8823,-1,-1,-1
725,79,1072.14,157.23,153.26,507.50,0.8369,-1,-1,-1
725,80,1242.08,102.18,213.42,663.25,0.8577,-1,-1,-1
726,39,631.66,1.20,404.94,1073.92,0.9086,-1,-1,-1
726,64,306.48,153.08,168.00,607.87,0.8182,-1,-1,-1
726,71,1342.92,8.01,573.22,1058.59,0.8124,-1,-1,-1
726,79,1067.84,153.60,160.57,508.59,0.8426,-1,-1,-1
726,80,1217.14,103.20,236.14,704.45,0.8564,-1,-1,-1
727,39,596.39,-2.03,415.30,1081.84,0.9053,-1,-1,-1
727,64,286.85,144.48,172.79,618.16,0.8199,-1,-1,-1
727,71,1376.79,1.70,544.76,1069.92,0.8126,-1,-1,-1
727,79,1061.48,148.24,166.82,515.26,0.8544,-1,-1,-1
727,80,1188.12,100.16,267.95,721.13,0.8693,-1,-1,-1
728,39,557.16,-3.87,434.56,1085.82,0.9091,-1,-1,-1
728,64,275.99,136.27,171.41,625.85,0.8495,-1,-1,-1
728,71,1484.23,0.32,438.47,1062.77,0.7385,-1,-1,-1
728,79,1058.88,143.29,155.42,516.89,0.6678,-1,-1,-1
728,80,1151.90,96.11,305.02,729.13,0.8591,-1,-1,-1
728,83,942.01,182.06,117.01,444.82,0.7890,-1,-1,-1
729,39,511.23,-6.88,454.47,1086.76,0.9076,-1,-1,-1
729,64,264.85,124.62,171.54,634.41,0.8670,-1,-1,-1
729,71,1641.02,15.30,281.39,1049.15,0.6986,-1,-1,-1
729,79,1055.92,139.88,140.39,515.43,0.7568,-1,-1,-1
729,80,1120.14,87.88,336.52,734.14,0.8773,-1,-1,-1
729,83,931.12,180.90,121.33,443.20,0.8449,-1,-1,-1
730,39,462.08,-5.84,476.06,1085.50,0.9227,-1,-1,-1
730,64,255.05,119.46,173.99,637.09,0.8435,-1,-1,-1
730,79,1050.32,137.25,138.67,517.63,0.8081,-1,-1,-1
730,80,1101.47,87.55,354.46,730.05,0.9000,-1,-1,-1
730,83,918.27,182.38,139.55,439.67,0.8500,-1,-1,-1
731,39,417.07,-1.97,489.54,1079.70,0.9070,-1,-1,-1
731,64,246.58,116.68,174.32,640.57,0.8305,-1,-1,-1
731,79,1046.97,136.76,135.19,517.37,0.7969,-1,-1,-1
731,80,1096.08,89.22,357.14,725.82,0.8963,-1,-1,-1
731,83,909.35,183.02,145.57,439.29,0.8388,-1,-1,-1
732,39,365.99,2.26,513.30,1066.34,0.9132,-1,-1,-1
732,64,244.62,109.76,163.13,647.23,0.8457,-1,-1,-1
732,79,1047.95,137.36,128.12,514.20,0.8126,-1,-1,-1
732,80,1080.52,89.42,370.35,722.50,0.8787,-1,-1,-1
732,83,904.76,184.50,153.51,436.25,0.8396,-1,-1,-1
733,39,268.57,2.38,576.59,1064.30,0.9026,-1,-1,-1
733,79,1045.09,133.42,121.96,514.05,0.8049,-1,-1,-1
733,80,1077.93,79.14,363.45,729.94,0.8631,-1,-1,-1
733,83,898.06,181.23,163.79,436.44,0.8548,-1,-1,-1
734,39,221.30,8.26,588.23,1056.91,0.9264,-1,-1,-1
734,79,1041.81,137.11,118.47,512.84,0.8039,-1,-1,-1
734,80,1067.73,81.14,358.53,737.70,0.8614,-1,-1,-1
734,83,895.29,185.14,154.63,433.38,0.8418,-1,-1,-1
735,39,164.32,8.61,613.64,1054.68,0.9090,-1,-1,-1
735,79,1034.94,138.72,114.81,516.12,0.7599,-1,-1,-1
735,80,1052.05,82.39,352.22,743.19,0.8627,-1,-1,-1
735,83,889.59,185.31,147.58,424.84,0.8574,-1,-1,-1
735,85,741.08,212.18,105.95,398.99,0.6854,-1,-1,-1
736,39,70.33,7.23,669.41,1057.65,0.8625,-1,-1,-1
736,79,1027.46,137.27,108.67,521.43,0.6483,-1,-1,-1
736,80,1038.88,79.03,335.58,734.86,0.8803,-1,-1,-1
736,83,885.70,184.41,142.44,425.41,0.8480,-1,-1,-1
736,85,713.48,186.99,125.84,409.32,0.6396,-1,-1,-1
737,39,6.54,10.04,695.80,1053.50,0.9244,-1,-1,-1
737,79,1015.72,140.23,103.74,521.19,0.6673,-1,-1,-1
737,80,1036.29,75.26,300.78,730.17,0.8519,-1,-1,-1
737,83,879.54,183.09,138.40,425.14,0.8369,-1,-1,-1
737,85,677.32,177.46,152.58,425.20,0.7136,-1,-1,-1
738,39,-18.13,7.99,694.40,1052.14,0.9043,-1,-1,-1
738,79,1004.71,143.18,91.27,516.55,0.4707,-1,-1,-1
738,80,1016.61,71.00,271.44,737.40,0.8716,-1,-1,-1
738,83,865.11,179.65,136.54,428.23,0.8224,-1,-1,-1
738,85,645.58,169.24,160.56,437.42,0.7849,-1,-1,-1
738,87,748.32,211.17,65.83,318.56,0.4613,-1,-1,-1
739,39,-26.05,5.99,672.76,1049.53,0.9128,-1,-1,-1
739,80,997.23,71.06,234.82,736.41,0.8283,-1,-1,-1
739,83,844.77,179.14,136.63,431.78,0.8442,-1,-1,-1
739,85,618.97,163.99,170.94,446.81,0.8124,-1,-1,-1
740,39,-24.17,7.20,628.01,1047.32,0.9056,-1,-1,-1
740,80,974.84,68.68,207.17,737.06,0.8287,-1,-1,-1
740,83,828.99,178.90,142.30,430.08,0.8412,-1,-1,-1
740,85,606.58,161.16,167.91,459.64,0.8232,-1,-1,-1
741,39,-18.74,5.94,572.81,1051.84,0.8885,-1,-1,-1
741,80,952.92,68.77,198.99,751.60,0.8713,-1,-1,-1
741,83,820.99,179.30,141.65,429.84,0.8178,-1,-1,-1
741,85,593.11,159.26,171.43,463.38,0.8470,-1,-1,-1
741,88,1145.98,282.94,64.35,225.97,0.5356,-1,-1,-1
742,39,-15.75,7.01,488.53,1055.40,0.8361,-1,-1,-1
742,80,923.68,68.40,205.80,759.55,0.8391,-1,-1,-1
742,83,810.30,179.33,141.25,432.86,0.8407,-1,-1,-1
742,85,577.62,156.48,174.94,467.40,0.8486,-1,-1,-1
742,88,1139.14,275.81,58.14,250.46,0.4853,-1,-1,-1
743,39,-11.00,11.25,347.37,1044.61,0.7069,-1,-1,-1
743,80,897.24,68.73,217.20,762.29,0.8161,-1,-1,-1
743,83,800.43,181.74,141.70,434.54,0.8273,-1,-1,-1
743,85,569.28,157.03,169.43,471.12,0.8280,-1,-1,-1
743,88,1123.43,260.69,63.31,272.48,0.2826,-1,-1,-1
744,80,855.63,65.93,231.16,764.13,0.8344,-1,-1,-1
744,83,782.68,181.54,145.50,431.29,0.8212,-1,-1,-1
744,85,552.60,156.16,171.95,478.93,0.8404,-1,-1,-1
744,88,1083.83,236.10,88.36,299.01,0.6838,-1,-1,-1
744,89,1074.18,229.66,91.12,303.49,0.6838,-1,-1,-1
745,80,811.69,62.43,256.09,763.16,0.7784,-1,-1,-1
745,83,768.41,182.20,139.37,429.32,0.7264,-1,-1,-1
745,85,534.61,153.94,179.41,488.40,0.8413,-1,-1,-1
745,88,1063.93,228.20,100.84,309.41,0.7483,-1,-1,-1
745,89,1063.72,230.18,99.79,305.37,0.7483,-1,-1,-1
745,90,-3.65,54.62,185.98,772.49,0.8732,-1,-1,-1
746,80,750.03,56.95,300.25,778.16,0.8056,-1,-1,-1
746,83,754.98,182.41,131.43,423.90,0.7470,-1,-1,-1
746,85,515.65,151.64,187.30,496.49,0.8398,-1,-1,-1
746,88,1048.12,221.19,104.88,317.75,0.7225,-1,-1,-1
746,89,1051.53,225.04,102.19,311.97,0.7225,-1,-1,-1
746,90,-4.02,54.16,163.58,769.19,0.8566,-1,-1,-1
747,80,702.24,46.29,338.70,789.49,0.8325,-1,-1,-1
747,83,737.00,183.59,121.51,403.24,0.6151,-1,-1,-1
747,85,496.51,150.45,189.83,503.01,0.8304,-1,-1,-1
747,88,1043.30,218.47,100.45,321.97,0.7046,-1,-1,-1
747,89,1048.61,222.86,96.58,315.88,0.7046,-1,-1,-1
747,90,-1.67,53.43,138.57,771.84,0.8305,-1,-1,-1
748,80,661.11,48.34,368.03,788.67,0.8793,-1,-1,-1
748,83,721.71,174.70,112.13,406.87,0.5249,-1,-1,-1
748,85,481.09,148.44,192.48,507.40,0.8524,-1,-1,-1
748,88,1037.26,215.74,98.64,327.53,0.7129,-1,-1,-1
748,89,1042.40,219.83,95.00,322.09,0.7129,-1,-1,-1
748,90,-0.20,60.26,116.54,770.80,0.8120,-1,-1,-1
749,80,655.63,48.87,363.34,789.53,0.8157,-1,-1,-1
749,83,705.85,185.35,96.92,373.49,0.3419,-1,-1,-1
749,85,464.26,148.11,199.53,516.98,0.8423,-1,-1,-1
749,88,1030.48,216.56,96.84,328.38,0.6749,-1,-1,-1
749,89,1035.13,220.30,93.42,323.32,0.6749,-1,-1,-1
749,90,-0.03,97.06,101.05,730.45,0.7608,-1,-1,-1
749,79,921.23,140.15,85.97,366.02,0.4578,-1,-1,-1
750,80,636.43,53.66,371.58,791.75,0.8591,-1,-1,-1
750,83,694.60,232.60,74.12,320.15,0.4284,-1,-1,-1
750,85,450.03,148.27,202.34,522.99,0.7510,-1,-1,-1
750,88,1025.89,221.60,96.76,325.80,0.7402,-1,-1,-1
750,89,1030.02,225.05,93.79,321.06,0.7402,-1,-1,-1
750,90,0.07,164.86,80.91,660.87,0.7269,-1,-1,-1
750,91,981.45,237.84,81.81,320.38,0.6537,-1,-1,-1
750,79,908.37,137.83,90.38,458.55,0.3710,-1,-1,-1
751,80,618.14,52.95,381.28,801.41,0.8737,-1,-1,-1
751,83,668.11,171.42,80.44,381.86,0.2045,-1,-1,-1
751,85,435.38,148.66,206.84,539.51,0.8015,-1,-1,-1
751,88,1026.30,223.59,93.90,326.23,0.7152,-1,-1,-1
751,89,1030.13,226.63,91.13,322.07,0.7152,-1,-1,-1
751,91,977.72,240.55,83.46,322.06,0.6527,-1,-1,-1
751,79,891.17,137.85,103.76,494.88,0.6956,-1,-1,-1
751,87,564.94,210.76,81.90,345.26,0.4257,-1,-1,-1
752,80,605.20,53.49,377.10,808.46,0.8716,-1,-1,-1
752,85,425.82,144.24,206.72,551.26,0.8283,-1,-1,-1
752,88,1026.02,224.71,93.23,326.62,0.7483,-1,-1,-1
752,89,1029.29,227.39,90.88,322.94,0.7483,-1,-1,-1
752,91,965.52,244.14,97.75,325.03,0.6889,-1,-1,-1
752,79,876.10,138.82,114.87,515.36,0.7588,-1,-1,-1
752,87,560.87,207.51,79.09,352.55,0.3376,-1,-1,-1
753,80,595.71,49.16,368.85,819.53,0.8886,-1,-1,-1
753,85,413.12,139.94,214.77,560.62,0.8387,-1,-1,-1
753,88,1028.19,227.22,92.03,322.96,0.7371,-1,-1,-1
753,89,1031.08,229.59,89.98,319.61,0.7371,-1,-1,-1
753,91,960.62,249.80,109.89,326.11,0.7033,-1,-1,-1
753,79,865.65,143.13,121.42,525.58,0.7679,-1,-1,-1
753,87,551.54,212.63,83.06,362.73,0.1516,-1,-1,-1
754,80,588.07,48.32,353.32,826.88,0.8870,-1,-1,-1
754,85,397.33,136.81,226.67,566.61,0.8193,-1,-1,-1
754,88,1027.25,229.48,94.09,326.55,0.7433,-1,-1,-1
754,89,1029.72,231.51,92.37,323.73,0.7433,-1,-1,-1
754,91,956.87,252.29,115.25,327.72,0.6713,-1,-1,-1
754,79,858.14,147.32,124.87,530.15,0.7952,-1,-1,-1
754,92,1833.79,332.40,86.07,369.42,0.5085,-1,-1,-1
755,80,572.27,44.69,349.08,836.42,0.8894,-1,-1,-1
755,85,390.94,133.82,226.82,571.38,0.8488,-1,-1,-1
755,88,1029.03,228.58,95.92,328.60,0.7177,-1,-1,-1
755,89,1031.25,230.34,94.40,326.14,0.7177,-1,-1,-1
755,91,955.59,251.90,119.00,330.15,0.6923,-1,-1,-1
755,79,851.36,148.30,129.97,534.60,0.7995,-1,-1,-1
755,92,1827.10,314.63,93.51,389.80,0.5035,-1,-1,-1
756,80,545.04,40.34,343.22,849.24,0.8892,-1,-1,-1
756,85,382.13,131.67,225.13,582.67,0.8420,-1,-1,-1
756,88,1029.06,228.30,101.50,333.22,0.7037,-1,-1,-1
756,89,1030.99,229.85,100.22,331.07,0.7037,-1,-1,-1
756,91,954.00,252.31,119.26,333.05,0.6800,-1,-1,-1
756,79,846.92,151.92,135.03,531.43,0.8010,-1,-1,-1
756,92,1822.50,305.08,98.42,377.42,0.2990,-1,-1,-1
757,80,510.72,35.65,342.04,861.76,0.8795,-1,-1,-1
757,85,375.51,133.69,209.62,583.62,0.8539,-1,-1,-1
757,88,1029.18,229.13,106.64,335.84,0.7001,-1,-1,-1
757,89,1030.92,230.48,105.49,333.93,0.7001,-1,-1,-1
757,91,953.66,253.04,119.06,337.54,0.7569,-1,-1,-1
757,79,842.09,156.67,141.13,528.49,0.8020,-1,-1,-1
757,92,1818.09,301.24,102.67,400.65,0.3699,-1,-1,-1
758,80,475.45,35.76,344.28,869.96,0.8792,-1,-1,-1
758,85,370.96,130.77,206.35,589.47,0.7723,-1,-1,-1
758,88,1034.43,228.51,113.54,337.01,0.7043,-1,-1,-1
758,89,1036.04,229.67,112.52,335.31,0.7043,-1,-1,-1
758,91,955.76,252.43,125.81,342.79,0.7990,-1,-1,-1
758,79,843.25,162.45,139.72,526.57,0.8243,-1,-1,-1
758,92,1815.39,303.46,105.71,392.44,0.2965,-1,-1,-1
759,80,456.96,34.41,330.80,880.71,0.8466,-1,-1,-1
759,85,368.84,132.56,205.45,596.90,0.7959,-1,-1,-1
759,88,1040.74,229.44,113.10,346.10,0.7293,-1,-1,-1
759,89,1042.23,230.45,112.11,344.65,0.7293,-1,-1,-1
759,91,959.30,255.23,124.33,343.85,0.8126,-1,-1,-1
759,79,843.48,167.30,137.69,527.18,0.8312,-1,-1,-1
759,92,1815.01,320.79,106.13,352.88,0.1977,-1,-1,-1
759,93,713.67,199.76,130.06,444.04,0.3988,-1,-1,-1
760,80,445.62,38.78,306.60,884.29,0.7885,-1,-1,-1
760,85,367.45,130.31,205.04,609.70,0.7835,-1,-1,-1
760,88,1048.25,228.29,109.31,359.97,0.7451,-1,-1,-1
760,89,1049.56,229.20,108.41,358.71,0.7451,-1,-1,-1
760,91,964.55,256.02,122.15,347.54,0.8080,-1,-1,-1
760,79,843.09,169.72,136.66,527.89,0.8297,-1,-1,-1
760,92,1819.29,320.18,101.80,384.97,0.2989,-1,-1,-1
760,93,690.54,197.91,154.00,497.79,0.6900,-1,-1,-1
761,80,416.44,41.02,315.83,893.04,0.7624,-1,-1,-1
761,85,367.36,131.52,200.30,611.79,0.7329,-1,-1,-1
761,88,1055.10,228.62,106.11,364.96,0.7626,-1,-1,-1
761,89,1056.22,229.45,105.33,363.79,0.7626,-1,-1,-1
761,91,969.24,257.40,122.27,350.11,0.8296,-1,-1,-1
761,79,844.95,172.11,134.47,529.99,0.8355,-1,-1,-1
761,92,1824.81,337.27,95.78,366.68,0.2449,-1,-1,-1
761,93,704.71,201.04,143.33,461.23,0.8251,-1,-1,-1
762,80,392.68,39.69,330.14,901.16,0.7495,-1,-1,-1
762,85,361.64,133.80,198.14,614.53,0.7186,-1,-1,-1
762,88,1061.33,229.51,101.41,365.98,0.7787,-1,-1,-1
762,89,1062.30,230.25,100.72,364.93,0.7787,-1,-1,-1
762,91,970.87,253.15,127.82,356.77,0.8052,-1,-1,-1
762,79,845.24,173.49,134.00,530.70,0.8350,-1,-1,-1
762,92,1826.34,349.35,93.64,360.67,0.3064,-1,-1,-1
762,93,706.01,202.21,144.23,445.05,0.8179,-1,-1,-1
763,80,361.80,37.88,350.43,910.41,0.6403,-1,-1,-1
763,85,349.07,136.76,191.79,614.13,0.7552,-1,-1,-1
763,88,1065.17,229.97,105.17,368.41,0.7904,-1,-1,-1
763,89,1065.98,230.63,104.61,367.48,0.7904,-1,-1,-1
763,91,974.47,251.36,134.77,360.53,0.8006,-1,-1,-1
763,79,847.80,173.39,133.31,528.16,0.8248,-1,-1,-1
763,92,1799.31,341.77,120.80,362.30,0.1581,-1,-1,-1
763,93,705.66,203.40,149.31,449.08,0.8339,-1,-1,-1
764,80,332.19,37.19,375.70,917.54,0.8509,-1,-1,-1
764,85,334.48,122.97,192.23,635.74,0.5569,-1,-1,-1
764,88,1071.14,228.67,102.90,373.81,0.7761,-1,-1,-1
764,89,1071.88,229.25,102.39,372.98,0.7761,-1,-1,-1
764,91,978.98,249.60,139.32,364.25,0.8012,-1,-1,-1
764,79,848.95,172.67,135.16,531.04,0.8134,-1,-1,-1
764,92,1796.22,340.34,123.76,354.28,0.1978,-1,-1,-1
764,93,709.80,204.97,148.53,450.88,0.8353,-1,-1,-1
765,80,318.32,35.35,389.84,925.63,0.8615,-1,-1,-1
765,88,1077.68,227.48,102.29,376.16,0.7164,-1,-1,-1
765,89,1078.32,228.00,101.85,375.41,0.7164,-1,-1,-1
765,91,983.42,249.91,142.80,368.64,0.7742,-1,-1,-1
765,79,850.63,169.39,140.35,525.00,0.8032,-1,-1,-1
765,92,1802.28,338.93,117.98,360.55,0.2325,-1,-1,-1
765,93,713.00,206.68,147.55,449.68,0.8440,-1,-1,-1
766,80,301.53,33.08,406.54,929.63,0.9033,-1,-1,-1
766,88,1082.43,227.75,103.08,379.74,0.6850,-1,-1,-1
766,89,1082.99,228.23,102.69,379.07,0.6850,-1,-1,-1
766,91,984.44,249.11,146.19,374.12,0.7988,-1,-1,-1
766,79,854.68,166.99,138.84,517.42,0.8125,-1,-1,-1
766,92,1809.36,343.19,110.60,370.08,0.1632,-1,-1,-1
766,93,715.82,208.83,145.86,446.61,0.8416,-1,-1,-1
766,94,644.62,272.02,87.21,334.60,0.6817,-1,-1,-1
767,80,284.22,30.78,421.68,935.64,0.9007,-1,-1,-1
767,88,1087.22,225.30,114.07,387.48,0.7386,-1,-1,-1
767,89,1087.71,225.72,113.76,386.89,0.7386,-1,-1,-1
767,91,980.17,249.05,159.12,379.09,0.8226,-1,-1,-1
767,79,855.20,163.38,140.05,514.99,0.8093,-1,-1,-1
767,93,717.38,209.53,144.50,442.88,0.8456,-1,-1,-1
767,94,635.07,271.69,96.65,340.31,0.7334,-1,-1,-1
768,80,265.42,29.45,435.31,940.79,0.9039,-1,-1,-1
768,88,1088.28,224.48,121.48,391.87,0.7687,-1,-1,-1
768,89,1088.74,224.87,121.18,391.33,0.7687,-1,-1,-1
768,91,978.41,250.19,171.26,380.67,0.8122,-1,-1,-1
768,79,856.44,159.72,138.86,515.86,0.8117,-1,-1,-1
768,93,719.68,207.72,141.04,441.35,0.8233,-1,-1,-1
768,94,630.41,268.93,103.44,341.82,0.7525,-1,-1,-1
769,80,243.03,29.39,448.81,949.48,0.9094,-1,-1,-1
769,88,1090.82,225.20,116.59,396.23,0.7572,-1,-1,-1
769,89,1091.25,225.54,116.29,395.76,0.7572,-1,-1,-1
769,91,976.15,251.15,182.36,385.14,0.8255,-1,-1,-1
769,79,853.68,157.99,142.84,518.21,0.8253,-1,-1,-1
769,93,720.68,207.47,138.24,440.03,0.8091,-1,-1,-1
769,94,627.59,266.41,106.54,347.36,0.7796,-1,-1,-1
770,80,219.73,25.03,459.10,961.66,0.8976,-1,-1,-1
770,88,1094.75,223.09,107.05,402.94,0.7136,-1,-1,-1
770,89,1095.12,223.40,106.78,402.51,0.7136,-1,-1,-1
770,91,975.60,249.93,187.31,389.76,0.8337,-1,-1,-1
770,79,851.45,155.07,147.19,520.49,0.8248,-1,-1,-1
770,93,722.61,205.23,135.08,439.52,0.8267,-1,-1,-1
770,94,626.00,264.66,107.44,346.17,0.7876,-1,-1,-1
771,80,197.72,13.80,459.80,982.16,0.8926,-1,-1,-1
771,88,1098.07,219.24,102.22,409.43,0.7146,-1,-1,-1
771,89,1098.38,219.52,102.00,409.05,0.7146,-1,-1,-1
771,91,974.41,244.77,189.78,396.18,0.8277,-1,-1,-1
771,79,846.30,151.97,151.89,521.08,0.8571,-1,-1,-1
771,93,720.39,198.15,133.61,443.18,0.8492,-1,-1,-1
771,94,624.04,256.12,108.63,348.09,0.7396,-1,-1,-1
772,80,175.87,9.75,460.18,985.40,0.8889,-1,-1,-1
772,88,1096.93,218.88,104.04,412.97,0.7856,-1,-1,-1
772,89,1097.19,219.13,103.87,412.62,0.7856,-1,-1,-1
772,91,968.18,244.39,193.80,402.57,0.8342,-1,-1,-1
772,79,843.72,152.50,151.84,523.53,0.8599,-1,-1,-1
772,93,721.48,200.86,131.59,440.63,0.8349,-1,-1,-1
772,94,618.19,257.81,113.42,351.73,0.7898,-1,-1,-1
773,80,156.27,9.75,446.20,955.64,0.8627,-1,-1,-1
773,88,1093.99,214.93,108.67,418.17,0.7978,-1,-1,-1
773,89,1094.22,215.16,108.51,417.86,0.7978,-1,-1,-1
773,91,963.44,241.15,196.99,407.83,0.8423,-1,-1,-1
773,79,841.35,153.48,147.31,523.34,0.8635,-1,-1,-1
773,93,720.74,199.82,127.15,438.94,0.8333,-1,-1,-1
773,94,614.80,258.05,113.42,351.72,0.8120,-1,-1,-1
774,80,140.97,3.95,413.71,947.92,0.8763,-1,-1,-1
774,88,1092.47,211.16,113.22,420.94,0.7753,-1,-1,-1
774,89,1092.68,211.37,113.08,420.66,0.7753,-1,-1,-1
774,91,960.99,234.95,198.32,413.16,0.8588,-1,-1,-1
774,79,837.03,150.33,144.44,528.37,0.8136,-1,-1,-1
774,93,715.65,193.01,126.63,440.63,0.8313,-1,-1,-1
774,94,609.91,255.04,113.94,350.11,0.7972,-1,-1,-1
774,95,428.30,65.22,195.06,753.46,0.5839,-1,-1,-1
775,80,128.75,1.90,377.06,950.29,0.8709,-1,-1,-1
775,88,1087.66,206.91,119.13,424.11,0.7980,-1,-1,-1
775,89,1087.85,207.09,119.00,423.86,0.7980,-1,-1,-1
775,91,958.63,229.40,200.03,415.84,0.8609,-1,-1,-1
775,79,831.10,150.90,135.48,526.34,0.7832,-1,-1,-1
775,93,710.44,189.23,130.14,442.89,0.8175,-1,-1,-1
775,94,606.39,249.98,114.83,357.39,0.7792,-1,-1,-1
775,95,404.23,56.26,215.79,772.34,0.7691,-1,-1,-1
776,80,110.38,0.70,355.81,960.35,0.8844,-1,-1,-1
776,88,1085.42,202.25,121.60,429.00,0.8109,-1,-1,-1
776,89,1085.60,202.41,121.48,428.78,0.8109,-1,-1,-1
776,91,955.53,225.16,199.05,420.12,0.8484,-1,-1,-1
776,79,820.87,151.18,137.97,528.00,0.7803,-1,-1,-1
776,93,701.57,188.64,134.48,442.90,0.8011,-1,-1,-1
776,94,600.23,247.91,114.75,359.56,0.7791,-1,-1,-1
776,95,381.30,47.64,236.96,782.46,0.7167,-1,-1,-1
777,80,92.78,1.82,344.04,959.60,0.8973,-1,-1,-1
777,88,1083.23,199.21,127.90,433.46,0.8340,-1,-1,-1
777,89,1083.39,199.36,127.80,433.27,0.8340,-1,-1,-1
777,91,953.25,222.58,194.53,424.72,0.8350,-1,-1,-1
777,79,813.85,152.63,140.99,528.22,0.8012,-1,-1,-1
777,93,692.77,191.64,137.29,441.59,0.7900,-1,-1,-1
777,94,592.47,247.01,114.07,365.62,0.7136,-1,-1,-1
777,95,352.46,41.98,260.06,798.86,0.7781,-1,-1,-1
778,80,74.66,2.81,332.00,974.28,0.8957,-1,-1,-1
778,88,1082.14,193.01,129.85,441.64,0.8308,-1,-1,-1
778,89,1082.28,193.14,129.75,441.46,0.8308,-1,-1,-1
778,91,950.30,220.26,188.54,427.89,0.8405,-1,-1,-1
778,79,810.65,153.29,140.68,527.88,0.8063,-1,-1,-1
778,93,682.49,191.30,137.61,446.30,0.7416,-1,-1,-1
778,94,586.10,246.44,111.05,363.64,0.7241,-1,-1,-1
778,95,331.01,36.92,279.32,826.92,0.8288,-1,-1,-1
779,80,51.48,2.40,328.41,995.64,0.8965,-1,-1,-1
779,88,1079.95,193.55,127.10,442.12,0.8096,-1,-1,-1
779,89,1080.09,193.67,127.01,441.96,0.8096,-1,-1,-1
779,91,951.27,216.49,179.07,434.20,0.8367,-1,-1,-1
779,79,801.08,155.09,143.91,523.56,0.7424,-1,-1,-1
779,93,673.22,191.78,138.00,441.01,0.7598,-1,-1,-1
779,94,573.89,244.71,116.69,365.91,0.7650,-1,-1,-1
779,95,324.03,32.11,280.87,855.87,0.8166,-1,-1,-1
780,80,25.96,2.02,327.43,999.12,0.9101,-1,-1,-1
780,88,1076.37,192.58,129.02,447.61,0.8101,-1,-1,-1
780,89,1076.48,192.69,128.94,447.48,0.8101,-1,-1,-1
780,91,949.56,214.10,173.08,437.99,0.8449,-1,-1,-1
780,79,791.67,155.20,146.07,528.34,0.8079,-1,-1,-1
780,93,664.27,190.25,140.51,447.17,0.7399,-1,-1,-1
780,94,566.78,243.88,115.75,362.29,0.6802,-1,-1,-1
780,95,315.50,26.89,281.83,881.82,0.8464,-1,-1,-1
781,80,1.39,3.68,327.04,1005.27,0.9110,-1,-1,-1
781,88,1074.55,191.15,135.44,454.22,0.8180,-1,-1,-1
781,89,1074.65,191.24,135.38,454.10,0.8180,-1,-1,-1
781,91,950.36,212.37,166.58,445.10,0.8393,-1,-1,-1
781,79,789.68,153.69,143.94,530.88,0.8177,-1,-1,-1
781,93,672.66,190.28,127.70,446.70,0.6140,-1,-1,-1
781,94,564.59,243.08,108.69,360.10,0.6032,-1,-1,-1
781,95,303.73,20.43,291.94,893.19,0.8435,-1,-1,-1
782,80,-6.16,5.28,310.31,1005.06,0.9090,-1,-1,-1
782,88,1072.64,189.29,145.16,458.65,0.8124,-1,-1,-1
782,89,1072.74,189.37,145.10,458.54,0.8124,-1,-1,-1
782,91,950.36,209.65,164.26,453.32,0.8712,-1,-1,-1
782,79,786.10,156.49,145.61,526.64,0.8169,-1,-1,-1
782,93,673.92,191.06,126.54,444.98,0.6773,-1,-1,-1
782,94,556.84,242.32,109.20,377.10,0.6248,-1,-1,-1
782,95,282.57,12.09,314.24,912.95,0.8664,-1,-1,-1
783,80,-7.20,4.96,285.49,1011.06,0.9017,-1,-1,-1
783,88,1071.15,189.51,150.73,460.17,0.8294,-1,-1,-1
783,89,1071.24,189.59,150.67,460.08,0.8294,-1,-1,-1
783,91,950.29,209.00,163.97,460.23,0.8781,-1,-1,-1
783,79,779.34,156.55,151.24,523.86,0.8087,-1,-1,-1
783,93,673.96,194.83,124.32,443.56,0.6679,-1,-1,-1
783,94,541.97,242.32,118.25,383.37,0.6260,-1,-1,-1
783,95,249.93,3.10,345.30,939.35,0.8585,-1,-1,-1
784,80,-6.41,5.89,262.68,1012.52,0.9015,-1,-1,-1
784,88,1069.76,189.25,155.37,466.29,0.8240,-1,-1,-1
784,89,1069.84,189.31,155.32,466.21,0.8240,-1,-1,-1
784,91,949.80,206.99,164.28,467.19,0.8679,-1,-1,-1
784,79,782.05,155.69,143.96,523.18,0.7934,-1,-1,-1
784,93,677.49,196.58,119.56,441.72,0.7079,-1,-1,-1
784,94,541.76,241.94,113.35,386.58,0.5874,-1,-1,-1
784,95,230.08,-0.16,361.64,963.71,0.8618,-1,-1,-1
785,80,-4.38,7.95,240.38,1015.55,0.8981,-1,-1,-1
785,88,1071.48,186.02,156.96,475.78,0.8281,-1,-1,-1
785,89,1071.55,186.08,156.91,475.70,0.8281,-1,-1,-1
785,91,948.42,205.35,165.85,471.78,0.8451,-1,-1,-1
785,79,784.16,150.78,139.45,525.84,0.7901,-1,-1,-1
785,93,681.66,196.09,115.12,440.52,0.7289,-1,-1,-1
785,94,537.57,238.90,117.43,389.35,0.6673,-1,-1,-1
785,95,216.43,-0.89,361.93,978.67,0.8931,-1,-1,-1
786,80,-2.87,8.01,222.58,1017.73,0.8743,-1,-1,-1
786,88,1072.91,181.87,160.40,487.07,0.8265,-1,-1,-1
786,89,1072.97,181.92,160.35,487.00,0.8265,-1,-1,-1
786,91,949.14,203.14,166.69,482.11,0.8299,-1,-1,-1
786,79,784.93,147.99,139.64,524.52,0.8158,-1,-1,-1
786,93,682.69,196.27,114.05,440.21,0.7289,-1,-1,-1
786,94,514.23,233.78,127.07,395.72,0.6942,-1,-1,-1
786,95,204.80,-2.14,362.55,990.78,0.8784,-1,-1,-1
786,96,618.50,244.61,89.44,368.11,0.6326,-1,-1,-1
787,80,-2.10,27.41,203.12,1002.15,0.8780,-1,-1,-1
787,88,1077.19,178.57,163.59,495.15,0.8363,-1,-1,-1
787,89,1077.25,178.61,163.55,495.09,0.8363,-1,-1,-1
787,91,949.63,205.13,169.95,488.69,0.8344,-1,-1,-1
787,79,789.68,145.56,136.54,525.93,0.8248,-1,-1,-1
787,93,683.44,195.42,113.25,440.83,0.7787,-1,-1,-1
787,94,521.13,234.61,118.92,393.28,0.6558,-1,-1,-1
787,95,194.50,-2.31,367.75,1001.91,0.8835,-1,-1,-1
787,96,616.72,248.57,91.42,367.53,0.6549,-1,-1,-1
788,80,-1.42,50.01,187.42,986.53,0.8716,-1,-1,-1
788,88,1081.38,178.97,167.13,501.68,0.8461,-1,-1,-1
788,89,1081.43,179.02,167.09,501.63,0.8461,-1,-1,-1
788,91,950.37,208.34,175.92,492.51,0.8562,-1,-1,-1
788,79,792.69,146.80,136.31,524.12,0.8244,-1,-1,-1
788,93,683.73,193.11,112.83,441.33,0.7532,-1,-1,-1
788,94,520.60,235.63,112.71,397.55,0.6462,-1,-1,-1
788,95,182.23,-0.84,371.89,1004.90,0.8982,-1,-1,-1
788,96,609.21,251.39,99.02,370.32,0.7317,-1,-1,-1
788,97,1855.74,268.31,64.74,464.98,0.4960,-1,-1,-1
789,80,-0.52,76.74,176.31,971.70,0.8653,-1,-1,-1
789,88,1081.94,174.97,165.44,510.37,0.8341,-1,-1,-1
789,89,1081.99,175.00,165.41,510.33,0.8341,-1,-1,-1
789,91,945.19,210.78,186.43,498.32,0.8386,-1,-1,-1
789,79,794.30,151.28,133.91,518.92,0.8368,-1,-1,-1
789,93,683.99,194.20,119.33,446.65,0.7680,-1,-1,-1
789,94,518.98,234.69,104.68,401.80,0.6089,-1,-1,-1
789,95,170.41,-0.84,376.44,1013.92,0.9007,-1,-1,-1
789,96,605.15,249.02,104.08,379.34,0.7483,-1,-1,-1
789,97,1846.49,280.23,74.35,472.00,0.4286,-1,-1,-1
790,80,0.26,94.80,159.01,963.64,0.8349,-1,-1,-1
790,88,1084.82,170.80,166.59,515.93,0.8420,-1,-1,-1
790,89,1084.86,170.83,166.57,515.88,0.8420,-1,-1,-1
790,91,939.34,204.31,204.39,509.06,0.7913,-1,-1,-1
790,79,796.55,150.65,134.47,519.01,0.8472,-1,-1,-1
790,93,689.99,188.84,120.49,448.51,0.7496,-1,-1,-1
790,94,518.61,232.94,102.68,402.07,0.5648,-1,-1,-1
790,95,161.29,-1.37,385.73,1025.54,0.8938,-1,-1,-1
790,96,605.21,248.86,107.08,384.18,0.7294,-1,-1,-1
790,97,1841.16,316.72,80.63,417.56,0.4097,-1,-1,-1
791,80,0.56,105.77,142.33,958.61,0.8023,-1,-1,-1
791,88,1092.15,169.74,171.54,519.58,0.7855,-1,-1,-1
791,89,1092.19,169.77,171.52,519.54,0.7855,-1,-1,-1
791,91,957.54,200.92,198.12,521.97,0.8013,-1,-1,-1
791,79,802.56,152.14,133.56,521.41,0.8244,-1,-1,-1
791,93,693.64,194.50,125.78,444.59,0.7751,-1,-1,-1
791,94,517.89,232.83,109.66,409.81,0.6060,-1,-1,-1
791,95,149.28,-0.21,397.98,1037.69,0.8914,-1,-1,-1
791,96,606.66,250.57,111.10,387.21,0.7471,-1,-1,-1
791,97,1841.33,359.43,80.87,368.25,0.5013,-1,-1,-1
792,80,0.76,121.73,124.37,948.19,0.5295,-1,-1,-1
792,88,1102.49,167.75,171.76,508.52,0.7373,-1,-1,-1
792,89,1102.52,167.77,171.74,508.49,0.7373,-1,-1,-1
792,91,967.48,199.12,203.80,527.47,0.8236,-1,-1,-1
792,79,810.13,155.25,131.60,519.85,0.8028,-1,-1,-1
792,93,698.70,197.88,128.03,447.69,0.8059,-1,-1,-1
792,94,517.73,235.52,113.11,412.76,0.6417,-1,-1,-1
792,95,141.09,1.80,424.65,1047.35,0.8589,-1,-1,-1
792,96,612.97,252.21,110.63,390.81,0.7981,-1,-1,-1
792,97,1839.58,393.47,82.69,321.97,0.2535,-1,-1,-1
793,80,1.57,383.04,103.04,686.71,0.5706,-1,-1,-1
793,88,1115.60,165.56,166.30,522.28,0.8171,-1,-1,-1
793,89,1115.63,165.58,166.27,522.25,0.8171,-1,-1,-1
793,91,972.21,194.51,212.55,534.33,0.8462,-1,-1,-1
793,79,817.62,153.60,134.55,524.19,0.8002,-1,-1,-1
793,93,704.57,195.53,129.14,449.41,0.8049,-1,-1,-1
793,94,520.45,234.36,112.14,404.44,0.5566,-1,-1,-1
793,95,123.55,2.12,458.43,1055.72,0.8893,-1,-1,-1
793,96,617.46,252.28,114.14,394.23,0.7889,-1,-1,-1
793,97,1842.20,404.39,80.93,332.51,0.3912,-1,-1,-1
793,98,0.55,139.00,50.85,433.12,0.5687,-1,-1,-1
794,80,1.76,457.05,90.69,599.98,0.5624,-1,-1,-1
794,88,1124.89,161.09,165.99,534.94,0.8550,-1,-1,-1
794,89,1124.91,161.11,165.98,534.91,0.8550,-1,-1,-1
794,91,980.73,189.05,222.48,544.40,0.8459,-1,-1,-1
794,79,822.19,155.07,139.26,526.68,0.7787,-1,-1,-1
794,93,712.26,196.25,129.25,446.02,0.7988,-1,-1,-1
794,94,524.75,233.29,113.59,411.50,0.6189,-1,-1,-1
794,95,107.34,2.41,483.80,1071.37,0.9024,-1,-1,-1
794,96,618.37,254.17,123.21,395.99,0.7143,-1,-1,-1
794,98,0.79,155.73,41.32,411.50,0.3684,-1,-1,-1
795,80,1.55,538.29,83.06,514.75,0.4805,-1,-1,-1
795,88,1138.45,157.28,165.46,539.80,0.8199,-1,-1,-1
795,89,1138.48,157.30,165.44,539.78,0.8199,-1,-1,-1
795,91,988.72,180.55,230.71,560.20,0.8167,-1,-1,-1
795,79,837.11,158.21,135.88,527.90,0.8234,-1,-1,-1
795,93,724.53,197.73,127.56,449.52,0.7716,-1,-1,-1
795,94,528.07,235.69,109.75,415.05,0.6669,-1,-1,-1
795,95,89.71,2.60,507.14,1074.99,0.9213,-1,-1,-1
795,96,619.49,256.78,129.05,397.32,0.7390,-1,-1,-1
795,98,0.43,176.88,30.56,397.12,0.3066,-1,-1,-1
796,80,1.43,559.04,77.32,483.43,0.5384,-1,-1,-1
796,88,1151.19,159.45,164.15,555.18,0.8438,-1,-1,-1
796,89,1151.21,159.47,164.13,555.16,0.8438,-1,-1,-1
796,91,995.38,180.71,237.54,563.16,0.8531,-1,-1,-1
796,79,847.05,161.70,137.13,529.64,0.8365,-1,-1,-1
796,93,733.42,201.41,130.55,451.56,0.8061,-1,-1,-1
796,94,533.37,237.51,114.98,389.85,0.5599,-1,-1,-1
796,95,68.59,2.70,532.93,1075.41,0.9201,-1,-1,-1
796,96,630.90,257.43,120.89,401.91,0.7112,-1,-1,-1
797,80,0.60,568.58,71.87,490.83,0.1611,-1,-1,-1
797,88,1166.88,161.09,158.42,576.91,0.8542,-1,-1,-1
797,89,1166.90,161.11,158.41,576.89,0.8542,-1,-1,-1
797,91,1000.61,181.39,247.81,572.44,0.8470,-1,-1,-1
797,79,856.56,168.95,132.71,527.09,0.8140,-1,-1,-1
797,93,743.01,207.24,132.72,451.83,0.7889,-1,-1,-1
797,94,534.51,240.16,117.84,361.56,0.5608,-1,-1,-1
797,95,44.41,3.87,561.21,1073.65,0.9131,-1,-1,-1
797,96,625.00,260.36,133.56,407.00,0.7170,-1,-1,-1
798,88,1177.70,162.94,160.58,593.95,0.8343,-1,-1,-1
798,89,1177.72,162.95,160.57,593.93,0.8343,-1,-1,-1
798,91,1001.36,183.38,259.45,586.90,0.8451,-1,-1,-1
798,79,862.98,172.90,131.43,528.98,0.8025,-1,-1,-1
798,93,749.42,212.02,132.18,446.70,0.8196,-1,-1,-1
798,94,535.78,243.60,118.29,337.17,0.5451,-1,-1,-1
798,95,18.59,4.39,597.43,1068.16,0.9107,-1,-1,-1
798,96,630.17,261.72,133.99,411.66,0.7291,-1,-1,-1
799,88,1187.89,164.19,159.83,610.97,0.8224,-1,-1,-1
799,89,1187.90,164.20,159.82,610.95,0.8224,-1,-1,-1
799,91,1001.60,184.97,268.48,603.92,0.8558,-1,-1,-1
799,79,865.20,178.15,136.11,527.69,0.7983,-1,-1,-1
799,93,751.59,215.60,133.70,446.68,0.8061,-1,-1,-1
799,94,536.02,246.28,123.43,346.58,0.5394,-1,-1,-1
799,95,1.40,3.47,625.77,1066.57,0.9041,-1,-1,-1
799,96,638.09,262.89,128.90,414.38,0.7689,-1,-1,-1
800,88,1196.36,165.50,160.89,618.95,0.8053,-1,-1,-1
800,89,1196.38,165.51,160.89,618.94,0.8053,-1,-1,-1
800,91,1007.40,186.54,271.11,620.22,0.8320,-1,-1,-1
800,79,870.36,183.12,134.01,527.03,0.7831,-1,-1,-1
800,93,757.52,222.35,132.52,443.25,0.8025,-1,-1,-1
800,94,535.59,248.97,128.35,354.39,0.4936,-1,-1,-1
800,95,-4.05,1.77,639.59,1061.45,0.9076,-1,-1,-1
800,96,642.28,264.27,125.51,417.73,0.7709,-1,-1,-1
801,88,1203.88,165.00,160.74,628.52,0.8161,-1,-1,-1
801,89,1203.89,165.01,160.74,628.51,0.8161,-1,-1,-1
801,91,1009.96,188.54,277.78,631.69,0.8488,-1,-1,-1
801,79,872.89,190.39,131.25,525.81,0.7762,-1,-1,-1
801,93,762.75,227.92,128.69,441.52,0.8329,-1,-1,-1
801,94,531.43,250.76,136.28,351.85,0.4642,-1,-1,-1
801,95,-6.96,1.68,644.33,1064.69,0.9127,-1,-1,-1
801,96,643.24,266.72,125.15,419.80,0.7917,-1,-1,-1
802,88,1210.30,165.32,164.66,640.45,0.8241,-1,-1,-1
802,89,1210.30,165.32,164.65,640.44,0.8241,-1,-1,-1
802,91,1006.68,191.61,292.86,641.23,0.8425,-1,-1,-1
802,79,882.38,191.32,131.88,526.60,0.8149,-1,-1,-1
802,93,772.86,230.75,118.99,437.95,0.8249,-1,-1,-1
802,94,532.17,252.91,138.20,354.51,0.4758,-1,-1,-1
802,95,-6.45,1.26,655.21,1074.20,0.8967,-1,-1,-1
802,96,643.94,267.61,125.81,421.36,0.7840,-1,-1,-1
803,88,1219.75,161.26,169.58,655.21,0.8483,-1,-1,-1
803,89,1219.76,161.27,169.57,655.20,0.8483,-1,-1,-1
803,91,1004.52,192.16,306.11,651.84,0.8562,-1,-1,-1
803,79,888.10,191.67,133.82,531.74,0.8157,-1,-1,-1
803,93,781.50,233.32,113.16,436.80,0.8209,-1,-1,-1
803,94,532.79,252.88,138.15,343.03,0.6081,-1,-1,-1
803,95,-6.99,0.70,658.83,1076.42,0.8458,-1,-1,-1
803,96,643.89,268.57,126.85,427.88,0.7782,-1,-1,-1
803,87,403.86,106.30,231.14,708.79,0.4070,-1,-1,-1
804,88,1233.12,162.35,170.65,659.93,0.8440,-1,-1,-1
804,89,1233.13,162.36,170.65,659.92,0.8440,-1,-1,-1
804,91,999.00,190.82,320.28,675.17,0.8704,-1,-1,-1
804,79,890.49,190.66,137.63,534.61,0.8472,-1,-1,-1
804,93,786.72,230.00,113.34,436.24,0.8376,-1,-1,-1
804,94,531.53,253.74,136.62,345.94,0.4902,-1,-1,-1
804,95,-7.30,0.75,640.03,1079.98,0.6960,-1,-1,-1
804,96,642.44,269.54,129.99,431.01,0.7673,-1,-1,-1
804,87,396.68,87.86,231.35,728.94,0.5126,-1,-1,-1
805,88,1240.61,158.61,184.23,664.57,0.8532,-1,-1,-1
805,89,1240.61,158.62,184.22,664.56,0.8532,-1,-1,-1
805,91,1000.48,188.40,328.54,688.29,0.8709,-1,-1,-1
805,79,894.30,188.84,137.57,537.50,0.8338,-1,-1,-1
805,93,790.40,228.62,113.11,437.21,0.8298,-1,-1,-1
805,94,527.92,253.30,142.52,325.65,0.5691,-1,-1,-1
805,95,-7.80,0.84,507.39,1075.80,0.6325,-1,-1,-1
805,96,644.90,269.64,131.39,438.56,0.8043,-1,-1,-1
805,87,387.52,43.37,231.90,781.76,0.6831,-1,-1,-1
806,88,1248.58,152.67,193.94,673.97,0.8648,-1,-1,-1
806,89,1248.58,152.67,193.94,673.96,0.8648,-1,-1,-1
806,91,1006.15,181.21,330.96,705.41,0.8763,-1,-1,-1
806,79,901.23,185.84,133.08,538.38,0.8121,-1,-1,-1
806,93,794.10,226.22,112.88,441.58,0.7980,-1,-1,-1
806,94,525.13,251.42,146.65,314.75,0.6712,-1,-1,-1
806,95,-5.99,-1.03,563.75,1075.69,0.7616,-1,-1,-1
806,96,647.22,268.95,130.15,443.16,0.8318,-1,-1,-1
806,87,373.12,28.69,225.36,806.81,0.4080,-1,-1,-1
807,88,1257.07,144.62,204.21,687.33,0.8718,-1,-1,-1
807,89,1257.08,144.62,204.20,687.32,0.8718,-1,-1,-1
807,91,1017.88,174.68,326.11,718.13,0.8726,-1,-1,-1
807,79,904.58,183.46,133.42,539.55,0.8235,-1,-1,-1
807,93,797.62,225.96,112.89,448.07,0.8085,-1,-1,-1
807,94,518.74,247.98,153.52,317.87,0.6206,-1,-1,-1
807,95,-6.19,-1.03,568.11,1074.97,0.8729,-1,-1,-1
807,96,648.25,268.35,131.87,447.74,0.8278,-1,-1,-1
807,87,354.70,33.03,223.65,816.76,0.2363,-1,-1,-1
808,88,1266.59,137.39,215.39,701.92,0.8791,-1,-1,-1
808,89,1266.60,137.39,215.39,701.91,0.8791,-1,-1,-1
808,91,1027.47,168.19,324.90,732.70,0.8951,-1,-1,-1
808,79,908.23,184.66,129.14,531.37,0.7929,-1,-1,-1
808,93,801.89,223.70,114.95,450.63,0.8073,-1,-1,-1
808,94,508.13,244.69,167.78,331.63,0.6435,-1,-1,-1
808,95,-5.16,-0.75,556.31,1074.43,0.9095,-1,-1,-1
808,96,651.36,268.05,133.10,451.34,0.8315,-1,-1,-1
809,88,1276.21,127.68,223.12,714.96,0.8593,-1,-1,-1
809,89,1276.22,127.68,223.12,714.96,0.8593,-1,-1,-1
809,91,1036.34,159.25,324.16,744.39,0.8924,-1,-1,-1
809,79,910.70,181.56,132.05,524.73,0.8241,-1,-1,-1
809,93,803.45,220.77,115.34,447.35,0.8091,-1,-1,-1
809,94,504.42,238.51,177.13,364.63,0.6302,-1,-1,-1
809,95,-4.27,-0.13,527.95,1070.18,0.9245,-1,-1,-1
809,96,649.89,265.32,137.12,455.44,0.8060,-1,-1,-1
810,88,1282.94,118.89,235.09,731.01,0.8829,-1,-1,-1
810,89,1282.94,118.89,235.09,731.01,0.8829,-1,-1,-1
810,91,1047.44,147.91,321.47,761.99,0.8915,-1,-1,-1
810,79,910.99,180.33,137.65,526.12,0.7969,-1,-1,-1
810,93,805.47,219.72,116.86,448.49,0.8101,-1,-1,-1
810,94,500.58,234.75,180.37,455.38,0.7274,-1,-1,-1
810,95,-3.89,1.53,494.58,1067.86,0.8876,-1,-1,-1
810,96,650.43,264.17,137.99,463.64,0.8276,-1,-1,-1
810,101,757.02,265.66,69.24,285.29,0.4890,-1,-1,-1
811,88,1289.49,116.51,243.69,746.62,0.9014,-1,-1,-1
811,89,1289.50,116.51,243.69,746.62,0.9014,-1,-1,-1
811,91,1057.50,144.30,319.44,773.88,0.8862,-1,-1,-1
811,79,912.11,183.00,138.33,521.17,0.7955,-1,-1,-1
811,93,806.06,222.25,116.89,446.52,0.8242,-1,-1,-1
811,94,500.57,234.28,171.66,495.14,0.8200,-1,-1,-1
811,95,-1.87,3.91,443.12,1065.95,0.9158,-1,-1,-1
811,96,649.22,267.23,137.88,464.89,0.8605,-1,-1,-1
811,101,762.31,265.05,61.87,288.55,0.1528,-1,-1,-1
811,102,396.20,201.59,122.86,482.25,0.5773,-1,-1,-1
812,88,1297.30,110.40,253.34,770.32,0.8952,-1,-1,-1
812,89,1297.31,110.40,253.34,770.32,0.8952,-1,-1,-1
812,91,1066.94,136.17,316.13,786.94,0.8709,-1,-1,-1
812,79,911.35,179.20,140.19,524.71,0.7912,-1,-1,-1
812,93,803.96,219.13,115.70,446.80,0.8000,-1,-1,-1
812,94,498.18,228.73,171.51,518.02,0.8193,-1,-1,-1
812,95,-1.55,0.72,396.10,1069.89,0.8383,-1,-1,-1
812,96,648.62,263.73,139.49,469.49,0.8225,-1,-1,-1
812,101,759.76,263.50,62.74,285.72,0.4039,-1,-1,-1
812,102,358.49,115.41,155.93,677.48,0.7698,-1,-1,-1
813,88,1303.56,105.64,261.00,797.40,0.8927,-1,-1,-1
813,89,1303.56,105.65,261.00,797.39,0.8927,-1,-1,-1
813,91,1074.86,126.92,314.19,799.28,0.8736,-1,-1,-1
813,79,911.80,175.46,140.13,524.67,0.8094,-1,-1,-1
813,93,800.59,217.35,116.56,447.59,0.8014,-1,-1,-1
813,94,496.62,221.52,168.86,533.40,0.8091,-1,-1,-1
813,95,-1.50,0.31,355.34,1064.35,0.6383,-1,-1,-1
813,96,639.51,260.17,150.55,477.74,0.7834,-1,-1,-1
813,101,758.53,259.65,62.93,286.21,0.1945,-1,-1,-1
813,102,310.58,72.59,200.57,787.37,0.8575,-1,-1,-1
814,88,1311.37,100.24,265.21,819.01,0.8865,-1,-1,-1
814,89,1311.37,100.24,265.21,819.01,0.8865,-1,-1,-1
814,91,1086.48,111.22,310.32,834.60,0.8696,-1,-1,-1
814,79,909.95,173.36,142.85,524.79,0.7995,-1,-1,-1
814,93,796.41,216.83,119.81,448.05,0.8032,-1,-1,-1
814,94,494.10,217.06,167.29,543.09,0.8188,-1,-1,-1
814,95,-1.20,0.12,341.26,1058.17,0.7494,-1,-1,-1
814,96,626.17,256.79,165.38,483.73,0.7931,-1,-1,-1
814,101,754.96,259.55,58.17,270.83,0.2535,-1,-1,-1
814,102,265.80,48.26,240.45,845.59,0.8844,-1,-1,-1
815,88,1320.30,99.68,270.60,823.58,0.8686,-1,-1,-1
815,89,1320.30,99.68,270.60,823.58,0.8686,-1,-1,-1
815,91,1101.77,105.36,305.26,870.81,0.8695,-1,-1,-1
815,79,909.55,173.58,142.68,527.32,0.7994,-1,-1,-1
815,93,794.22,217.66,121.19,449.03,0.7973,-1,-1,-1
815,94,491.34,215.71,166.46,551.00,0.8127,-1,-1,-1
815,95,-1.13,3.28,266.07,1057.47,0.3471,-1,-1,-1
815,96,625.26,254.48,167.84,490.66,0.7753,-1,-1,-1
815,101,752.87,260.12,57.17,267.53,0.2696,-1,-1,-1
815,102,229.60,35.17,270.43,873.16,0.8864,-1,-1,-1
816,88,1323.41,97.87,278.14,836.40,0.8635,-1,-1,-1
816,89,1323.41,97.87,278.14,836.39,0.8635,-1,-1,-1
816,91,1112.47,106.08,297.81,897.98,0.8698,-1,-1,-1
816,79,908.80,175.62,142.32,528.36,0.8123,-1,-1,-1
816,93,788.38,220.34,126.76,449.92,0.8059,-1,-1,-1
816,94,484.09,217.32,168.03,555.49,0.8394,-1,-1,-1
816,96,625.90,252.45,166.62,495.42,0.7763,-1,-1,-1
816,101,751.24,260.14,57.61,268.09,0.2418,-1,-1,-1
816,102,210.24,26.51,283.52,886.49,0.8954,-1,-1,-1
816,103,1053.39,318.15,73.02,245.08,0.5719,-1,-1,-1
817,88,1328.88,94.37,287.07,868.00,0.8665,-1,-1,-1
817,89,1328.88,94.37,287.07,868.00,0.8665,-1,-1,-1
817,91,1117.93,106.97,299.33,931.73,0.8778,-1,-1,-1
817,79,908.74,176.86,143.12,527.67,0.8213,-1,-1,-1
817,93,782.93,223.10,130.03,449.17,0.8148,-1,-1,-1
817,94,473.18,216.60,173.77,560.10,0.8512,-1,-1,-1
817,96,629.16,249.67,160.20,500.66,0.7745,-1,-1,-1
817,101,749.18,260.00,57.26,274.78,0.2189,-1,-1,-1
817,102,195.99,22.09,294.45,895.77,0.8957,-1,-1,-1
817,103,1054.92,308.40,76.35,256.03,0.5906,-1,-1,-1
818,88,1332.09,88.78,296.79,892.13,0.8674,-1,-1,-1
818,89,1332.09,88.78,296.79,892.13,0.8674,-1,-1,-1
818,91,1120.88,105.93,304.56,938.46,0.8849,-1,-1,-1
818,79,909.29,179.88,140.64,528.85,0.8164,-1,-1,-1
818,93,779.75,226.32,129.86,445.69,0.8471,-1,-1,-1
818,94,459.06,217.45,184.56,566.58,0.8724,-1,-1,-1
818,96,624.63,248.51,162.48,504.76,0.8079,-1,-1,-1
818,102,184.38,18.68,302.42,920.37,0.8934,-1,-1,-1
818,103,1051.26,305.73,84.20,259.39,0.6076,-1,-1,-1
819,88,1333.71,79.75,308.28,919.36,0.8669,-1,-1,-1
819,89,1333.71,79.75,308.28,919.36,0.8669,-1,-1,-1
819,91,1123.73,105.21,310.80,950.82,0.8785,-1,-1,-1
819,79,906.16,180.80,137.16,532.79,0.8110,-1,-1,-1
819,93,774.89,226.89,131.93,444.49,0.8614,-1,-1,-1
819,94,443.89,216.28,193.38,571.34,0.8664,-1,-1,-1
819,96,617.90,247.77,163.04,513.01,0.7942,-1,-1,-1
819,102,170.50,12.99,309.93,953.25,0.8984,-1,-1,-1
819,103,1048.22,304.42,90.37,261.38,0.5713,-1,-1,-1
820,88,1334.94,68.56,319.15,940.64,0.8613,-1,-1,-1
820,89,1334.94,68.56,319.14,940.64,0.8613,-1,-1,-1
820,91,1129.82,102.95,315.91,972.73,0.8766,-1,-1,-1
820,79,905.00,181.28,136.56,536.16,0.8084,-1,-1,-1
820,93,768.46,226.62,136.81,442.56,0.8552,-1,-1,-1
820,94,430.79,215.33,202.15,576.52,0.8549,-1,-1,-1
820,96,614.81,242.62,167.94,521.99,0.8117,-1,-1,-1
820,102,158.07,7.05,315.12,987.86,0.9026,-1,-1,-1
820,103,1049.18,304.44,96.53,261.30,0.5500,-1,-1,-1
821,88,1342.76,53.43,323.42,954.02,0.8476,-1,-1,-1
821,89,1342.76,53.44,323.42,954.02,0.8476,-1,-1,-1
821,91,1134.76,97.31,326.37,984.62,0.8892,-1,-1,-1
821,79,905.28,180.89,137.01,539.16,0.8037,-1,-1,-1
821,93,761.37,225.04,142.10,443.99,0.8540,-1,-1,-1
821,94,422.79,214.70,207.83,583.79,0.8218,-1,-1,-1
821,96,613.05,240.36,174.75,528.14,0.8454,-1,-1,-1
821,102,147.72,3.02,322.52,1011.04,0.8985,-1,-1,-1
821,103,1052.85,302.46,98.81,263.44,0.5683,-1,-1,-1
822,88,1355.96,37.54,318.23,970.82,0.8755,-1,-1,-1
822,89,1355.96,37.54,318.23,970.82,0.8755,-1,-1,-1
822,91,1140.87,83.40,338.65,1001.60,0.8873,-1,-1,-1
822,79,904.97,180.15,137.83,538.24,0.8125,-1,-1,-1
822,93,758.51,221.86,146.20,447.70,0.8418,-1,-1,-1
822,94,412.16,212.69,214.03,595.10,0.7860,-1,-1,-1
822,96,606.52,235.85,183.28,533.69,0.8639,-1,-1,-1
822,102,136.12,0.63,326.05,1026.06,0.9046,-1,-1,-1
822,103,1050.32,301.74,103.21,263.45,0.6551,-1,-1,-1
823,88,1371.65,13.93,310.79,967.90,0.8764,-1,-1,-1
823,89,1371.65,13.93,310.79,967.90,0.8764,-1,-1,-1
823,91,1146.83,64.36,352.40,1019.75,0.8847,-1,-1,-1
823,79,905.06,179.14,139.56,536.26,0.8215,-1,-1,-1
823,93,755.16,216.12,148.77,452.82,0.8346,-1,-1,-1
823,94,407.05,210.18,215.93,605.04,0.8205,-1,-1,-1
823,96,604.01,231.67,186.93,541.87,0.8698,-1,-1,-1
823,102,124.49,-4.13,330.14,1045.27,0.9097,-1,-1,-1
823,103,1049.18,300.83,105.54,263.78,0.6929,-1,-1,-1
824,88,1387.13,1.80,305.72,977.55,0.8887,-1,-1,-1
824,89,1387.13,1.80,305.72,977.54,0.8887,-1,-1,-1
824,91,1148.15,44.87,366.29,1038.18,0.8800,-1,-1,-1
824,79,905.64,178.00,141.96,536.32,0.8138,-1,-1,-1
824,93,752.06,211.99,152.83,455.80,0.8344,-1,-1,-1
824,94,404.95,206.04,215.63,613.88,0.8358,-1,-1,-1
824,96,601.59,228.00,188.61,552.30,0.8524,-1,-1,-1
824,102,112.17,-7.41,335.59,1068.13,0.9031,-1,-1,-1
824,103,1051.54,300.22,104.93,264.44,0.6946,-1,-1,-1
825,88,1407.06,-3.12,295.38,1011.79,0.8786,-1,-1,-1
825,89,1407.06,-3.11,295.38,1011.79,0.8786,-1,-1,-1
825,91,1145.53,26.37,391.26,1056.42,0.8809,-1,-1,-1
825,79,907.52,180.21,146.83,533.77,0.8198,-1,-1,-1
825,93,748.33,209.07,159.32,455.55,0.8214,-1,-1,-1
825,94,401.44,202.73,216.02,621.32,0.8374,-1,-1,-1
825,96,599.15,226.46,190.14,568.31,0.8474,-1,-1,-1
825,102,96.26,-7.93,343.97,1070.01,0.8822,-1,-1,-1
825,103,1055.00,299.99,103.02,264.87,0.6616,-1,-1,-1
826,88,1424.51,-4.07,286.27,1049.12,0.8552,-1,-1,-1
826,89,1424.51,-4.07,286.26,1049.12,0.8552,-1,-1,-1
826,91,1139.55,11.38,428.68,1071.04,0.8883,-1,-1,-1
826,79,910.03,176.74,145.52,537.87,0.8175,-1,-1,-1
826,93,747.56,208.11,160.84,455.16,0.8248,-1,-1,-1
826,94,397.17,200.13,218.27,629.82,0.7980,-1,-1,-1
826,96,596.65,226.68,193.31,583.04,0.8608,-1,-1,-1
826,102,81.70,-7.46,351.53,1060.19,0.8825,-1,-1,-1
826,103,1057.22,299.52,104.80,265.44,0.6432,-1,-1,-1
827,88,1456.72,-4.82,264.75,1076.72,0.8656,-1,-1,-1
827,89,1456.73,-4.82,264.75,1076.72,0.8656,-1,-1,-1
827,91,1134.16,0.54,467.97,1081.09,0.9006,-1,-1,-1
827,79,909.87,177.15,152.23,534.46,0.8197,-1,-1,-1
827,93,746.27,207.66,163.11,453.76,0.8213,-1,-1,-1
827,94,392.33,196.60,220.71,638.89,0.7824,-1,-1,-1
827,96,594.91,226.72,195.02,589.87,0.8585,-1,-1,-1
827,102,67.56,-5.59,356.89,1077.61,0.8937,-1,-1,-1
827,103,1060.03,298.03,105.92,266.42,0.6532,-1,-1,-1
828,88,1485.93,-4.96,250.55,1080.98,0.8727,-1,-1,-1
828,89,1485.93,-4.96,250.55,1080.97,0.8727,-1,-1,-1
828,91,1131.36,-3.04,514.50,1080.28,0.8979,-1,-1,-1
828,79,908.23,175.75,159.12,531.84,0.8061,-1,-1,-1
828,93,745.16,207.20,164.71,453.19,0.8275,-1,-1,-1
828,94,387.04,191.86,221.47,647.46,0.8686,-1,-1,-1
828,96,593.27,226.45,197.46,593.88,0.8644,-1,-1,-1
828,102,52.91,-5.34,363.28,1089.13,0.9080,-1,-1,-1
828,103,1062.69,294.97,108.18,270.46,0.6990,-1,-1,-1
829,88,1503.96,-1.09,252.97,1073.60,0.8185,-1,-1,-1
829,89,1503.96,-1.09,252.97,1073.60,0.8185,-1,-1,-1
829,91,1130.62,0.46,557.70,1075.52,0.9009,-1,-1,-1
829,79,911.56,175.90,159.20,526.48,0.8102,-1,-1,-1
829,93,747.52,210.34,165.08,453.66,0.8202,-1,-1,-1
829,94,386.56,191.04,213.84,654.69,0.8677,-1,-1,-1
829,96,591.01,230.95,199.93,606.29,0.8413,-1,-1,-1
829,102,37.02,-3.59,372.12,1088.44,0.9133,-1,-1,-1
829,103,1069.42,297.98,106.36,269.19,0.7451,-1,-1,-1
830,88,1530.69,-1.65,251.94,1074.55,0.8036,-1,-1,-1
830,89,1530.69,-1.65,251.94,1074.55,0.8036,-1,-1,-1
830,91,1129.57,1.51,602.42,1075.11,0.9023,-1,-1,-1
830,79,919.82,180.92,154.09,516.27,0.7808,-1,-1,-1
830,93,749.80,213.82,171.94,453.11,0.7892,-1,-1,-1
830,94,386.77,190.05,211.94,660.92,0.8760,-1,-1,-1
830,96,589.19,231.04,203.16,619.97,0.8520,-1,-1,-1
830,102,16.46,-3.66,389.92,1085.51,0.9188,-1,-1,-1
830,103,1074.08,299.05,105.67,269.29,0.7489,-1,-1,-1
831,88,1557.07,-0.83,260.21,1073.68,0.7659,-1,-1,-1
831,89,1557.07,-0.83,260.21,1073.68,0.7659,-1,-1,-1
831,91,1128.71,0.20,654.79,1075.47,0.8983,-1,-1,-1
831,79,923.30,178.21,156.57,516.55,0.8061,-1,-1,-1
831,93,755.70,213.64,164.54,452.74,0.8243,-1,-1,-1
831,94,382.26,187.37,214.20,674.22,0.8743,-1,-1,-1
831,96,586.49,228.90,207.12,632.26,0.8535,-1,-1,-1
831,102,-0.75,-4.69,408.22,1090.00,0.9233,-1,-1,-1
831,103,1077.95,297.09,108.93,270.43,0.7000,-1,-1,-1
832,88,1583.71,1.13,266.73,1071.77,0.7245,-1,-1,-1
832,89,1583.71,1.13,266.72,1071.77,0.7245,-1,-1,-1
832,91,1126.96,0.66,695.67,1076.91,0.9020,-1,-1,-1
832,79,933.20,178.73,151.87,515.38,0.8074,-1,-1,-1
832,93,758.91,215.46,161.19,451.51,0.8290,-1,-1,-1
832,94,380.37,187.04,214.61,683.87,0.8793,-1,-1,-1
832,96,584.56,227.49,207.15,639.31,0.8487,-1,-1,-1
832,102,-7.90,-5.45,421.57,1094.10,0.9280,-1,-1,-1
832,103,1083.77,296.59,108.50,279.50,0.6862,-1,-1,-1
833,88,1612.88,0.51,273.02,1076.30,0.5174,-1,-1,-1
833,89,1605.91,2.43,277.71,688.28,0.5002,-1,-1,-1
833,91,1125.36,0.23,750.73,1076.42,0.9097,-1,-1,-1
833,79,931.66,175.30,156.54,521.43,0.8089,-1,-1,-1
833,93,758.96,216.74,162.92,450.17,0.8277,-1,-1,-1
833,94,378.42,186.14,216.82,695.95,0.8858,-1,-1,-1
833,96,582.75,226.61,208.58,648.47,0.8504,-1,-1,-1
833,102,-9.47,-5.89,429.90,1092.08,0.9265,-1,-1,-1
833,103,1089.61,295.22,108.33,280.34,0.7050,-1,-1,-1
834,89,1625.83,1.66,292.25,585.75,0.6265,-1,-1,-1
834,91,1126.45,-0.22,791.85,1074.91,0.9191,-1,-1,-1
834,79,939.81,174.20,152.86,527.63,0.8125,-1,-1,-1
834,93,765.34,218.80,164.84,448.95,0.8215,-1,-1,-1
834,94,373.75,186.47,220.48,711.65,0.8658,-1,-1,-1
834,96,580.79,223.44,212.13,655.98,0.8448,-1,-1,-1
834,102,-8.66,-5.38,436.03,1087.30,0.9224,-1,-1,-1
834,103,1095.91,298.29,106.56,276.44,0.6411,-1,-1,-1
835,89,1670.61,1.93,260.63,486.60,0.2362,-1,-1,-1
835,91,1133.84,0.85,800.86,1075.88,0.9125,-1,-1,-1
835,79,937.39,179.68,162.78,525.98,0.7631,-1,-1,-1
835,93,771.30,220.93,166.15,450.04,0.8366,-1,-1,-1
835,94,371.35,188.43,222.71,724.01,0.8784,-1,-1,-1
835,96,580.12,221.57,216.00,664.06,0.8499,-1,-1,-1
835,102,-8.04,-2.96,439.64,1080.69,0.9278,-1,-1,-1
835,103,1102.13,297.07,106.48,283.79,0.7140,-1,-1,-1
836,89,1712.53,4.24,221.43,402.82,0.4308,-1,-1,-1
836,91,1147.29,0.33,794.57,1070.32,0.9211,-1,-1,-1
836,79,940.97,183.30,166.45,525.76,0.7520,-1,-1,-1
836,93,781.58,223.94,158.97,448.94,0.8431,-1,-1,-1
836,94,371.82,189.92,219.48,737.93,0.8620,-1,-1,-1
836,96,575.92,221.01,227.22,674.25,0.8580,-1,-1,-1
836,102,-8.47,-1.08,441.61,1078.28,0.9285,-1,-1,-1
836,103,1112.85,297.54,104.50,283.85,0.7319,-1,-1,-1
837,91,1161.27,3.01,778.21,1065.37,0.9206,-1,-1,-1
837,79,947.87,188.45,163.67,520.64,0.7959,-1,-1,-1
837,93,786.41,225.33,161.16,451.68,0.8333,-1,-1,-1
837,94,373.19,189.37,220.10,748.14,0.8583,-1,-1,-1
837,96,573.97,218.10,236.00,681.61,0.8703,-1,-1,-1
837,102,-5.66,0.16,442.28,1074.01,0.9301,-1,-1,-1
837,103,1120.53,297.31,101.79,286.63,0.7707,-1,-1,-1
838,91,1193.22,2.80,747.48,1065.85,0.8834,-1,-1,-1
838,79,955.10,192.57,165.20,517.84,0.8185,-1,-1,-1
838,93,790.70,225.50,170.02,452.82,0.8294,-1,-1,-1
838,94,370.93,186.76,226.43,760.87,0.8563,-1,-1,-1
838,96,573.81,216.17,240.34,687.37,0.8617,-1,-1,-1
838,102,-6.00,-0.01,445.87,1073.14,0.9263,-1,-1,-1
838,103,1127.17,298.00,100.66,286.47,0.7544,-1,-1,-1
839,91,1244.58,4.24,686.49,1059.57,0.8994,-1,-1,-1
839,79,963.81,193.46,157.87,518.38,0.8116,-1,-1,-1
839,93,798.03,226.77,172.29,448.40,0.8152,-1,-1,-1
839,94,371.02,185.02,227.42,774.78,0.8480,-1,-1,-1
839,96,578.08,212.15,239.72,690.98,0.8650,-1,-1,-1
839,102,-1.65,0.37,445.15,1067.05,0.9290,-1,-1,-1
839,103,1131.26,295.90,100.80,289.03,0.7150,-1,-1,-1
839,101,748.63,245.22,73.93,225.72,0.3786,-1,-1,-1
840,91,1329.01,2.33,599.94,1060.34,0.7778,-1,-1,-1
840,79,966.88,193.43,157.99,519.97,0.8095,-1,-1,-1
840,93,807.34,223.78,160.11,451.25,0.8148,-1,-1,-1
840,94,369.29,182.25,231.76,785.61,0.8263,-1,-1,-1
840,96,579.89,205.98,243.92,698.52,0.8678,-1,-1,-1
840,102,-1.80,0.99,446.04,1066.96,0.9288,-1,-1,-1
840,103,1136.77,294.71,103.46,292.80,0.6738,-1,-1,-1
840,101,752.70,242.27,74.74,233.90,0.3040,-1,-1,-1
841,91,1415.65,2.42,509.27,1056.98,0.9260,-1,-1,-1
841,79,978.95,189.92,147.47,522.61,0.7972,-1,-1,-1
841,93,815.95,220.44,161.46,452.22,0.8178,-1,-1,-1
841,94,367.70,174.88,233.39,796.45,0.8172,-1,-1,-1
841,96,584.22,199.15,244.32,703.62,0.8623,-1,-1,-1
841,102,-0.02,-0.22,444.93,1065.02,0.9262,-1,-1,-1
841,103,1146.13,293.92,101.08,294.37,0.7116,-1,-1,-1
841,101,754.96,240.38,79.91,231.06,0.4677,-1,-1,-1
841,107,1373.47,242.91,149.87,434.10,0.6409,-1,-1,-1
842,91,1513.14,1.66,411.19,1059.34,0.8669,-1,-1,-1
842,79,980.33,189.70,151.04,521.11,0.8122,-1,-1,-1
842,93,820.56,218.42,169.08,452.48,0.8482,-1,-1,-1
842,94,362.86,162.78,238.67,809.79,0.8332,-1,-1,-1
842,96,584.23,193.69,248.35,710.25,0.8605,-1,-1,-1
842,102,-0.72,-0.03,443.19,1066.60,0.9217,-1,-1,-1
842,103,1151.17,292.88,101.95,293.00,0.6734,-1,-1,-1
842,101,754.45,235.02,83.84,237.34,0.4985,-1,-1,-1
842,107,1389.41,231.30,190.96,610.73,0.8708,-1,-1,-1
843,91,1605.86,3.08,316.60,1056.34,0.6200,-1,-1,-1
843,79,987.64,185.87,152.49,521.32,0.8122,-1,-1,-1
843,93,826.76,215.29,169.04,447.07,0.8280,-1,-1,-1
843,94,362.01,150.11,240.40,831.76,0.8444,-1,-1,-1
843,96,582.15,187.63,253.22,727.39,0.8455,-1,-1,-1
843,102,-0.40,0.04,440.05,1064.71,0.9230,-1,-1,-1
843,103,1162.42,289.93,97.92,294.20,0.6429,-1,-1,-1
843,101,758.85,229.43,85.07,264.85,0.5645,-1,-1,-1
843,107,1403.82,217.54,229.08,696.02,0.8930,-1,-1,-1
844,91,1689.82,0.12,230.44,1064.43,0.7028,-1,-1,-1
844,79,991.85,180.08,158.37,524.39,0.8173,-1,-1,-1
844,93,830.64,213.12,167.37,443.83,0.8342,-1,-1,-1
844,94,353.05,138.86,250.98,841.08,0.8521,-1,-1,-1
844,96,584.14,181.75,252.18,751.41,0.8477,-1,-1,-1
844,102,-0.76,0.00,429.53,1059.05,0.8957,-1,-1,-1
844,103,1167.05,281.96,97.78,299.39,0.7411,-1,-1,-1
844,101,759.28,226.63,87.73,258.46,0.5307,-1,-1,-1
844,107,1417.67,205.00,253.46,753.16,0.8912,-1,-1,-1
845,91,1753.69,2.19,166.13,1059.64,0.6841,-1,-1,-1
845,79,995.22,174.95,154.25,526.95,0.7952,-1,-1,-1
845,93,830.81,205.28,172.24,446.76,0.8245,-1,-1,-1
845,94,339.20,128.69,265.12,846.96,0.8579,-1,-1,-1
845,96,584.52,173.07,257.40,773.46,0.8444,-1,-1,-1
845,102,-1.53,1.36,416.86,1059.82,0.8186,-1,-1,-1
845,103,1168.89,275.48,98.99,304.00,0.7727,-1,-1,-1
845,101,759.86,219.33,88.95,258.04,0.5544,-1,-1,-1
845,107,1431.70,195.22,271.33,788.62,0.8910,-1,-1,-1
846,79,997.23,170.66,154.12,528.76,0.7934,-1,-1,-1
846,93,833.17,201.34,172.04,449.79,0.8091,-1,-1,-1
846,94,324.51,119.97,280.00,854.26,0.8413,-1,-1,-1
846,96,584.80,168.04,256.32,785.84,0.8256,-1,-1,-1
846,102,-1.82,5.01,398.94,1063.32,0.7571,-1,-1,-1
846,103,1169.69,275.30,101.43,301.52,0.8037,-1,-1,-1
846,101,761.43,214.80,87.71,261.01,0.4684,-1,-1,-1
846,107,1440.43,188.24,277.75,808.38,0.9031,-1,-1,-1
847,79,998.26,162.31,156.64,526.09,0.8104,-1,-1,-1
847,93,835.24,194.72,170.18,451.01,0.8158,-1,-1,-1
847,94,315.11,109.27,291.99,866.87,0.8153,-1,-1,-1
847,96,585.03,157.32,257.31,802.53,0.8319,-1,-1,-1
847,102,-1.71,6.44,365.47,1059.12,0.7313,-1,-1,-1
847,103,1176.87,272.57,100.39,297.90,0.7054,-1,-1,-1
847,101,758.65,209.60,92.59,260.17,0.5733,-1,-1,-1
847,107,1453.13,182.48,269.92,816.40,0.8875,-1,-1,-1
848,79,996.13,153.64,160.03,522.03,0.8077,-1,-1,-1
848,93,833.22,189.01,175.43,453.40,0.8486,-1,-1,-1
848,94,305.02,99.42,296.59,880.45,0.8661,-1,-1,-1
848,96,579.21,149.19,262.16,818.68,0.8342,-1,-1,-1
848,102,-1.66,6.05,296.16,1052.27,0.6487,-1,-1,-1
848,103,1179.05,268.41,99.27,298.78,0.7337,-1,-1,-1
848,101,755.63,204.56,95.56,257.82,0.5197,-1,-1,-1
848,107,1467.28,176.84,262.33,827.87,0.8942,-1,-1,-1
849,79,994.67,149.44,157.17,519.38,0.8045,-1,-1,-1
849,93,831.97,187.77,176.76,454.09,0.8703,-1,-1,-1
849,94,295.11,93.62,299.25,901.49,0.8927,-1,-1,-1
849,96,566.98,146.01,273.70,857.40,0.8621,-1,-1,-1
849,102,-1.87,8.71,231.91,1054.27,0.4010,-1,-1,-1
849,103,1178.15,267.43,98.70,300.83,0.8060,-1,-1,-1
849,101,749.69,203.13,99.98,256.47,0.5249,-1,-1,-1
849,107,1481.46,174.55,259.81,854.30,0.8940,-1,-1,-1
850,79,994.40,144.49,153.99,516.95,0.8063,-1,-1,-1
850,93,829.11,185.18,177.62,452.80,0.8743,-1,-1,-1
850,94,282.94,84.08,304.03,920.29,0.8839,-1,-1,-1
850,96,560.23,138.93,279.95,879.86,0.8500,-1,-1,-1
850,103,1179.50,262.06,95.17,302.88,0.7790,-1,-1,-1
850,101,743.08,200.72,104.04,249.10,0.5508,-1,-1,-1
850,107,1494.11,171.58,257.82,869.06,0.8931,-1,-1,-1
851,79,994.09,139.84,154.65,517.44,0.8044,-1,-1,-1
851,93,827.47,180.24,177.70,456.30,0.8675,-1,-1,-1
851,94,270.55,71.77,310.35,940.41,0.8966,-1,-1,-1
851,96,552.03,132.24,290.42,898.01,0.8684,-1,-1,-1
851,103,1172.70,254.77,105.47,308.10,0.7457,-1,-1,-1
851,101,738.83,195.85,106.37,247.21,0.3527,-1,-1,-1
851,107,1506.86,165.07,262.73,882.07,0.9019,-1,-1,-1
852,79,992.09,135.99,157.80,516.77,0.8071,-1,-1,-1
852,93,825.64,177.47,179.69,455.60,0.8512,-1,-1,-1
852,94,256.30,63.08,318.10,959.97,0.8917,-1,-1,-1
852,96,543.64,119.83,299.74,915.17,0.8786,-1,-1,-1
852,103,1177.42,249.77,98.52,309.73,0.7403,-1,-1,-1
852,101,726.36,192.28,114.18,253.95,0.1836,-1,-1,-1
852,107,1517.41,159.15,270.60,890.40,0.9033,-1,-1,-1
853,79,989.34,132.27,163.39,516.79,0.7998,-1,-1,-1
853,93,822.12,176.47,177.15,453.30,0.8414,-1,-1,-1
853,94,241.72,53.94,325.60,994.11,0.8974,-1,-1,-1
853,96,535.34,107.87,308.20,930.97,0.8870,-1,-1,-1
853,103,1179.89,243.70,98.74,314.27,0.7412,-1,-1,-1
853,107,1526.18,145.30,281.40,906.22,0.9014,-1,-1,-1
854,79,981.22,131.36,168.70,516.50,0.7998,-1,-1,-1
854,93,820.37,176.16,175.73,452.86,0.8468,-1,-1,-1
854,94,222.18,46.96,335.45,1019.81,0.9001,-1,-1,-1
854,96,531.03,99.02,312.13,949.64,0.8928,-1,-1,-1
854,103,1177.29,241.33,98.53,316.57,0.7041,-1,-1,-1
854,107,1531.56,136.46,292.46,921.61,0.9020,-1,-1,-1
855,79,976.45,128.56,173.99,519.76,0.8158,-1,-1,-1
855,93,820.62,173.50,169.87,453.75,0.8420,-1,-1,-1
855,94,204.79,37.81,343.47,1031.46,0.9007,-1,-1,-1
855,96,518.57,87.80,323.67,964.66,0.8941,-1,-1,-1
855,103,1172.01,237.83,98.78,318.67,0.6315,-1,-1,-1
855,107,1539.79,127.30,300.48,934.08,0.9083,-1,-1,-1
856,79,979.87,123.52,165.78,526.35,0.8350,-1,-1,-1
856,93,814.88,171.02,173.04,454.86,0.8454,-1,-1,-1
856,94,182.48,27.71,353.13,1044.69,0.9073,-1,-1,-1
856,96,507.47,75.04,336.14,981.86,0.9023,-1,-1,-1
856,103,1171.61,233.94,95.42,319.11,0.6546,-1,-1,-1
856,107,1541.47,112.54,320.88,951.73,0.9106,-1,-1,-1
857,79,976.02,121.00,168.45,527.78,0.8445,-1,-1,-1
857,93,806.21,168.21,180.63,455.98,0.8494,-1,-1,-1
857,94,179.22,19.00,344.36,1055.78,0.8868,-1,-1,-1
857,96,493.60,64.24,349.33,1004.53,0.9045,-1,-1,-1
857,103,1168.22,229.39,99.01,321.30,0.7004,-1,-1,-1
857,107,1538.92,103.68,341.81,964.41,0.9024,-1,-1,-1
858,79,977.08,120.59,160.60,526.94,0.8352,-1,-1,-1
858,93,800.27,161.54,176.15,460.96,0.8388,-1,-1,-1
858,94,128.06,6.56,379.26,1066.74,0.8999,-1,-1,-1
858,96,479.74,52.27,362.37,1025.43,0.9026,-1,-1,-1
858,103,1165.50,225.50,98.41,323.51,0.6963,-1,-1,-1
858,107,1530.89,89.85,372.07,988.34,0.8979,-1,-1,-1
858,109,1329.12,284.34,98.45,283.88,0.3683,-1,-1,-1
859,79,965.57,122.98,166.83,522.79,0.8277,-1,-1,-1
859,93,798.54,156.29,173.04,462.28,0.8236,-1,-1,-1
859,94,100.40,2.01,390.96,1069.05,0.9068,-1,-1,-1
859,96,469.78,40.24,370.79,1037.28,0.9040,-1,-1,-1
859,103,1162.44,222.79,99.50,323.70,0.7110,-1,-1,-1
859,107,1543.07,77.36,377.87,1003.42,0.8808,-1,-1,-1
859,109,1327.80,283.38,95.69,280.81,0.2177,-1,-1,-1
860,79,958.86,123.30,173.45,521.53,0.8490,-1,-1,-1
860,93,798.46,149.85,170.57,464.67,0.8282,-1,-1,-1
860,94,69.57,-0.42,405.60,1071.82,0.9018,-1,-1,-1
860,96,458.57,27.69,380.44,1051.28,0.9163,-1,-1,-1
860,103,1158.98,217.96,100.71,325.99,0.6956,-1,-1,-1
860,107,1554.80,62.08,374.41,1022.46,0.9030,-1,-1,-1
860,109,1327.57,281.58,94.40,279.03,0.3161,-1,-1,-1
861,79,955.51,121.58,176.28,520.58,0.8618,-1,-1,-1
861,93,794.19,145.16,172.07,465.08,0.8511,-1,-1,-1
861,94,37.18,-1.00,423.40,1074.50,0.8686,-1,-1,-1
861,96,445.34,15.57,391.93,1063.45,0.9100,-1,-1,-1
861,103,1158.26,213.82,101.90,327.96,0.6874,-1,-1,-1
861,107,1561.58,53.16,369.77,1031.81,0.9074,-1,-1,-1
862,79,953.45,119.59,178.75,519.55,0.8486,-1,-1,-1
862,93,794.37,142.87,172.96,461.81,0.8394,-1,-1,-1
862,94,4.93,-1.72,440.33,1074.58,0.7866,-1,-1,-1
862,96,436.95,6.33,397.86,1072.74,0.9137,-1,-1,-1
862,103,1159.86,211.86,100.07,326.31,0.6659,-1,-1,-1
862,107,1572.64,38.59,359.34,1042.72,0.9107,-1,-1,-1
863,79,958.94,115.71,175.53,521.22,0.8305,-1,-1,-1
863,93,793.20,140.80,173.39,460.32,0.8490,-1,-1,-1
863,94,2.48,-1.49,426.38,1075.90,0.8523,-1,-1,-1
863,96,424.77,1.33,407.65,1076.94,0.9201,-1,-1,-1
863,103,1160.15,210.60,99.77,324.56,0.6466,-1,-1,-1
863,107,1584.56,31.39,346.45,1048.43,0.9093,-1,-1,-1
864,79,961.42,113.43,176.15,523.35,0.8337,-1,-1,-1
864,93,791.80,139.61,173.62,459.42,0.8544,-1,-1,-1
864,94,-3.54,0.05,422.22,1075.56,0.8977,-1,-1,-1
864,96,412.00,0.24,413.58,1077.86,0.9225,-1,-1,-1
864,103,1160.61,207.85,100.67,328.65,0.6392,-1,-1,-1
864,107,1596.44,18.11,334.09,1062.33,0.9040,-1,-1,-1
865,79,961.08,110.71,179.59,527.58,0.8286,-1,-1,-1
865,93,793.71,137.77,172.62,460.55,0.8499,-1,-1,-1
865,94,-8.75,0.75,414.41,1074.39,0.9117,-1,-1,-1
865,96,399.66,0.16,418.93,1079.12,0.9202,-1,-1,-1
865,103,1159.27,205.77,105.08,331.97,0.6335,-1,-1,-1
865,107,1611.85,9.90,317.74,1070.67,0.9013,-1,-1,-1
866,79,962.41,108.63,180.14,528.66,0.8340,-1,-1,-1
866,93,795.53,136.29,171.40,463.95,0.8540,-1,-1,-1
866,94,-10.91,4.37,386.41,1071.34,0.9117,-1,-1,-1
866,96,380.75,1.12,430.87,1077.48,0.9195,-1,-1,-1
866,103,1163.09,204.03,100.59,332.94,0.6825,-1,-1,-1
866,107,1643.06,0.55,285.55,1077.48,0.8884,-1,-1,-1
867,79,971.00,107.90,174.85,528.79,0.8222,-1,-1,-1
867,93,794.90,138.24,173.27,467.08,0.8571,-1,-1,-1
867,94,-11.19,6.56,355.55,1069.89,0.9206,-1,-1,-1
867,96,359.75,3.94,439.49,1073.59,0.9154,-1,-1,-1
867,103,1168.60,203.42,98.74,335.44,0.6991,-1,-1,-1
867,107,1680.10,-0.56,247.23,1079.20,0.8728,-1,-1,-1
868,79,980.90,109.95,162.02,522.14,0.8262,-1,-1,-1
868,93,792.34,141.83,176.79,469.45,0.8587,-1,-1,-1
868,94,-10.96,7.83,329.39,1069.30,0.9110,-1,-1,-1
868,96,332.40,3.45,451.99,1073.07,0.9193,-1,-1,-1
868,103,1169.40,203.63,99.44,337.60,0.6995,-1,-1,-1
868,107,1706.79,111.60,218.96,963.38,0.7517,-1,-1,-1
869,79,982.76,108.13,158.69,520.51,0.8229,-1,-1,-1
869,93,792.30,143.70,175.26,471.18,0.8629,-1,-1,-1
869,94,-9.46,7.59,302.02,1064.24,0.9164,-1,-1,-1
869,96,301.91,2.62,467.90,1072.16,0.9161,-1,-1,-1
869,103,1171.06,203.87,99.50,339.91,0.7080,-1,-1,-1
869,107,1720.18,184.22,203.03,669.02,0.4270,-1,-1,-1
870,79,982.62,109.59,153.81,518.30,0.8246,-1,-1,-1
870,93,793.00,145.30,173.36,473.00,0.8689,-1,-1,-1
870,94,-7.78,8.65,274.79,1061.60,0.9126,-1,-1,-1
870,96,267.49,2.41,488.01,1072.65,0.9113,-1,-1,-1
870,103,1170.96,203.90,101.56,343.10,0.7101,-1,-1,-1
870,107,1756.91,207.57,164.97,609.87,0.7597,-1,-1,-1
871,79,985.01,113.64,146.01,518.05,0.8177,-1,-1,-1
871,93,793.66,150.39,172.50,471.99,0.8586,-1,-1,-1
871,94,-6.23,8.96,247.26,1062.04,0.8959,-1,-1,-1
871,96,234.38,1.83,504.66,1074.18,0.9159,-1,-1,-1
871,103,1173.11,205.55,100.78,344.89,0.6880,-1,-1,-1
871,107,1794.95,246.78,126.13,574.89,0.5824,-1,-1,-1
871,110,620.30,138.53,156.72,445.02,0.6070,-1,-1,-1
872,79,987.16,117.04,144.63,517.65,0.8111,-1,-1,-1
872,93,795.33,156.40,170.95,470.97,0.8490,-1,-1,-1
872,94,-3.31,10.29,212.05,1058.23,0.8787,-1,-1,-1
872,96,202.75,2.02,523.85,1071.02,0.9146,-1,-1,-1
872,103,1179.80,207.39,95.95,346.58,0.7177,-1,-1,-1
872,110,613.20,143.67,162.58,467.16,0.7942,-1,-1,-1
873,79,988.03,120.72,141.34,515.50,0.8105,-1,-1,-1
873,93,797.07,160.44,170.85,472.85,0.8358,-1,-1,-1
873,94,-1.66,39.51,179.56,1030.02,0.8603,-1,-1,-1
873,96,163.31,2.09,550.29,1068.91,0.9237,-1,-1,-1
873,103,1180.20,208.70,98.39,348.91,0.7086,-1,-1,-1
873,110,609.57,146.43,161.67,485.53,0.7626,-1,-1,-1
874,79,989.19,123.82,138.51,518.82,0.7985,-1,-1,-1
874,93,799.36,164.75,169.18,472.56,0.8372,-1,-1,-1
874,94,1.17,99.51,145.39,971.49,0.8119,-1,-1,-1
874,96,125.49,-0.19,573.32,1067.92,0.9102,-1,-1,-1
874,103,1178.99,210.00,101.52,349.67,0.7216,-1,-1,-1
874,110,605.67,149.78,165.20,491.12,0.7554,-1,-1,-1
875,79,990.01,128.56,136.51,517.64,0.7911,-1,-1,-1
875,93,802.27,165.46,168.09,473.69,0.8288,-1,-1,-1
875,94,1.40,128.47,121.02,934.70,0.4878,-1,-1,-1
875,96,99.57,-0.29,584.55,1065.20,0.9138,-1,-1,-1
875,103,1174.14,211.41,108.10,349.28,0.6495,-1,-1,-1
875,110,599.01,150.14,171.64,494.01,0.7738,-1,-1,-1
876,79,993.88,132.45,131.79,515.86,0.8017,-1,-1,-1
876,93,803.90,167.00,168.82,471.02,0.8371,-1,-1,-1
876,94,1.82,197.63,135.38,850.26,0.3709,-1,-1,-1
876,96,33.58,-0.63,633.63,1066.92,0.8976,-1,-1,-1
876,103,1174.84,211.24,112.30,350.60,0.6065,-1,-1,-1
876,110,590.86,148.75,177.71,500.22,0.8001,-1,-1,-1
877,79,993.35,134.79,130.02,516.77,0.8115,-1,-1,-1
877,93,804.04,167.23,169.69,464.43,0.8343,-1,-1,-1
877,94,1.71,252.93,129.86,716.69,0.1993,-1,-1,-1
877,96,2.81,-0.87,646.04,1066.99,0.9369,-1,-1,-1
877,103,1174.45,210.14,112.61,353.70,0.6404,-1,-1,-1
877,110,582.82,146.89,172.93,505.00,0.7881,-1,-1,-1
878,79,987.92,134.97,133.82,515.37,0.7994,-1,-1,-1
878,93,802.77,165.10,169.00,468.80,0.8293,-1,-1,-1
878,96,-9.24,-0.04,640.27,1067.95,0.9417,-1,-1,-1
878,103,1176.21,207.87,113.04,356.63,0.6441,-1,-1,-1
878,110,571.37,143.45,185.30,511.59,0.7967,-1,-1,-1
879,79,986.90,135.84,132.78,512.83,0.8163,-1,-1,-1
879,93,802.06,162.57,168.31,472.83,0.8387,-1,-1,-1
879,96,-11.59,-0.05,621.34,1066.82,0.9240,-1,-1,-1
879,103,1173.03,206.84,113.13,357.21,0.6910,-1,-1,-1
879,110,559.90,142.80,193.14,515.06,0.8391,-1,-1,-1
880,79,983.57,135.59,134.63,510.51,0.8103,-1,-1,-1
880,93,801.63,158.90,169.11,469.79,0.8504,-1,-1,-1
880,96,-10.43,3.04,595.77,1064.14,0.9167,-1,-1,-1
880,103,1171.88,203.72,113.49,359.97,0.7162,-1,-1,-1
880,110,548.31,142.07,202.85,519.38,0.8515,-1,-1,-1
880,112,704.77,221.03,95.65,348.02,0.4623,-1,-1,-1
881,79,979.52,135.06,138.74,509.41,0.8069,-1,-1,-1
881,93,800.71,156.61,170.55,465.45,0.8604,-1,-1,-1
881,96,-8.15,2.54,568.21,1061.56,0.9261,-1,-1,-1
881,103,1175.78,200.09,110.68,363.47,0.7110,-1,-1,-1
881,110,535.43,142.03,220.24,521.69,0.8298,-1,-1,-1
881,112,698.94,219.63,96.95,361.42,0.5599,-1,-1,-1
882,79,970.17,133.10,144.36,512.99,0.8412,-1,-1,-1
882,93,798.61,153.97,170.26,466.66,0.8556,-1,-1,-1
882,96,-6.19,3.90,542.89,1060.63,0.9208,-1,-1,-1
882,103,1176.73,199.40,111.60,364.09,0.7518,-1,-1,-1
882,110,524.42,140.86,226.59,530.83,0.8173,-1,-1,-1
882,112,696.71,223.01,95.65,361.31,0.6269,-1,-1,-1
883,79,965.49,126.90,140.87,519.62,0.8340,-1,-1,-1
883,93,796.21,152.20,170.69,464.98,0.8532,-1,-1,-1
883,96,-5.09,5.29,516.66,1057.98,0.9380,-1,-1,-1
883,103,1176.37,201.10,113.04,363.21,0.7632,-1,-1,-1
883,110,509.50,140.74,236.22,536.17,0.8178,-1,-1,-1
883,112,689.55,219.44,103.52,367.13,0.6265,-1,-1,-1
884,79,960.86,122.99,142.05,522.42,0.7681,-1,-1,-1
884,93,795.18,150.61,169.32,465.22,0.8347,-1,-1,-1
884,96,-4.54,5.68,477.13,1056.02,0.9147,-1,-1,-1
884,103,1177.16,199.87,112.68,366.19,0.7445,-1,-1,-1
884,110,495.62,138.99,237.34,542.19,0.7863,-1,-1,-1
884,112,675.13,224.79,114.71,359.62,0.4761,-1,-1,-1
885,79,959.30,118.59,141.28,524.87,0.7978,-1,-1,-1
885,93,791.36,148.64,168.85,468.57,0.8272,-1,-1,-1
885,96,-3.87,6.39,428.65,1055.95,0.9100,-1,-1,-1
885,103,1175.71,199.20,115.20,366.97,0.7262,-1,-1,-1
885,110,484.45,138.09,241.29,549.38,0.7694,-1,-1,-1
885,112,665.91,225.98,119.18,350.78,0.4708,-1,-1,-1
886,79,956.33,116.67,140.44,519.34,0.8179,-1,-1,-1
886,93,784.96,147.82,168.08,473.46,0.8345,-1,-1,-1
886,96,-3.24,4.55,375.73,1058.90,0.8796,-1,-1,-1
886,103,1173.06,201.52,117.27,368.10,0.7361,-1,-1,-1
886,110,463.61,136.30,245.17,558.92,0.7897,-1,-1,-1
886,112,657.52,217.77,118.98,324.05,0.3496,-1,-1,-1
887,79,953.59,116.47,141.27,514.94,0.8075,-1,-1,-1
887,93,774.07,151.83,174.40,471.41,0.8474,-1,-1,-1
887,96,-1.19,14.76,312.60,1048.11,0.4254,-1,-1,-1
887,103,1170.54,204.20,114.63,368.12,0.7779,-1,-1,-1
887,110,446.80,128.40,254.51,571.56,0.8619,-1,-1,-1
887,112,644.22,221.47,123.99,311.23,0.4483,-1,-1,-1
888,79,936.06,121.57,152.05,503.57,0.8170,-1,-1,-1
888,93,772.97,153.35,169.55,470.19,0.8300,-1,-1,-1
888,103,1166.27,204.55,116.70,366.98,0.7413,-1,-1,-1
888,110,431.20,119.46,260.21,583.71,0.8356,-1,-1,-1
888,112,633.91,214.47,122.25,314.21,0.4532,-1,-1,-1
889,79,928.15,117.30,152.60,507.82,0.7966,-1,-1,-1
889,93,763.30,155.45,170.36,470.33,0.7859,-1,-1,-1
889,103,1161.79,204.64,117.70,368.86,0.7059,-1,-1,-1
889,110,413.03,110.96,265.55,592.59,0.8578,-1,-1,-1
889,112,613.34,221.58,126.46,311.89,0.3016,-1,-1,-1
890,79,901.83,119.61,162.02,509.10,0.8090,-1,-1,-1
890,93,748.95,161.48,168.20,470.55,0.8133,-1,-1,-1
890,103,1151.34,207.91,116.48,369.95,0.7253,-1,-1,-1
890,110,389.52,106.01,261.14,604.62,0.8353,-1,-1,-1
890,112,591.03,199.70,126.83,380.31,0.4053,-1,-1,-1
891,79,896.21,120.99,160.30,512.67,0.8332,-1,-1,-1
891,93,729.65,164.61,175.44,469.61,0.8517,-1,-1,-1
891,103,1141.62,210.73,117.09,370.45,0.7855,-1,-1,-1
891,110,362.25,95.82,273.05,620.08,0.7534,-1,-1,-1
891,112,588.09,207.72,110.81,372.74,0.3740,-1,-1,-1
892,79,885.13,123.45,158.89,513.41,0.8481,-1,-1,-1
892,93,716.38,167.41,174.87,468.42,0.8357,-1,-1,-1
892,103,1133.34,213.56,114.23,371.05,0.7825,-1,-1,-1
892,110,339.74,87.99,281.08,634.01,0.8512,-1,-1,-1
892,112,551.06,211.31,137.78,383.64,0.2748,-1,-1,-1
893,79,874.41,126.53,159.75,514.22,0.8260,-1,-1,-1
893,93,704.25,167.51,174.35,470.38,0.8188,-1,-1,-1
893,103,1123.96,215.50,116.32,376.52,0.7905,-1,-1,-1
893,110,315.40,84.33,288.20,646.30,0.7572,-1,-1,-1
893,112,523.48,213.83,141.43,399.32,0.4086,-1,-1,-1
894,79,864.20,131.77,160.34,516.30,0.7594,-1,-1,-1
894,93,694.04,168.80,172.04,472.84,0.8463,-1,-1,-1
894,103,1117.58,218.74,115.49,376.87,0.7930,-1,-1,-1
894,110,295.89,82.58,296.21,654.36,0.8380,-1,-1,-1
894,112,500.58,220.90,157.17,410.55,0.3676,-1,-1,-1
895,79,850.04,135.54,160.38,518.32,0.7762,-1,-1,-1
895,93,682.94,171.05,169.77,471.78,0.8565,-1,-1,-1
895,103,1109.93,221.17,119.72,378.85,0.7965,-1,-1,-1
895,110,279.34,79.81,301.91,669.92,0.7094,-1,-1,-1
895,112,500.48,226.36,152.60,409.96,0.3604,-1,-1,-1
896,79,833.63,138.32,175.05,518.47,0.8283,-1,-1,-1
896,93,674.56,170.78,169.65,468.63,0.8337,-1,-1,-1
896,103,1103.97,224.79,123.46,376.65,0.7502,-1,-1,-1
896,110,261.21,76.91,296.39,683.32,0.8388,-1,-1,-1
896,112,491.11,197.02,147.70,451.54,0.4460,-1,-1,-1
897,79,823.31,143.64,180.82,514.78,0.8282,-1,-1,-1
897,93,668.07,170.86,168.10,466.68,0.8088,-1,-1,-1
897,103,1098.16,227.46,125.65,376.82,0.7876,-1,-1,-1
897,110,244.35,72.25,303.74,703.25,0.8677,-1,-1,-1
897,112,497.68,183.59,127.90,463.87,0.3774,-1,-1,-1
898,79,821.95,147.78,183.17,514.34,0.8317,-1,-1,-1
898,93,665.28,170.92,166.75,465.54,0.8208,-1,-1,-1
898,103,1096.75,228.93,126.61,380.33,0.8016,-1,-1,-1
898,110,232.96,67.96,309.64,733.25,0.8666,-1,-1,-1
898,112,489.32,178.16,128.79,475.75,0.5384,-1,-1,-1
899,79,820.23,149.80,186.38,514.71,0.8329,-1,-1,-1
899,93,658.25,170.38,172.61,472.90,0.7895,-1,-1,-1
899,103,1096.27,231.61,126.75,380.03,0.7905,-1,-1,-1
899,110,221.34,65.47,313.51,747.61,0.8347,-1,-1,-1
899,112,469.85,173.91,140.56,490.87,0.4800,-1,-1,-1
900,79,823.28,152.15,185.53,513.86,0.8239,-1,-1,-1
900,93,658.51,170.07,172.16,479.26,0.8099,-1,-1,-1
900,103,1099.32,231.02,129.28,383.78,0.8069,-1,-1,-1
900,110,213.91,60.46,296.54,760.92,0.7910,-1,-1,-1
900,112,458.73,169.79,147.55,506.02,0.5942,-1,-1,-1
