1,1,1338.48,417.87,163.01,358.63,0.8096,-1,-1,-1
1,2,584.16,443.37,91.75,264.69,0.7629,-1,-1,-1
1,3,440.01,445.86,112.19,273.45,0.6765,-1,-1,-1
1,4,1455.13,432.62,141.44,332.69,0.6427,-1,-1,-1
1,5,730.90,456.72,35.97,111.41,0.5628,-1,-1,-1
1,6,916.82,431.52,59.62,154.79,0.3899,-1,-1,-1
2,1,1342.76,417.62,160.35,359.17,0.8315,-1,-1,-1
2,2,584.51,442.90,92.31,264.22,0.7654,-1,-1,-1
2,3,437.68,445.26,116.78,274.30,0.6901,-1,-1,-1
2,4,1452.17,436.83,146.64,331.76,0.6725,-1,-1,-1
2,5,731.47,457.27,36.30,110.29,0.5317,-1,-1,-1
2,6,916.37,432.17,60.17,154.64,0.4000,-1,-1,-1
3,1,1343.63,423.30,175.80,365.91,0.8357,-1,-1,-1
3,2,584.47,443.04,93.55,263.67,0.7563,-1,-1,-1
3,3,437.25,443.74,117.90,276.35,0.6979,-1,-1,-1
3,4,1466.13,441.56,138.79,327.11,0.7326,-1,-1,-1
3,5,731.30,460.20,36.82,106.78,0.5315,-1,-1,-1
3,6,915.95,432.67,60.93,153.93,0.4037,-1,-1,-1
4,1,1348.57,421.73,179.32,375.84,0.8242,-1,-1,-1
4,2,584.44,443.81,93.18,264.27,0.7673,-1,-1,-1
4,3,438.61,442.94,119.10,276.70,0.7436,-1,-1,-1
4,4,1478.41,434.63,126.14,333.25,0.7305,-1,-1,-1
4,5,732.03,459.12,36.84,109.30,0.5183,-1,-1,-1
4,6,916.38,432.04,60.99,154.19,0.4196,-1,-1,-1
5,1,1351.71,419.43,178.43,385.10,0.8483,-1,-1,-1
5,2,584.71,444.02,93.11,264.05,0.7656,-1,-1,-1
5,3,442.37,443.57,119.28,274.38,0.6902,-1,-1,-1
5,4,1485.92,429.53,116.04,338.49,0.7409,-1,-1,-1
5,5,732.66,458.98,35.90,109.31,0.5179,-1,-1,-1
5,6,916.01,431.29,61.41,154.52,0.4089,-1,-1,-1
6,1,1357.99,418.59,174.36,388.38,0.8473,-1,-1,-1
6,2,584.11,443.51,92.55,266.93,0.7618,-1,-1,-1
6,3,448.70,443.81,117.46,274.35,0.6954,-1,-1,-1
6,4,1494.99,426.51,107.80,342.00,0.7240,-1,-1,-1
6,5,733.35,457.53,34.53,110.26,0.5341,-1,-1,-1
6,6,915.73,430.51,62.10,155.98,0.4205,-1,-1,-1
7,1,1368.04,419.01,160.35,385.27,0.8560,-1,-1,-1
7,2,584.46,443.01,91.76,268.10,0.7671,-1,-1,-1
7,3,447.33,444.60,119.96,274.31,0.7310,-1,-1,-1
7,4,1500.63,430.33,102.38,339.36,0.7683,-1,-1,-1
7,5,733.51,457.83,33.89,109.93,0.5487,-1,-1,-1
7,6,914.96,430.63,61.94,155.88,0.3742,-1,-1,-1
8,1,1385.38,415.32,142.27,386.75,0.8056,-1,-1,-1
8,2,584.69,442.95,91.83,267.35,0.7822,-1,-1,-1
8,3,448.66,444.10,119.51,274.58,0.7471,-1,-1,-1
8,4,1505.57,422.72,98.89,347.95,0.7695,-1,-1,-1
8,5,733.48,457.16,34.27,109.70,0.5417,-1,-1,-1
8,6,914.71,428.50,61.42,157.93,0.3856,-1,-1,-1
9,1,1400.69,409.60,130.09,392.10,0.7450,-1,-1,-1
9,2,585.14,442.65,90.88,268.13,0.7793,-1,-1,-1
9,3,454.76,444.18,114.67,274.28,0.7433,-1,-1,-1
9,4,1511.99,422.02,94.58,347.91,0.7482,-1,-1,-1
9,5,733.11,457.01,35.08,111.00,0.5349,-1,-1,-1
10,1,1416.27,413.48,120.40,382.65,0.7916,-1,-1,-1
10,2,585.35,442.77,91.41,268.22,0.7819,-1,-1,-1
10,3,457.14,443.88,114.13,274.35,0.7183,-1,-1,-1
10,4,1507.38,418.06,109.04,355.34,0.6696,-1,-1,-1
10,5,732.78,457.45,35.89,109.80,0.5204,-1,-1,-1
11,1,1426.75,412.56,119.33,385.77,0.7691,-1,-1,-1
11,2,585.90,442.83,91.17,267.07,0.7706,-1,-1,-1
11,3,455.63,442.75,115.24,275.87,0.6899,-1,-1,-1
11,4,1525.74,418.80,97.88,350.62,0.7953,-1,-1,-1
11,5,732.58,458.48,37.10,110.61,0.5665,-1,-1,-1
12,1,1438.35,409.13,117.20,388.32,0.7273,-1,-1,-1
12,2,585.72,442.27,91.73,266.94,0.7667,-1,-1,-1
12,3,451.59,442.23,119.28,276.29,0.6680,-1,-1,-1
12,4,1537.12,418.84,94.19,353.07,0.7734,-1,-1,-1
12,5,731.64,456.74,38.08,112.97,0.6049,-1,-1,-1
13,1,1446.24,411.83,121.77,386.83,0.7021,-1,-1,-1
13,2,585.37,442.03,92.48,267.28,0.7541,-1,-1,-1
13,3,446.83,442.91,123.50,276.33,0.7039,-1,-1,-1
13,4,1540.11,420.20,104.26,357.63,0.7515,-1,-1,-1
13,5,730.76,456.28,38.76,117.03,0.5825,-1,-1,-1
14,1,1453.65,410.22,128.35,387.39,0.5771,-1,-1,-1
14,2,584.35,442.17,93.98,268.00,0.7502,-1,-1,-1
14,3,447.05,442.01,122.02,280.37,0.6398,-1,-1,-1
14,4,1538.63,416.59,130.77,370.03,0.6145,-1,-1,-1
14,5,730.24,456.43,39.44,118.49,0.5509,-1,-1,-1
15,1,1461.69,415.45,108.40,382.07,0.4906,-1,-1,-1
15,2,583.99,442.42,93.23,269.26,0.7698,-1,-1,-1
15,3,446.43,442.83,120.93,282.08,0.6581,-1,-1,-1
15,4,1539.14,421.85,160.18,373.42,0.5957,-1,-1,-1
15,5,730.36,453.29,39.88,123.63,0.6067,-1,-1,-1
16,1,1464.02,422.12,105.99,377.29,0.4018,-1,-1,-1
16,2,583.62,443.69,92.96,267.44,0.7682,-1,-1,-1
16,3,445.88,442.65,117.78,283.50,0.6513,-1,-1,-1
16,4,1547.75,421.10,176.62,381.50,0.6746,-1,-1,-1
16,5,730.81,453.83,38.24,123.19,0.4911,-1,-1,-1
17,1,1459.16,420.87,130.45,381.44,0.3627,-1,-1,-1
17,2,583.36,445.39,93.02,267.30,0.7651,-1,-1,-1
17,3,446.21,442.68,116.10,284.57,0.6592,-1,-1,-1
17,4,1556.50,420.98,186.37,385.28,0.7727,-1,-1,-1
17,5,729.61,454.80,37.60,121.52,0.4485,-1,-1,-1
18,1,1459.41,420.77,181.44,388.48,0.6838,-1,-1,-1
18,2,583.57,445.04,93.02,268.36,0.7898,-1,-1,-1
18,3,448.04,442.95,114.07,284.68,0.7161,-1,-1,-1
18,4,1570.58,426.26,181.74,383.22,0.7104,-1,-1,-1
18,5,728.35,456.77,37.62,119.10,0.4404,-1,-1,-1
19,1,1460.57,414.76,173.91,390.49,0.4642,-1,-1,-1
19,2,584.19,445.11,94.18,269.28,0.7678,-1,-1,-1
19,3,450.18,444.56,112.75,284.62,0.7092,-1,-1,-1
19,4,1566.70,451.86,191.09,361.87,0.6830,-1,-1,-1
19,5,726.66,458.72,38.63,117.20,0.4065,-1,-1,-1
19,10,1254.69,435.93,35.23,108.06,0.4022,-1,-1,-1
20,1,1461.79,411.57,170.21,394.42,0.3681,-1,-1,-1
20,2,584.51,445.76,97.94,267.62,0.7783,-1,-1,-1
20,3,451.47,448.59,113.95,279.93,0.7095,-1,-1,-1
20,4,1587.28,457.13,186.31,349.68,0.6331,-1,-1,-1
20,5,725.54,455.29,39.74,119.39,0.4102,-1,-1,-1
20,10,1254.67,436.43,35.20,107.08,0.3271,-1,-1,-1
21,1,1462.10,412.46,225.13,403.62,0.7294,-1,-1,-1
21,2,584.77,444.49,101.32,269.10,0.7903,-1,-1,-1
21,3,452.43,448.08,112.85,279.28,0.6966,-1,-1,-1
21,4,1612.17,455.34,157.65,349.01,0.6557,-1,-1,-1
21,5,726.02,453.40,39.69,121.84,0.3840,-1,-1,-1
21,10,1252.94,439.34,35.44,102.00,0.3349,-1,-1,-1
22,1,1463.02,411.90,230.43,405.76,0.5302,-1,-1,-1
22,2,584.77,444.11,103.22,269.11,0.7777,-1,-1,-1
22,3,454.17,447.19,112.79,280.39,0.5982,-1,-1,-1
22,4,1627.28,436.55,152.29,364.53,0.7016,-1,-1,-1
22,5,723.11,458.49,42.83,114.82,0.3665,-1,-1,-1
22,10,1253.71,438.02,40.11,107.25,0.3670,-1,-1,-1
23,1,1469.31,411.59,201.04,395.15,0.4800,-1,-1,-1
23,2,583.90,443.83,105.30,269.03,0.7761,-1,-1,-1
23,3,461.35,446.36,109.95,281.49,0.6872,-1,-1,-1
23,4,1633.96,427.07,131.94,374.45,0.6269,-1,-1,-1
23,5,720.65,463.78,46.60,107.18,0.3624,-1,-1,-1
23,10,1251.88,440.19,38.49,103.29,0.3384,-1,-1,-1
24,1,1476.80,408.05,215.97,408.46,0.7030,-1,-1,-1
24,2,584.38,443.82,105.43,268.56,0.7546,-1,-1,-1
24,3,466.99,445.36,109.41,285.00,0.6836,-1,-1,-1
24,4,1644.15,421.23,123.09,378.28,0.6255,-1,-1,-1
24,5,721.17,461.87,48.43,107.96,0.4306,-1,-1,-1
25,1,1485.00,406.76,216.61,411.69,0.6344,-1,-1,-1
25,2,585.08,443.72,105.17,268.72,0.7429,-1,-1,-1
25,3,467.32,444.75,111.17,288.29,0.6332,-1,-1,-1
25,4,1655.83,417.18,122.29,384.67,0.6674,-1,-1,-1
25,5,720.08,462.84,49.40,104.78,0.4012,-1,-1,-1
26,1,1493.76,408.62,232.80,411.23,0.5969,-1,-1,-1
26,2,586.23,444.07,103.15,268.70,0.7239,-1,-1,-1
26,3,467.96,442.02,112.29,293.46,0.6587,-1,-1,-1
26,4,1662.63,419.50,115.17,381.96,0.6624,-1,-1,-1
26,5,719.82,463.27,50.29,104.27,0.4406,-1,-1,-1
27,1,1508.76,410.33,223.86,411.79,0.5635,-1,-1,-1
27,2,587.89,443.57,100.80,269.93,0.7293,-1,-1,-1
27,3,469.24,443.47,112.17,290.52,0.6229,-1,-1,-1
27,4,1674.26,414.32,112.44,384.14,0.6655,-1,-1,-1
27,5,720.33,458.60,46.81,109.02,0.3563,-1,-1,-1
28,1,1528.78,404.92,191.42,423.02,0.5832,-1,-1,-1
28,2,591.52,443.40,98.45,270.64,0.7385,-1,-1,-1
28,3,471.76,441.98,110.93,292.69,0.6023,-1,-1,-1
28,4,1682.87,411.12,114.26,385.21,0.6573,-1,-1,-1
28,5,720.53,460.52,48.61,107.81,0.3624,-1,-1,-1
29,1,1547.17,396.59,170.84,432.78,0.7036,-1,-1,-1
29,2,593.73,443.53,97.29,270.66,0.7304,-1,-1,-1
29,3,474.25,442.05,110.07,292.10,0.5849,-1,-1,-1
29,4,1684.70,418.80,128.15,381.58,0.7146,-1,-1,-1
29,5,720.73,460.37,50.12,110.81,0.3499,-1,-1,-1
29,12,1426.90,436.12,54.44,122.02,0.5403,-1,-1,-1
30,1,1573.87,391.91,153.01,437.41,0.7470,-1,-1,-1
30,2,595.21,443.48,97.13,271.24,0.7481,-1,-1,-1
30,3,476.45,442.16,109.45,292.14,0.6443,-1,-1,-1
30,4,1680.16,426.36,152.85,374.58,0.6402,-1,-1,-1
30,5,721.84,458.67,46.67,113.94,0.3649,-1,-1,-1
30,12,1432.21,433.18,49.29,124.57,0.5944,-1,-1,-1
31,1,1593.74,390.69,157.88,437.63,0.7354,-1,-1,-1
31,2,597.91,443.18,95.56,272.11,0.7511,-1,-1,-1
31,3,477.03,443.15,111.10,288.66,0.6514,-1,-1,-1
31,4,1694.81,418.86,182.53,387.25,0.6600,-1,-1,-1
31,5,721.70,457.56,45.03,117.82,0.4385,-1,-1,-1
31,12,1440.83,430.32,43.42,127.30,0.5753,-1,-1,-1
32,1,1605.70,393.86,164.16,441.34,0.7909,-1,-1,-1
32,2,599.78,443.08,94.95,272.77,0.7618,-1,-1,-1
32,3,478.55,444.25,110.58,288.71,0.6388,-1,-1,-1
32,4,1715.53,417.88,184.86,389.58,0.7328,-1,-1,-1
32,5,721.25,458.67,43.05,119.29,0.4238,-1,-1,-1
32,12,1446.78,430.69,39.99,126.58,0.5309,-1,-1,-1
33,1,1611.83,394.26,172.28,450.32,0.8077,-1,-1,-1
33,2,601.21,443.88,94.71,271.68,0.7665,-1,-1,-1
33,3,479.58,444.06,109.99,292.86,0.7040,-1,-1,-1
33,4,1730.94,414.39,185.27,396.79,0.6485,-1,-1,-1
33,5,720.11,458.80,42.60,119.04,0.3715,-1,-1,-1
33,12,1450.70,431.13,39.22,126.25,0.5776,-1,-1,-1
33,13,1079.69,451.70,54.15,144.18,0.3800,-1,-1,-1
34,1,1615.52,394.33,182.83,448.28,0.8035,-1,-1,-1
34,2,604.26,443.47,91.99,271.88,0.7622,-1,-1,-1
34,3,479.56,443.97,110.42,298.48,0.7294,-1,-1,-1
34,4,1742.40,447.08,181.08,369.01,0.3175,-1,-1,-1
34,5,718.14,457.13,42.42,120.68,0.3645,-1,-1,-1
34,12,1454.57,430.84,39.42,126.59,0.6021,-1,-1,-1
35,1,1621.31,393.22,195.06,454.30,0.8495,-1,-1,-1
35,2,605.52,443.92,91.42,271.22,0.7724,-1,-1,-1
35,3,478.69,443.89,111.24,300.13,0.7405,-1,-1,-1
35,4,1758.34,431.09,166.05,394.61,0.4127,-1,-1,-1
35,5,718.63,458.36,41.22,119.49,0.3464,-1,-1,-1
35,12,1456.47,431.74,38.94,124.97,0.5705,-1,-1,-1
36,1,1628.29,394.69,212.20,466.10,0.8186,-1,-1,-1
36,2,607.03,444.21,90.33,270.68,0.7723,-1,-1,-1
36,3,477.47,443.96,112.65,302.05,0.7076,-1,-1,-1
36,4,1765.60,420.07,158.17,403.24,0.5506,-1,-1,-1
36,5,716.55,457.03,42.75,120.08,0.3119,-1,-1,-1
36,12,1457.55,432.70,40.97,124.79,0.5762,-1,-1,-1
37,1,1633.36,396.56,243.21,471.66,0.7920,-1,-1,-1
37,2,608.48,444.77,89.96,270.11,0.7700,-1,-1,-1
37,3,477.36,444.49,112.63,296.99,0.6657,-1,-1,-1
37,4,1774.42,419.93,148.96,401.86,0.6046,-1,-1,-1
37,5,716.56,454.58,42.85,122.98,0.3142,-1,-1,-1
37,12,1460.98,433.12,42.18,125.30,0.5475,-1,-1,-1
38,1,1634.49,400.66,252.94,473.64,0.8539,-1,-1,-1
38,2,608.97,444.21,90.34,271.04,0.7669,-1,-1,-1
38,3,477.57,444.70,113.91,291.45,0.6852,-1,-1,-1
38,5,713.75,453.14,44.82,128.54,0.3083,-1,-1,-1
38,12,1463.02,432.29,43.46,126.02,0.6033,-1,-1,-1
39,1,1635.19,403.10,261.69,473.20,0.8709,-1,-1,-1
39,2,609.25,443.38,91.74,272.14,0.7798,-1,-1,-1
39,3,478.04,444.56,114.28,293.46,0.7067,-1,-1,-1
39,12,1464.36,431.91,44.96,125.77,0.5844,-1,-1,-1
39,10,1256.22,430.81,40.56,114.78,0.4199,-1,-1,-1
39,4,1808.71,428.26,113.87,380.59,0.5205,-1,-1,-1
40,1,1635.38,404.08,270.52,474.28,0.8623,-1,-1,-1
40,2,610.00,443.64,91.69,272.32,0.7745,-1,-1,-1
40,3,477.32,445.52,116.27,295.05,0.6820,-1,-1,-1
40,12,1466.10,432.82,46.67,124.12,0.5644,-1,-1,-1
40,10,1256.33,431.41,39.33,114.31,0.4410,-1,-1,-1
40,4,1819.07,424.47,102.92,386.65,0.5961,-1,-1,-1
41,1,1639.28,401.82,280.38,482.13,0.8654,-1,-1,-1
41,2,612.03,443.58,91.77,272.69,0.7916,-1,-1,-1
41,3,478.71,446.86,114.48,295.05,0.6837,-1,-1,-1
41,12,1466.19,433.99,50.21,121.72,0.5074,-1,-1,-1
41,10,1256.49,430.63,39.68,115.15,0.4798,-1,-1,-1
41,4,1831.25,405.54,90.53,409.39,0.6853,-1,-1,-1
42,1,1644.54,401.29,276.87,480.69,0.8416,-1,-1,-1
42,2,613.66,443.00,90.65,272.30,0.7991,-1,-1,-1
42,3,476.18,447.34,117.36,300.99,0.6609,-1,-1,-1
42,12,1467.83,434.50,50.70,121.06,0.5556,-1,-1,-1
42,10,1256.55,430.06,40.34,115.65,0.4899,-1,-1,-1
42,4,1841.99,395.51,79.27,421.68,0.6498,-1,-1,-1
43,1,1653.74,402.89,269.15,480.90,0.8502,-1,-1,-1
43,2,615.27,443.33,89.96,271.82,0.7885,-1,-1,-1
43,3,470.08,446.08,121.86,306.45,0.6245,-1,-1,-1
43,12,1469.62,433.55,51.58,121.75,0.5798,-1,-1,-1
43,10,1256.82,427.28,41.76,118.23,0.4711,-1,-1,-1
43,4,1852.10,393.91,68.69,424.99,0.5920,-1,-1,-1
44,1,1664.85,396.10,255.66,485.25,0.8459,-1,-1,-1
44,2,615.60,443.57,90.59,271.41,0.7991,-1,-1,-1
44,3,468.95,446.12,123.80,312.21,0.6483,-1,-1,-1
44,12,1472.62,434.89,50.10,120.66,0.5328,-1,-1,-1
44,10,1256.84,426.82,41.81,118.80,0.4572,-1,-1,-1
44,4,1863.61,410.52,56.73,404.97,0.4910,-1,-1,-1
44,13,1082.67,450.13,49.81,148.26,0.3550,-1,-1,-1
45,1,1684.64,394.13,232.50,485.25,0.7947,-1,-1,-1
45,2,616.57,443.10,90.94,271.53,0.7779,-1,-1,-1
45,3,467.96,444.23,123.70,314.78,0.6361,-1,-1,-1
45,12,1477.77,433.98,44.45,121.28,0.4932,-1,-1,-1
45,10,1257.52,425.98,41.97,119.55,0.4573,-1,-1,-1
45,4,1870.44,420.69,49.59,394.32,0.3514,-1,-1,-1
45,13,1081.67,449.39,50.73,148.88,0.3827,-1,-1,-1
45,5,699.21,454.43,55.76,201.86,0.3513,-1,-1,-1
46,1,1708.41,392.28,211.83,487.44,0.6311,-1,-1,-1
46,2,617.21,442.37,93.08,272.39,0.7589,-1,-1,-1
46,3,466.40,444.78,125.95,318.04,0.6336,-1,-1,-1
46,12,1483.51,434.97,37.77,119.87,0.5207,-1,-1,-1
46,10,1258.17,424.30,42.15,121.26,0.4614,-1,-1,-1
46,4,1877.80,402.28,42.05,427.28,0.3968,-1,-1,-1
46,13,1081.53,448.97,50.49,148.27,0.3025,-1,-1,-1
47,1,1757.71,387.16,162.03,493.71,0.7072,-1,-1,-1
47,2,617.18,441.74,93.12,272.76,0.7759,-1,-1,-1
47,3,464.71,444.44,127.64,320.14,0.6300,-1,-1,-1
47,12,1488.23,432.57,34.34,120.72,0.5148,-1,-1,-1
47,10,1258.61,424.02,42.86,121.25,0.4925,-1,-1,-1
47,5,696.67,456.03,57.03,206.02,0.5481,-1,-1,-1
48,1,1775.47,386.07,145.06,492.06,0.7902,-1,-1,-1
48,2,618.44,441.26,93.56,272.60,0.7453,-1,-1,-1
48,3,468.20,443.92,123.53,319.41,0.6478,-1,-1,-1
48,10,1259.01,426.02,41.34,119.14,0.4473,-1,-1,-1
48,5,697.53,455.10,60.73,207.32,0.3833,-1,-1,-1
49,1,1795.76,385.21,125.39,492.87,0.8008,-1,-1,-1
49,2,619.09,441.21,94.12,272.07,0.7553,-1,-1,-1
49,3,470.60,444.21,120.59,318.46,0.6379,-1,-1,-1
49,10,1259.23,431.82,40.70,114.66,0.4597,-1,-1,-1
49,5,697.94,455.98,62.77,207.18,0.4394,-1,-1,-1
50,1,1810.34,385.16,111.09,496.61,0.8413,-1,-1,-1
50,2,618.53,441.50,97.65,272.25,0.7558,-1,-1,-1
50,3,465.81,443.76,124.16,317.09,0.6202,-1,-1,-1
50,10,1259.56,436.32,39.47,110.64,0.4424,-1,-1,-1
50,5,701.09,453.56,63.69,209.88,0.3784,-1,-1,-1
50,12,1498.65,436.36,38.49,119.49,0.3538,-1,-1,-1
51,1,1818.86,383.89,101.65,498.82,0.8292,-1,-1,-1
51,2,618.72,441.44,99.41,272.35,0.7624,-1,-1,-1
51,3,455.84,443.45,133.74,315.53,0.6073,-1,-1,-1
51,10,1259.69,435.53,39.40,111.54,0.4811,-1,-1,-1
51,5,701.50,457.32,65.53,206.48,0.3371,-1,-1,-1
51,14,582.17,439.56,50.11,145.37,0.3442,-1,-1,-1
51,12,1500.67,437.97,41.45,117.02,0.4205,-1,-1,-1
52,1,1826.97,385.07,92.96,495.79,0.8110,-1,-1,-1
52,2,619.73,442.28,99.16,271.64,0.7493,-1,-1,-1
52,3,463.40,444.45,127.28,315.23,0.6581,-1,-1,-1
52,10,1259.63,433.35,38.61,112.81,0.4706,-1,-1,-1
52,5,701.56,457.62,68.20,206.25,0.3030,-1,-1,-1
52,14,587.33,444.01,46.71,140.43,0.3516,-1,-1,-1
52,12,1501.68,437.21,45.06,118.13,0.4086,-1,-1,-1
52,13,1080.30,452.43,52.28,142.82,0.3607,-1,-1,-1
53,1,1829.21,383.93,90.76,499.89,0.7788,-1,-1,-1
53,2,620.78,443.17,97.40,270.47,0.7480,-1,-1,-1
53,3,463.73,445.78,127.60,313.07,0.6523,-1,-1,-1
53,10,1259.49,431.26,40.03,114.73,0.5283,-1,-1,-1
53,5,696.23,456.24,69.77,206.83,0.4776,-1,-1,-1
53,14,590.66,448.70,44.48,135.74,0.3012,-1,-1,-1
53,12,1501.39,434.55,50.44,120.51,0.3681,-1,-1,-1
53,15,1523.69,434.37,37.14,117.83,0.3645,-1,-1,-1
54,1,1825.91,388.60,94.43,497.80,0.7338,-1,-1,-1
54,2,622.84,442.75,96.50,271.81,0.7378,-1,-1,-1
54,3,466.59,445.90,125.35,313.99,0.6936,-1,-1,-1
54,10,1259.46,430.62,40.13,115.00,0.5063,-1,-1,-1
54,5,694.19,454.42,76.91,208.35,0.3704,-1,-1,-1
54,15,1526.67,441.30,35.49,111.85,0.4725,-1,-1,-1
55,1,1825.72,411.08,94.74,476.59,0.7188,-1,-1,-1
55,2,623.55,442.21,93.60,272.69,0.7449,-1,-1,-1
55,3,469.23,445.29,122.23,315.03,0.7047,-1,-1,-1
55,10,1259.63,429.81,40.24,116.05,0.5006,-1,-1,-1
55,5,693.11,455.94,76.31,207.12,0.3829,-1,-1,-1
55,15,1529.57,438.28,36.59,114.44,0.4747,-1,-1,-1
55,14,587.07,449.20,47.99,135.08,0.3503,-1,-1,-1
56,1,1827.26,428.99,92.76,458.60,0.5923,-1,-1,-1
56,2,623.82,441.67,92.78,273.32,0.7332,-1,-1,-1
56,3,471.55,445.41,119.84,314.43,0.7116,-1,-1,-1
56,10,1259.89,427.25,40.46,118.31,0.5103,-1,-1,-1
56,5,694.38,456.40,70.77,206.42,0.4712,-1,-1,-1
56,15,1531.63,441.39,35.08,111.13,0.4983,-1,-1,-1
56,14,585.42,446.64,49.88,137.53,0.3658,-1,-1,-1
57,1,1829.64,407.71,90.18,479.81,0.3797,-1,-1,-1
57,2,623.92,442.32,91.25,272.96,0.7316,-1,-1,-1
57,3,470.94,446.67,120.88,313.13,0.6685,-1,-1,-1
57,10,1260.18,430.59,39.96,114.64,0.5177,-1,-1,-1
57,5,694.49,456.20,69.75,208.71,0.5819,-1,-1,-1
57,15,1533.47,438.56,35.22,113.55,0.4885,-1,-1,-1
57,14,583.68,442.65,49.34,142.51,0.4224,-1,-1,-1
58,1,1831.36,429.38,88.44,457.64,0.3321,-1,-1,-1
58,2,625.52,443.34,92.58,271.83,0.7338,-1,-1,-1
58,3,473.18,445.77,119.30,312.58,0.6645,-1,-1,-1
58,10,1260.53,432.21,40.41,113.13,0.5224,-1,-1,-1
58,15,1534.26,436.30,34.10,115.89,0.4179,-1,-1,-1
58,14,582.83,445.54,48.73,139.89,0.3944,-1,-1,-1
59,2,626.32,443.04,92.62,271.96,0.7174,-1,-1,-1
59,3,474.56,443.95,119.49,315.68,0.7115,-1,-1,-1
59,10,1260.29,432.61,42.17,112.66,0.5375,-1,-1,-1
59,15,1536.75,434.70,32.93,118.30,0.3590,-1,-1,-1
59,14,583.57,448.11,49.47,136.34,0.3643,-1,-1,-1
59,5,696.48,459.32,69.54,211.30,0.4745,-1,-1,-1
60,2,625.84,443.15,92.93,274.04,0.7133,-1,-1,-1
60,3,473.55,442.15,125.06,318.33,0.7235,-1,-1,-1
60,10,1260.02,434.43,42.36,111.34,0.5483,-1,-1,-1
60,14,583.80,449.83,50.17,134.40,0.3241,-1,-1,-1
60,5,697.57,456.98,68.71,214.94,0.5755,-1,-1,-1
61,2,624.95,443.62,93.54,276.44,0.7076,-1,-1,-1
61,3,473.78,443.15,131.54,316.82,0.6857,-1,-1,-1
61,10,1259.65,429.98,42.55,115.81,0.5334,-1,-1,-1
61,5,698.92,456.45,67.92,216.36,0.5454,-1,-1,-1
62,2,624.19,444.47,91.64,275.78,0.7231,-1,-1,-1
62,3,478.16,442.91,134.80,318.22,0.7253,-1,-1,-1
62,10,1259.48,430.22,41.43,115.25,0.5513,-1,-1,-1
62,5,698.95,455.00,67.33,218.25,0.6205,-1,-1,-1
63,2,622.33,444.94,90.95,275.77,0.7394,-1,-1,-1
63,3,479.17,441.13,138.15,319.71,0.7258,-1,-1,-1
63,10,1259.61,431.05,40.70,113.93,0.5325,-1,-1,-1
63,5,697.48,457.65,69.01,215.26,0.6623,-1,-1,-1
64,2,620.08,444.58,92.45,277.57,0.7434,-1,-1,-1
64,3,483.02,441.87,139.05,318.89,0.7207,-1,-1,-1
64,10,1259.41,433.17,40.24,111.20,0.5248,-1,-1,-1
64,5,697.08,453.86,69.38,219.91,0.6382,-1,-1,-1
65,2,619.45,446.61,92.34,276.67,0.7432,-1,-1,-1
65,3,491.99,444.44,134.71,316.96,0.7891,-1,-1,-1
65,10,1259.15,437.31,40.22,107.20,0.5288,-1,-1,-1
65,5,696.31,451.17,69.09,224.66,0.6805,-1,-1,-1
66,2,620.16,447.73,91.26,276.04,0.7595,-1,-1,-1
66,3,494.99,446.51,138.35,317.06,0.7290,-1,-1,-1
66,10,1259.00,438.85,40.36,105.80,0.5299,-1,-1,-1
66,5,697.56,452.66,68.94,223.63,0.6785,-1,-1,-1
67,2,619.44,447.43,92.20,275.46,0.7469,-1,-1,-1
67,3,490.04,447.14,146.45,320.76,0.6450,-1,-1,-1
67,10,1259.86,440.89,39.06,103.48,0.5144,-1,-1,-1
67,5,698.09,453.49,70.49,223.82,0.6750,-1,-1,-1
67,12,1542.73,422.38,41.06,128.80,0.4056,-1,-1,-1
68,2,617.06,446.68,95.11,275.48,0.7348,-1,-1,-1
68,3,488.60,448.51,150.58,318.51,0.6445,-1,-1,-1
68,10,1259.97,437.49,39.29,107.05,0.4910,-1,-1,-1
68,5,699.37,455.06,70.95,221.38,0.6768,-1,-1,-1
68,12,1544.33,427.79,39.80,123.67,0.3744,-1,-1,-1
69,2,614.97,446.88,96.94,275.29,0.7570,-1,-1,-1
69,3,488.87,446.91,153.40,320.47,0.6183,-1,-1,-1
69,10,1259.92,437.10,39.19,107.34,0.5127,-1,-1,-1
69,5,698.23,456.19,72.15,221.05,0.6662,-1,-1,-1
69,12,1543.30,422.64,42.62,129.07,0.4741,-1,-1,-1
70,2,612.12,446.18,99.58,275.19,0.7601,-1,-1,-1
70,3,491.58,444.33,150.57,322.10,0.7277,-1,-1,-1
70,10,1259.75,437.66,39.15,106.80,0.5125,-1,-1,-1
70,5,698.30,457.45,71.89,220.39,0.6309,-1,-1,-1
70,12,1543.38,420.62,45.18,131.72,0.5872,-1,-1,-1
71,2,611.14,445.77,100.03,276.07,0.7684,-1,-1,-1
71,3,495.98,443.37,147.41,323.61,0.7339,-1,-1,-1
71,10,1259.66,437.29,39.22,107.20,0.5172,-1,-1,-1
71,5,698.57,458.66,69.40,219.96,0.5868,-1,-1,-1
71,12,1543.22,420.37,46.73,132.34,0.5763,-1,-1,-1
72,2,611.82,444.79,98.39,277.16,0.7654,-1,-1,-1
72,3,498.22,443.79,145.68,323.44,0.7411,-1,-1,-1
72,10,1259.68,432.02,39.97,112.45,0.5148,-1,-1,-1
72,5,698.95,458.62,70.16,220.98,0.5848,-1,-1,-1
72,12,1543.37,420.37,46.31,132.20,0.5702,-1,-1,-1
73,2,614.26,443.89,96.34,278.05,0.7675,-1,-1,-1
73,3,501.97,444.43,142.09,323.50,0.7758,-1,-1,-1
73,10,1259.79,431.16,40.24,113.07,0.5072,-1,-1,-1
73,5,700.10,458.58,70.76,220.48,0.6001,-1,-1,-1
73,12,1545.52,419.35,44.53,132.82,0.5324,-1,-1,-1
74,2,617.62,442.85,92.90,280.15,0.7754,-1,-1,-1
74,3,506.03,444.18,139.96,326.29,0.7380,-1,-1,-1
74,10,1260.19,428.97,40.51,115.57,0.5175,-1,-1,-1
74,5,701.55,455.94,74.71,222.10,0.5744,-1,-1,-1
75,2,619.65,441.00,89.45,282.45,0.7709,-1,-1,-1
75,3,507.15,442.68,138.92,326.34,0.7344,-1,-1,-1
75,10,1259.72,428.25,40.95,116.80,0.5280,-1,-1,-1
75,5,702.30,455.01,75.83,221.81,0.6335,-1,-1,-1
76,2,621.73,441.35,87.22,282.10,0.7707,-1,-1,-1
76,3,512.40,445.37,132.24,321.80,0.7663,-1,-1,-1
76,10,1259.79,427.74,41.26,117.13,0.5214,-1,-1,-1
76,5,702.42,452.13,79.23,224.56,0.6649,-1,-1,-1
77,2,622.51,441.08,85.29,283.85,0.7673,-1,-1,-1
77,3,517.39,446.56,127.07,320.31,0.7640,-1,-1,-1
77,10,1259.86,427.56,41.28,117.20,0.5268,-1,-1,-1
77,5,701.74,448.37,82.84,228.24,0.6316,-1,-1,-1
78,2,626.60,441.39,81.61,281.91,0.7763,-1,-1,-1
78,3,517.10,445.69,126.84,321.61,0.7210,-1,-1,-1
78,10,1260.76,438.53,40.02,105.81,0.4768,-1,-1,-1
78,5,702.39,451.42,86.09,225.80,0.6612,-1,-1,-1
79,2,629.15,440.62,78.94,282.35,0.7682,-1,-1,-1
79,3,515.97,446.08,127.36,322.48,0.5518,-1,-1,-1
79,10,1260.90,438.83,40.44,105.51,0.4631,-1,-1,-1
79,5,703.84,455.66,90.91,221.40,0.6627,-1,-1,-1
80,2,630.26,439.70,79.27,283.79,0.7416,-1,-1,-1
80,3,511.59,445.78,133.43,324.73,0.5079,-1,-1,-1
80,10,1260.94,437.20,40.92,107.17,0.4884,-1,-1,-1
80,5,706.25,457.57,95.15,219.99,0.7268,-1,-1,-1
81,2,631.53,437.29,80.46,287.74,0.7148,-1,-1,-1
81,3,508.45,445.54,137.90,327.74,0.4912,-1,-1,-1
81,10,1260.95,435.33,41.16,109.00,0.4968,-1,-1,-1
81,5,707.64,458.32,98.53,220.18,0.7117,-1,-1,-1
82,2,632.55,438.58,79.73,288.28,0.6818,-1,-1,-1
82,3,540.85,446.85,105.71,331.10,0.5214,-1,-1,-1
82,10,1261.13,438.37,40.75,106.25,0.4998,-1,-1,-1
82,5,708.35,458.61,103.43,220.48,0.7308,-1,-1,-1
82,17,487.99,447.83,51.67,132.09,0.3797,-1,-1,-1
83,2,633.57,440.38,80.34,288.28,0.6489,-1,-1,-1
83,3,558.91,445.21,88.11,335.17,0.4477,-1,-1,-1
83,10,1261.63,435.21,41.31,109.66,0.4576,-1,-1,-1
83,5,710.43,458.30,104.89,222.12,0.7128,-1,-1,-1
83,17,489.39,448.16,50.07,128.03,0.3089,-1,-1,-1
83,18,501.79,450.89,100.46,302.62,0.5310,-1,-1,-1
84,2,633.18,441.88,85.24,288.34,0.5869,-1,-1,-1
84,3,565.48,443.09,83.47,338.69,0.5383,-1,-1,-1
84,10,1262.20,435.55,40.64,109.50,0.4273,-1,-1,-1
84,5,711.67,460.00,107.76,221.12,0.7029,-1,-1,-1
84,17,487.98,448.58,50.71,131.28,0.3266,-1,-1,-1
84,18,505.98,451.28,95.55,293.00,0.4674,-1,-1,-1
85,2,632.66,443.57,86.72,288.15,0.5715,-1,-1,-1
85,3,559.72,439.72,89.27,344.94,0.4762,-1,-1,-1
85,10,1262.98,438.99,39.84,105.87,0.3927,-1,-1,-1
85,5,716.60,458.78,104.45,223.57,0.7241,-1,-1,-1
85,17,487.16,448.15,52.63,133.37,0.3930,-1,-1,-1
85,18,509.86,451.80,93.31,299.05,0.4019,-1,-1,-1
86,2,632.61,444.10,91.46,288.50,0.5458,-1,-1,-1
86,3,555.04,440.45,91.16,343.87,0.3972,-1,-1,-1
86,10,1263.41,440.01,39.39,104.57,0.4202,-1,-1,-1
86,5,719.30,457.30,102.13,225.26,0.7347,-1,-1,-1
86,17,488.17,448.93,52.47,134.87,0.4016,-1,-1,-1
86,18,514.84,452.30,91.79,304.05,0.4529,-1,-1,-1
87,2,634.32,443.80,90.26,288.60,0.5315,-1,-1,-1
87,3,552.08,440.87,94.80,343.39,0.4052,-1,-1,-1
87,10,1262.87,434.38,39.52,109.76,0.4074,-1,-1,-1
87,5,720.38,456.40,101.69,225.40,0.7201,-1,-1,-1
87,17,488.19,450.56,51.08,134.13,0.3496,-1,-1,-1
87,18,515.22,452.54,93.44,307.62,0.4481,-1,-1,-1
88,2,635.98,446.10,93.09,286.63,0.5833,-1,-1,-1
88,3,555.10,441.02,93.89,342.79,0.4500,-1,-1,-1
88,10,1262.74,431.41,40.04,112.71,0.4244,-1,-1,-1
88,5,723.18,454.36,99.34,227.67,0.6861,-1,-1,-1
88,18,514.63,451.50,94.67,308.26,0.4862,-1,-1,-1
88,19,590.14,449.48,72.88,280.66,0.3929,-1,-1,-1
89,2,638.41,448.73,93.68,284.53,0.5885,-1,-1,-1
89,3,563.01,443.15,86.49,340.07,0.4149,-1,-1,-1
89,10,1262.58,431.11,40.60,113.34,0.4328,-1,-1,-1
89,5,724.59,452.11,99.00,230.14,0.7354,-1,-1,-1
89,18,511.47,450.64,95.78,307.26,0.5519,-1,-1,-1
89,19,588.73,450.15,74.02,280.22,0.4556,-1,-1,-1
90,2,641.68,446.61,90.64,286.21,0.6021,-1,-1,-1
90,3,564.19,440.32,85.25,343.60,0.3948,-1,-1,-1
90,10,1262.18,434.49,40.90,109.76,0.4306,-1,-1,-1
90,5,728.10,451.73,96.23,230.66,0.7265,-1,-1,-1
90,18,514.41,449.33,95.75,306.33,0.5641,-1,-1,-1
90,19,591.09,449.26,72.79,281.12,0.4333,-1,-1,-1
91,2,643.63,443.25,91.74,290.71,0.6818,-1,-1,-1
91,3,577.37,444.18,82.58,305.69,0.5625,-1,-1,-1
91,10,1261.69,436.91,39.09,108.52,0.3937,-1,-1,-1
91,5,731.61,453.40,93.21,229.04,0.6915,-1,-1,-1
91,18,513.41,449.18,97.24,301.07,0.6323,-1,-1,-1
91,19,584.65,447.06,79.89,284.33,0.5625,-1,-1,-1
91,13,1074.16,462.95,57.05,132.35,0.3909,-1,-1,-1
92,2,642.78,439.50,94.52,294.95,0.6772,-1,-1,-1
92,3,571.80,437.88,81.53,340.14,0.4847,-1,-1,-1
92,10,1260.68,436.57,39.65,109.05,0.4559,-1,-1,-1
92,5,732.84,453.99,93.15,228.17,0.6877,-1,-1,-1
92,18,512.06,448.23,98.51,302.00,0.6139,-1,-1,-1
92,19,582.90,445.68,82.00,286.22,0.4986,-1,-1,-1
92,13,1075.91,458.86,55.26,135.52,0.3437,-1,-1,-1
93,2,641.81,438.66,96.53,296.10,0.6732,-1,-1,-1
93,3,572.10,435.92,78.82,353.17,0.4813,-1,-1,-1
93,10,1260.35,436.02,39.80,109.64,0.4622,-1,-1,-1
93,5,735.28,456.55,91.95,225.24,0.7077,-1,-1,-1
93,18,511.96,447.86,99.03,302.67,0.6228,-1,-1,-1
93,19,583.55,445.54,81.39,286.44,0.4924,-1,-1,-1
93,13,1076.65,458.51,54.90,136.25,0.4069,-1,-1,-1
94,2,643.49,439.44,95.08,297.31,0.7240,-1,-1,-1
94,3,568.08,434.55,81.97,360.94,0.4402,-1,-1,-1
94,10,1260.26,436.89,39.98,108.88,0.4622,-1,-1,-1
94,5,737.90,454.88,91.30,226.85,0.7049,-1,-1,-1
94,18,515.32,448.41,95.42,302.75,0.5703,-1,-1,-1
94,19,588.42,446.04,75.95,287.40,0.4788,-1,-1,-1
94,13,1076.26,462.61,54.37,132.25,0.3347,-1,-1,-1
95,2,643.29,439.91,97.43,297.97,0.7415,-1,-1,-1
95,3,561.95,433.52,87.11,365.37,0.4048,-1,-1,-1
95,10,1258.71,435.87,41.68,110.22,0.5239,-1,-1,-1
95,5,740.10,452.99,90.15,229.70,0.6683,-1,-1,-1
95,18,513.28,448.22,96.85,302.34,0.5603,-1,-1,-1
95,19,587.50,446.29,77.17,283.74,0.4524,-1,-1,-1
96,2,642.66,440.88,98.30,297.44,0.7596,-1,-1,-1
96,3,551.83,438.30,102.36,362.21,0.3819,-1,-1,-1
96,10,1258.14,435.13,41.73,111.27,0.4774,-1,-1,-1
96,5,744.09,454.46,87.67,228.68,0.6826,-1,-1,-1
96,18,510.50,447.07,97.90,303.73,0.5007,-1,-1,-1
96,19,587.04,446.36,78.20,280.80,0.4057,-1,-1,-1
97,2,644.28,441.36,98.08,296.86,0.7521,-1,-1,-1
97,3,536.84,443.94,119.59,350.37,0.3683,-1,-1,-1
97,10,1257.99,433.45,41.38,112.69,0.4493,-1,-1,-1
97,5,747.16,455.75,87.60,229.17,0.6977,-1,-1,-1
97,18,509.26,446.56,98.97,303.67,0.5037,-1,-1,-1
97,19,586.10,446.29,78.73,281.03,0.3897,-1,-1,-1
98,2,646.00,442.29,98.76,296.17,0.7793,-1,-1,-1
98,3,545.64,441.85,117.11,356.22,0.5216,-1,-1,-1
98,10,1257.54,436.66,42.00,109.79,0.5484,-1,-1,-1
98,5,751.02,457.42,87.41,228.58,0.7154,-1,-1,-1
98,18,506.55,446.48,100.47,304.63,0.5050,-1,-1,-1
98,19,563.63,442.38,102.26,333.07,0.5216,-1,-1,-1
99,2,647.24,442.62,99.40,295.87,0.7607,-1,-1,-1
99,3,556.53,442.88,108.77,356.62,0.5672,-1,-1,-1
99,10,1257.78,439.35,41.10,107.16,0.5309,-1,-1,-1
99,5,751.55,456.65,89.05,229.68,0.7762,-1,-1,-1
99,18,502.26,444.69,104.97,305.10,0.5339,-1,-1,-1
99,19,562.14,442.72,104.02,349.91,0.5672,-1,-1,-1
100,2,648.29,442.13,100.99,296.90,0.6841,-1,-1,-1
100,3,566.33,443.94,101.02,354.82,0.5903,-1,-1,-1
100,10,1257.89,441.11,40.51,105.64,0.5534,-1,-1,-1
100,5,753.67,454.50,87.01,231.75,0.7639,-1,-1,-1
100,18,498.53,441.26,105.29,304.30,0.5652,-1,-1,-1
100,19,566.93,443.55,100.38,354.81,0.5903,-1,-1,-1
101,2,648.40,442.50,104.20,296.88,0.7111,-1,-1,-1
101,3,562.67,442.72,106.54,358.15,0.6097,-1,-1,-1
101,10,1257.80,441.72,39.76,105.01,0.5541,-1,-1,-1
101,5,755.11,455.58,85.40,232.16,0.7582,-1,-1,-1
101,18,496.55,442.26,108.54,305.27,0.5475,-1,-1,-1
101,19,561.96,442.34,106.90,360.39,0.6097,-1,-1,-1
102,2,650.09,441.89,103.35,294.44,0.7174,-1,-1,-1
102,3,564.84,443.80,104.80,358.25,0.6218,-1,-1,-1
102,10,1256.91,441.00,37.79,105.92,0.5568,-1,-1,-1
102,5,754.81,456.57,87.61,231.09,0.7435,-1,-1,-1
102,18,497.21,441.15,104.29,305.50,0.5787,-1,-1,-1
102,19,563.49,443.41,105.71,361.20,0.6218,-1,-1,-1
103,2,650.95,440.88,105.62,294.55,0.7069,-1,-1,-1
103,3,566.14,444.22,105.49,358.32,0.5751,-1,-1,-1
103,10,1257.88,442.73,37.28,104.01,0.4838,-1,-1,-1
103,5,754.51,457.06,87.57,228.74,0.7244,-1,-1,-1
103,18,498.21,443.30,101.28,302.54,0.5507,-1,-1,-1
103,19,564.69,443.86,106.48,361.32,0.5751,-1,-1,-1
104,2,653.57,440.52,105.54,295.64,0.7208,-1,-1,-1
104,3,552.82,440.72,120.12,361.95,0.6640,-1,-1,-1
104,10,1256.79,442.54,36.66,104.80,0.4855,-1,-1,-1
104,5,755.40,457.77,87.37,229.45,0.7322,-1,-1,-1
104,18,498.82,444.71,106.07,305.47,0.3814,-1,-1,-1
104,19,551.65,440.45,120.87,364.72,0.6640,-1,-1,-1
105,2,655.39,439.97,105.74,297.30,0.7537,-1,-1,-1
105,3,541.58,437.86,132.58,363.70,0.7284,-1,-1,-1
105,10,1256.70,442.86,36.63,104.58,0.4585,-1,-1,-1
105,5,758.61,459.31,85.62,231.74,0.7587,-1,-1,-1
105,19,540.45,437.63,133.29,366.23,0.7284,-1,-1,-1
106,2,656.89,441.24,105.93,295.39,0.7512,-1,-1,-1
106,3,535.88,438.17,139.64,363.65,0.6723,-1,-1,-1
106,10,1255.57,442.40,38.17,105.76,0.4395,-1,-1,-1
106,5,760.07,459.05,85.41,233.70,0.7376,-1,-1,-1
106,19,534.79,437.95,140.33,365.94,0.6723,-1,-1,-1
107,2,658.19,441.22,108.78,295.27,0.7626,-1,-1,-1
107,3,533.93,438.51,143.98,362.88,0.6666,-1,-1,-1
107,10,1255.83,444.74,34.20,101.88,0.3547,-1,-1,-1
107,5,761.84,459.57,85.11,235.26,0.7346,-1,-1,-1
107,19,532.91,438.30,144.63,364.93,0.6666,-1,-1,-1
108,2,659.95,439.28,107.11,296.30,0.7572,-1,-1,-1
108,3,536.85,437.33,143.35,366.06,0.6899,-1,-1,-1
108,5,761.23,455.87,87.32,242.03,0.7148,-1,-1,-1
108,19,535.89,437.15,143.97,367.86,0.6899,-1,-1,-1
109,2,660.83,438.54,108.36,298.21,0.7366,-1,-1,-1
109,3,539.14,437.13,144.47,367.48,0.6967,-1,-1,-1
109,5,762.06,455.27,87.66,243.54,0.6722,-1,-1,-1
109,19,538.28,436.97,145.04,369.08,0.6967,-1,-1,-1
110,2,662.17,437.91,105.46,301.04,0.7532,-1,-1,-1
110,3,540.12,437.83,145.55,367.55,0.6862,-1,-1,-1
110,5,761.22,456.74,88.96,242.58,0.7083,-1,-1,-1
110,19,539.34,437.68,146.06,368.98,0.6862,-1,-1,-1
111,2,662.87,437.86,106.63,305.17,0.7665,-1,-1,-1
111,3,540.24,440.12,148.47,367.00,0.6626,-1,-1,-1
111,5,761.01,455.84,88.90,243.17,0.7140,-1,-1,-1
111,19,539.54,439.98,148.92,368.27,0.6626,-1,-1,-1
111,18,503.10,446.77,92.58,300.51,0.3629,-1,-1,-1
111,10,1247.49,439.96,34.42,105.76,0.4356,-1,-1,-1
112,2,665.53,437.88,105.34,306.70,0.7776,-1,-1,-1
112,3,540.48,437.67,147.97,368.49,0.6825,-1,-1,-1
112,5,761.47,452.87,88.33,246.80,0.7237,-1,-1,-1
112,19,539.84,437.56,148.39,369.60,0.6825,-1,-1,-1
112,10,1244.79,439.50,36.60,106.62,0.4792,-1,-1,-1
113,2,666.89,437.85,105.93,311.94,0.7861,-1,-1,-1
113,3,546.61,436.15,141.47,370.22,0.6971,-1,-1,-1
113,5,763.37,451.71,87.11,247.80,0.7149,-1,-1,-1
113,19,546.03,436.06,141.87,371.20,0.6971,-1,-1,-1
113,10,1244.37,440.21,36.19,105.99,0.4763,-1,-1,-1
113,13,1075.96,441.60,56.94,155.49,0.3540,-1,-1,-1
114,2,668.68,438.89,103.57,314.73,0.7899,-1,-1,-1
114,3,540.33,434.67,148.75,371.60,0.6818,-1,-1,-1
114,5,764.64,453.21,87.55,245.71,0.7036,-1,-1,-1
114,19,539.85,434.58,149.06,372.47,0.6818,-1,-1,-1
114,10,1243.29,440.71,36.54,104.84,0.5742,-1,-1,-1
114,13,1077.45,440.73,56.15,155.74,0.3854,-1,-1,-1
115,2,670.00,438.90,101.56,314.39,0.7875,-1,-1,-1
115,3,557.17,435.61,132.39,370.87,0.6534,-1,-1,-1
115,5,766.54,454.39,88.62,244.52,0.6932,-1,-1,-1
115,19,556.70,435.54,132.71,371.64,0.6534,-1,-1,-1
115,10,1242.08,440.81,36.91,103.37,0.5541,-1,-1,-1
115,13,1080.49,439.73,54.88,155.70,0.3435,-1,-1,-1
116,2,672.37,438.88,98.24,312.45,0.7857,-1,-1,-1
116,3,559.38,435.33,130.19,372.32,0.6313,-1,-1,-1
116,5,767.53,451.96,88.80,247.36,0.6744,-1,-1,-1
116,19,559.01,435.26,130.45,372.99,0.6313,-1,-1,-1
116,10,1240.69,441.18,37.49,102.48,0.5972,-1,-1,-1
116,13,1082.50,441.31,53.22,154.08,0.4031,-1,-1,-1
117,2,672.79,439.89,98.46,312.00,0.7958,-1,-1,-1
117,3,550.04,434.52,139.14,373.10,0.6800,-1,-1,-1
117,5,770.23,452.20,86.84,246.67,0.6476,-1,-1,-1
117,19,549.73,434.46,139.35,373.70,0.6800,-1,-1,-1
117,10,1241.10,441.39,36.12,101.14,0.5701,-1,-1,-1
117,13,1082.68,442.48,52.73,152.00,0.4225,-1,-1,-1
118,2,674.66,440.13,94.95,313.79,0.7997,-1,-1,-1
118,3,543.15,435.18,145.72,376.98,0.6853,-1,-1,-1
118,5,770.01,454.35,83.44,244.88,0.6585,-1,-1,-1
118,19,542.86,435.12,145.91,377.51,0.6853,-1,-1,-1
118,10,1240.86,442.21,35.97,99.90,0.5430,-1,-1,-1
118,13,1082.51,440.78,53.56,154.46,0.4556,-1,-1,-1
119,2,675.27,440.61,94.51,317.96,0.8143,-1,-1,-1
119,3,528.66,439.40,161.81,379.14,0.7318,-1,-1,-1
119,5,769.19,452.49,88.79,245.56,0.7132,-1,-1,-1
119,19,528.40,439.35,161.97,379.61,0.7318,-1,-1,-1
119,10,1239.54,442.86,36.78,97.99,0.5295,-1,-1,-1
119,13,1083.03,443.08,53.17,151.64,0.4187,-1,-1,-1
120,2,677.25,441.33,94.30,319.50,0.8120,-1,-1,-1
120,3,524.06,442.55,167.63,378.76,0.7667,-1,-1,-1
120,5,770.18,451.95,92.06,246.92,0.7127,-1,-1,-1
120,19,523.82,442.50,167.79,379.18,0.7667,-1,-1,-1
120,10,1237.95,442.94,37.40,100.09,0.5373,-1,-1,-1
120,13,1082.69,444.26,52.86,150.55,0.3528,-1,-1,-1
121,2,678.58,441.27,93.80,320.72,0.8155,-1,-1,-1
121,3,521.09,444.60,173.19,378.76,0.7728,-1,-1,-1
121,5,769.00,453.44,98.16,245.86,0.6843,-1,-1,-1
121,19,520.87,444.56,173.34,379.13,0.7728,-1,-1,-1
121,10,1238.45,443.18,35.10,101.02,0.4973,-1,-1,-1
121,13,1082.91,445.41,52.66,149.75,0.3514,-1,-1,-1
122,2,680.54,440.41,95.30,320.81,0.8006,-1,-1,-1
122,3,521.96,445.91,175.00,380.39,0.8126,-1,-1,-1
122,5,773.69,452.71,102.73,248.14,0.5892,-1,-1,-1
122,19,521.76,445.88,175.14,380.71,0.8126,-1,-1,-1
122,10,1236.88,445.44,34.38,99.92,0.4611,-1,-1,-1
122,13,1083.88,449.05,51.59,145.93,0.3728,-1,-1,-1
123,2,683.05,439.51,93.88,322.82,0.8125,-1,-1,-1
123,3,524.56,443.75,175.01,386.04,0.8009,-1,-1,-1
123,5,773.97,456.65,107.94,244.99,0.7212,-1,-1,-1
123,19,524.38,443.72,175.13,386.32,0.8009,-1,-1,-1
123,10,1236.03,450.50,35.02,96.24,0.5365,-1,-1,-1
123,13,1084.53,448.58,50.73,146.27,0.3631,-1,-1,-1
124,2,684.77,438.55,92.94,325.19,0.8053,-1,-1,-1
124,3,526.52,442.69,174.97,391.40,0.6875,-1,-1,-1
124,5,774.77,456.98,109.94,245.43,0.7238,-1,-1,-1
124,19,526.35,442.66,175.08,391.65,0.6875,-1,-1,-1
124,10,1235.37,453.77,35.49,93.44,0.5574,-1,-1,-1
124,13,1085.78,449.11,49.46,144.93,0.3520,-1,-1,-1
125,2,685.28,437.76,92.36,327.10,0.8167,-1,-1,-1
125,3,526.51,442.24,176.98,391.88,0.7676,-1,-1,-1
125,5,778.60,459.53,108.76,244.09,0.7428,-1,-1,-1
125,19,526.37,442.22,177.08,392.11,0.7676,-1,-1,-1
125,10,1233.51,454.62,36.25,93.94,0.5471,-1,-1,-1
125,13,1083.51,453.80,49.97,140.15,0.3691,-1,-1,-1
126,2,685.55,437.73,94.23,327.39,0.8112,-1,-1,-1
126,3,544.60,442.18,156.47,391.47,0.6419,-1,-1,-1
126,5,780.27,457.77,105.73,246.34,0.7284,-1,-1,-1
126,19,544.46,442.16,156.56,391.68,0.6419,-1,-1,-1
126,10,1230.41,453.39,38.29,95.97,0.5454,-1,-1,-1
126,13,1082.43,456.64,49.00,137.49,0.3075,-1,-1,-1
127,2,684.81,437.98,96.65,328.21,0.8122,-1,-1,-1
127,3,548.74,440.89,152.57,392.52,0.6710,-1,-1,-1
127,5,782.17,456.95,102.86,248.17,0.7183,-1,-1,-1
127,19,548.63,440.87,152.64,392.70,0.6710,-1,-1,-1
127,10,1227.44,452.46,40.80,97.82,0.5223,-1,-1,-1
127,13,1081.16,458.30,49.83,136.12,0.3098,-1,-1,-1
128,2,684.81,437.71,101.08,329.01,0.8133,-1,-1,-1
128,3,556.56,440.75,147.83,392.21,0.6725,-1,-1,-1
128,5,783.31,461.50,100.92,243.29,0.6857,-1,-1,-1
128,19,556.47,440.73,147.89,392.36,0.6725,-1,-1,-1
128,10,1225.31,454.27,42.45,98.19,0.5051,-1,-1,-1
128,13,1079.72,459.21,52.42,135.52,0.3465,-1,-1,-1
129,2,683.51,437.71,103.44,328.83,0.8330,-1,-1,-1
129,3,557.87,441.45,149.61,391.24,0.6803,-1,-1,-1
129,5,785.39,459.98,101.69,244.21,0.6778,-1,-1,-1
129,19,557.79,441.44,149.67,391.38,0.6803,-1,-1,-1
129,10,1223.18,461.75,44.12,92.47,0.4227,-1,-1,-1
129,13,1082.69,458.52,51.47,136.90,0.3203,-1,-1,-1
130,2,682.38,437.50,105.14,328.99,0.8317,-1,-1,-1
130,3,551.76,441.96,157.99,390.31,0.6637,-1,-1,-1
130,5,787.01,459.41,101.09,244.96,0.7441,-1,-1,-1
130,19,551.69,441.95,158.03,390.43,0.6637,-1,-1,-1
130,10,1222.76,456.53,43.32,97.94,0.4338,-1,-1,-1
130,13,1081.21,460.65,52.40,134.57,0.3689,-1,-1,-1
131,2,682.16,437.05,104.87,330.39,0.8232,-1,-1,-1
131,3,566.37,440.67,144.94,391.20,0.5512,-1,-1,-1
131,5,789.88,459.03,100.57,246.74,0.7647,-1,-1,-1
131,19,566.31,440.66,144.98,391.31,0.5512,-1,-1,-1
131,10,1222.50,462.38,44.57,92.78,0.3964,-1,-1,-1
131,13,1084.24,458.72,51.29,136.67,0.3087,-1,-1,-1
132,2,683.63,436.16,102.99,331.46,0.8129,-1,-1,-1
132,3,570.79,440.33,144.70,390.38,0.5694,-1,-1,-1
132,5,792.16,457.22,100.61,248.91,0.7883,-1,-1,-1
132,19,570.74,440.32,144.73,390.48,0.5694,-1,-1,-1
133,2,684.19,435.71,102.33,331.84,0.8012,-1,-1,-1
133,3,584.14,438.83,132.91,391.46,0.6247,-1,-1,-1
133,5,793.42,457.93,99.81,248.63,0.7895,-1,-1,-1
133,19,584.09,438.82,132.94,391.54,0.6247,-1,-1,-1
133,17,491.08,461.05,41.29,109.39,0.3528,-1,-1,-1
134,2,685.19,434.52,102.97,333.03,0.7910,-1,-1,-1
134,3,584.13,439.55,135.26,390.70,0.6259,-1,-1,-1
134,5,794.99,454.86,101.02,251.12,0.7735,-1,-1,-1
134,19,584.09,439.54,135.28,390.77,0.6259,-1,-1,-1
134,17,491.05,457.58,41.73,112.70,0.3043,-1,-1,-1
135,2,685.39,433.08,104.24,333.25,0.7844,-1,-1,-1
135,3,580.76,439.93,140.36,391.38,0.6394,-1,-1,-1
135,5,793.45,451.87,103.32,254.68,0.7168,-1,-1,-1
135,19,580.72,439.92,140.38,391.45,0.6394,-1,-1,-1
135,17,489.26,460.30,42.09,109.78,0.3707,-1,-1,-1
136,2,685.70,433.06,104.96,332.46,0.7734,-1,-1,-1
136,3,575.98,439.47,146.11,395.62,0.6527,-1,-1,-1
136,5,794.49,450.96,101.23,256.21,0.7076,-1,-1,-1
136,19,575.95,439.46,146.13,395.67,0.6527,-1,-1,-1
136,17,489.82,457.71,41.03,112.60,0.3797,-1,-1,-1
137,2,691.83,433.60,103.04,329.98,0.7814,-1,-1,-1
137,3,586.20,437.38,135.62,408.52,0.6708,-1,-1,-1
137,5,796.81,452.41,98.39,255.65,0.7601,-1,-1,-1
137,19,586.17,437.37,135.64,408.57,0.6708,-1,-1,-1
137,17,490.28,459.78,40.21,110.06,0.3784,-1,-1,-1
138,2,691.31,433.91,106.16,330.63,0.7636,-1,-1,-1
138,3,588.39,437.00,134.36,417.75,0.6511,-1,-1,-1
138,5,801.30,451.22,95.04,258.70,0.7549,-1,-1,-1
138,19,588.37,437.00,134.38,417.80,0.6511,-1,-1,-1
138,17,490.22,459.92,40.29,109.83,0.3530,-1,-1,-1
139,2,693.45,433.50,106.87,331.99,0.7559,-1,-1,-1
139,3,575.61,438.51,148.02,417.77,0.6135,-1,-1,-1
139,5,806.21,450.03,92.41,261.29,0.7275,-1,-1,-1
139,19,575.59,438.51,148.03,417.81,0.6135,-1,-1,-1
139,17,491.88,459.72,39.31,110.74,0.4721,-1,-1,-1
140,2,692.98,433.95,111.20,331.81,0.7593,-1,-1,-1
140,3,569.64,438.36,154.83,417.76,0.5620,-1,-1,-1
140,5,811.58,451.59,82.80,262.88,0.7000,-1,-1,-1
140,19,569.62,438.36,154.85,417.79,0.5620,-1,-1,-1
140,17,492.12,460.19,38.73,111.29,0.4324,-1,-1,-1
140,10,1216.73,450.35,34.73,102.92,0.3415,-1,-1,-1
141,2,692.59,433.14,114.67,334.03,0.7573,-1,-1,-1
141,3,563.34,438.40,160.71,419.04,0.5597,-1,-1,-1
141,5,815.37,451.61,82.40,262.42,0.6511,-1,-1,-1
141,19,563.32,438.40,160.72,419.08,0.5597,-1,-1,-1
141,17,491.74,459.54,39.55,112.05,0.3643,-1,-1,-1
141,10,1214.00,448.68,36.57,104.85,0.4122,-1,-1,-1
142,2,693.09,433.36,122.49,332.49,0.7613,-1,-1,-1
142,3,557.44,438.68,166.43,415.46,0.5181,-1,-1,-1
142,5,816.52,448.29,86.09,267.81,0.6415,-1,-1,-1
142,19,557.43,438.68,166.43,415.49,0.5181,-1,-1,-1
142,17,491.09,460.59,39.29,111.06,0.3090,-1,-1,-1
142,10,1211.55,447.98,36.97,104.96,0.4059,-1,-1,-1
143,2,694.49,435.38,127.45,330.73,0.7710,-1,-1,-1
143,3,571.74,435.58,150.81,427.23,0.5330,-1,-1,-1
143,5,818.11,447.61,85.68,268.04,0.6269,-1,-1,-1
143,19,571.73,435.58,150.82,427.26,0.5330,-1,-1,-1
143,10,1210.18,445.71,36.39,106.97,0.3843,-1,-1,-1
144,2,694.01,436.29,135.28,331.47,0.7510,-1,-1,-1
144,3,550.02,437.00,173.56,433.36,0.5173,-1,-1,-1
144,5,820.60,448.37,84.82,265.60,0.5453,-1,-1,-1
144,19,550.01,437.00,173.57,433.38,0.5173,-1,-1,-1
144,10,1208.01,444.11,35.28,109.30,0.3251,-1,-1,-1
145,2,694.00,437.87,141.24,330.71,0.7514,-1,-1,-1
145,3,543.35,437.09,180.06,439.50,0.6340,-1,-1,-1
145,5,823.44,453.27,82.79,258.83,0.5678,-1,-1,-1
145,19,543.34,437.09,180.06,439.52,0.6340,-1,-1,-1
145,10,1206.76,443.18,34.34,110.23,0.3654,-1,-1,-1
145,17,478.60,469.49,47.25,104.53,0.3479,-1,-1,-1
146,2,696.26,438.27,142.29,331.16,0.7429,-1,-1,-1
146,3,540.63,438.40,182.28,444.17,0.7286,-1,-1,-1
146,5,826.05,454.29,81.77,256.51,0.6558,-1,-1,-1
146,19,540.62,438.40,182.28,444.18,0.7286,-1,-1,-1
146,10,1206.54,443.35,33.49,108.16,0.4388,-1,-1,-1
146,21,877.74,434.05,79.61,247.41,0.3559,-1,-1,-1
146,17,476.67,472.27,47.66,101.71,0.3684,-1,-1,-1
147,2,699.76,437.93,139.77,333.61,0.7976,-1,-1,-1
147,3,540.13,439.89,181.68,448.05,0.7201,-1,-1,-1
147,5,827.68,456.87,81.47,253.47,0.6121,-1,-1,-1
147,19,540.12,439.89,181.69,448.07,0.7201,-1,-1,-1
147,10,1203.92,446.32,34.96,103.31,0.4763,-1,-1,-1
147,21,879.08,432.75,80.79,248.41,0.4333,-1,-1,-1
147,17,475.18,470.05,47.90,103.32,0.3378,-1,-1,-1
147,13,1081.54,460.05,49.56,134.83,0.3541,-1,-1,-1
148,2,701.93,437.70,137.94,333.52,0.7743,-1,-1,-1
148,3,539.18,440.53,182.46,451.69,0.7249,-1,-1,-1
148,5,828.46,456.90,83.26,254.11,0.6525,-1,-1,-1
148,19,539.17,440.52,182.47,451.70,0.7249,-1,-1,-1
148,10,1203.05,446.38,35.09,104.42,0.4496,-1,-1,-1
148,21,881.94,432.04,80.88,247.55,0.3679,-1,-1,-1
148,17,474.66,470.84,47.36,102.75,0.3713,-1,-1,-1
148,13,1082.00,458.38,49.56,136.29,0.3648,-1,-1,-1
149,2,705.70,437.55,134.47,336.10,0.8075,-1,-1,-1
149,3,541.72,439.30,176.44,455.23,0.7300,-1,-1,-1
149,5,830.35,456.44,83.49,253.42,0.6590,-1,-1,-1
149,19,541.71,439.30,176.45,455.24,0.7300,-1,-1,-1
149,10,1200.38,447.62,37.62,102.04,0.4539,-1,-1,-1
149,21,884.91,437.98,84.63,241.49,0.5620,-1,-1,-1
149,13,1080.06,459.31,49.23,135.72,0.3017,-1,-1,-1
150,2,709.25,436.53,130.56,338.17,0.8110,-1,-1,-1
150,3,543.97,437.54,174.47,458.38,0.7687,-1,-1,-1
150,5,831.64,452.82,84.90,257.13,0.6493,-1,-1,-1
150,19,543.97,437.54,174.47,458.39,0.7687,-1,-1,-1
150,10,1197.50,449.60,40.20,99.34,0.4429,-1,-1,-1
150,21,888.49,440.03,80.55,239.06,0.6119,-1,-1,-1
150,13,1079.76,458.86,49.65,135.59,0.3427,-1,-1,-1
151,2,713.08,436.56,128.30,339.71,0.7998,-1,-1,-1
151,3,543.55,438.18,172.03,458.01,0.7587,-1,-1,-1
151,5,831.15,449.88,88.06,261.62,0.6708,-1,-1,-1
151,19,543.55,438.18,172.04,458.02,0.7587,-1,-1,-1
151,10,1196.74,450.75,40.29,98.48,0.4642,-1,-1,-1
151,21,890.46,439.04,83.19,238.93,0.6621,-1,-1,-1
151,13,1079.63,456.90,50.75,137.12,0.3184,-1,-1,-1
151,17,470.93,472.37,44.14,101.02,0.3660,-1,-1,-1
152,2,714.85,436.15,121.41,339.77,0.8058,-1,-1,-1
152,3,543.69,438.28,174.59,458.93,0.7524,-1,-1,-1
152,5,830.90,446.23,89.09,270.11,0.7107,-1,-1,-1
152,19,543.68,438.28,174.59,458.94,0.7524,-1,-1,-1
152,10,1195.45,451.02,40.83,98.27,0.4823,-1,-1,-1
152,21,891.20,438.48,82.00,240.19,0.4472,-1,-1,-1
153,2,715.50,435.40,122.85,341.32,0.8439,-1,-1,-1
153,3,539.79,437.71,167.88,458.26,0.7396,-1,-1,-1
153,5,831.37,445.44,89.19,271.39,0.7250,-1,-1,-1
153,19,539.79,437.71,167.88,458.27,0.7396,-1,-1,-1
153,10,1194.11,451.36,39.97,96.83,0.4861,-1,-1,-1
154,2,717.29,435.46,122.55,341.11,0.8570,-1,-1,-1
154,3,537.61,433.70,164.87,461.90,0.7488,-1,-1,-1
154,5,832.48,448.60,87.43,274.35,0.6950,-1,-1,-1
154,19,537.60,433.70,164.88,461.91,0.7488,-1,-1,-1
154,10,1193.46,451.53,38.64,96.16,0.5308,-1,-1,-1
154,21,894.54,436.85,75.83,240.58,0.5449,-1,-1,-1
155,2,719.26,436.20,123.16,340.69,0.8590,-1,-1,-1
155,3,533.06,433.56,167.84,462.87,0.7408,-1,-1,-1
155,5,833.49,448.22,87.10,278.14,0.6802,-1,-1,-1
155,19,533.06,433.56,167.84,462.88,0.7408,-1,-1,-1
155,10,1192.41,452.02,38.16,96.14,0.5440,-1,-1,-1
155,21,896.99,436.47,74.44,243.60,0.6244,-1,-1,-1
156,2,721.85,434.40,121.70,341.94,0.8376,-1,-1,-1
156,3,531.47,434.10,165.81,462.48,0.7565,-1,-1,-1
156,5,834.33,445.69,88.45,282.47,0.6889,-1,-1,-1
156,19,531.47,434.10,165.81,462.49,0.7565,-1,-1,-1
156,10,1191.44,450.25,37.12,96.98,0.5352,-1,-1,-1
156,21,899.37,436.79,71.31,247.34,0.5884,-1,-1,-1
157,2,723.07,433.68,125.36,342.21,0.8118,-1,-1,-1
157,3,529.52,434.43,166.08,462.86,0.7260,-1,-1,-1
157,5,837.32,444.79,87.95,282.76,0.6968,-1,-1,-1
157,19,529.52,434.43,166.08,462.87,0.7260,-1,-1,-1
157,10,1190.81,452.45,34.79,94.98,0.4865,-1,-1,-1
157,21,902.59,437.16,70.98,249.93,0.4404,-1,-1,-1
157,23,660.63,439.38,85.49,340.81,0.4339,-1,-1,-1
158,2,725.89,433.22,128.43,341.62,0.7642,-1,-1,-1
158,3,529.85,432.49,168.00,464.89,0.7491,-1,-1,-1
158,5,841.13,444.64,90.14,284.21,0.7169,-1,-1,-1
158,19,529.85,432.49,168.01,464.89,0.7491,-1,-1,-1
158,10,1191.12,456.79,31.56,90.51,0.3835,-1,-1,-1
158,21,905.80,438.51,70.01,178.99,0.4428,-1,-1,-1
158,23,664.16,438.42,82.36,343.21,0.5347,-1,-1,-1
159,2,730.83,434.67,128.88,339.61,0.7618,-1,-1,-1
159,3,524.53,431.65,174.40,464.99,0.7792,-1,-1,-1
159,5,843.83,444.81,87.63,285.51,0.7388,-1,-1,-1
159,19,524.52,431.65,174.40,464.99,0.7792,-1,-1,-1
159,21,902.39,441.27,83.61,226.45,0.4185,-1,-1,-1
159,23,667.15,437.47,82.46,345.09,0.5180,-1,-1,-1
160,2,736.77,431.84,122.07,343.04,0.7585,-1,-1,-1
160,3,525.86,432.14,171.70,462.99,0.7845,-1,-1,-1
160,5,845.62,446.62,86.10,282.89,0.7416,-1,-1,-1
160,19,525.86,432.14,171.70,462.99,0.7845,-1,-1,-1
160,21,909.98,440.04,74.86,173.94,0.3849,-1,-1,-1
160,23,668.86,437.56,81.76,345.84,0.5328,-1,-1,-1
161,2,740.72,430.38,118.88,344.90,0.7790,-1,-1,-1
161,3,526.80,433.83,170.71,459.52,0.7808,-1,-1,-1
161,5,847.44,447.48,86.65,281.88,0.7504,-1,-1,-1
161,19,526.80,433.83,170.71,459.52,0.7808,-1,-1,-1
161,21,916.11,440.11,71.06,150.28,0.3999,-1,-1,-1
161,23,668.99,439.43,82.77,347.22,0.6254,-1,-1,-1
162,2,743.96,429.72,116.85,347.74,0.7775,-1,-1,-1
162,3,525.70,433.15,176.41,460.08,0.7729,-1,-1,-1
162,5,848.92,448.68,88.39,282.09,0.7439,-1,-1,-1
162,19,525.70,433.15,176.41,460.09,0.7729,-1,-1,-1
162,21,917.89,441.25,76.99,141.88,0.3188,-1,-1,-1
162,23,669.94,440.43,82.34,349.95,0.6212,-1,-1,-1
163,2,746.23,431.00,115.95,347.70,0.7901,-1,-1,-1
163,3,527.00,432.75,178.77,461.77,0.8000,-1,-1,-1
163,5,851.32,449.47,91.26,282.18,0.7395,-1,-1,-1
163,19,526.99,432.75,178.77,461.78,0.8000,-1,-1,-1
163,21,921.16,440.08,79.66,223.36,0.5745,-1,-1,-1
163,23,670.99,440.61,81.33,358.06,0.5953,-1,-1,-1
163,10,1188.78,444.99,30.45,101.09,0.4376,-1,-1,-1
164,2,748.88,431.46,115.88,350.32,0.7863,-1,-1,-1
164,3,527.09,431.71,183.19,465.55,0.7893,-1,-1,-1
164,5,852.69,449.82,98.15,283.20,0.7083,-1,-1,-1
164,19,527.09,431.71,183.19,465.55,0.7893,-1,-1,-1
164,21,922.75,439.97,82.12,245.39,0.5587,-1,-1,-1
164,23,671.72,439.46,83.33,362.12,0.5996,-1,-1,-1
164,25,1137.96,438.00,45.98,108.17,0.3958,-1,-1,-1
164,10,1187.32,443.46,31.33,101.93,0.5074,-1,-1,-1
165,2,749.87,430.78,116.08,352.30,0.7891,-1,-1,-1
165,3,528.08,431.29,187.21,468.27,0.8057,-1,-1,-1
165,5,854.96,450.59,107.67,282.71,0.6620,-1,-1,-1
165,19,528.08,431.29,187.21,468.27,0.8057,-1,-1,-1
165,21,922.34,439.11,85.40,258.26,0.5202,-1,-1,-1
165,23,672.58,440.83,87.84,352.58,0.6941,-1,-1,-1
165,10,1186.68,451.49,30.92,93.92,0.3327,-1,-1,-1
166,2,751.24,430.68,116.05,355.56,0.7907,-1,-1,-1
166,3,528.38,431.42,190.27,470.53,0.7934,-1,-1,-1
166,5,856.60,452.90,108.76,283.93,0.6402,-1,-1,-1
166,19,528.38,431.42,190.27,470.53,0.7934,-1,-1,-1
166,21,926.19,436.65,82.48,260.45,0.5088,-1,-1,-1
166,23,673.36,441.68,90.77,351.55,0.7230,-1,-1,-1
167,2,751.55,431.04,116.20,356.42,0.7967,-1,-1,-1
167,3,529.69,432.22,194.49,471.35,0.8013,-1,-1,-1
167,5,859.40,451.09,120.68,283.64,0.7056,-1,-1,-1
167,19,529.69,432.22,194.49,471.35,0.8013,-1,-1,-1
167,21,930.91,436.26,78.31,256.82,0.5912,-1,-1,-1
167,23,674.22,441.92,91.24,351.78,0.7099,-1,-1,-1
168,2,752.78,432.11,116.18,356.93,0.7931,-1,-1,-1
168,3,530.92,433.64,205.74,469.25,0.8079,-1,-1,-1
168,5,861.81,448.16,126.57,285.96,0.7509,-1,-1,-1
168,19,530.92,433.64,205.74,469.25,0.8079,-1,-1,-1
168,21,936.42,434.96,74.54,251.83,0.5952,-1,-1,-1
168,23,674.60,442.38,91.15,353.57,0.7276,-1,-1,-1
168,25,1145.25,440.97,45.99,104.02,0.3478,-1,-1,-1
169,2,753.59,433.84,115.26,356.19,0.7998,-1,-1,-1
169,3,531.64,430.29,218.33,471.24,0.8084,-1,-1,-1
169,5,864.13,447.02,124.01,288.26,0.7803,-1,-1,-1
169,19,531.64,430.29,218.33,471.25,0.8084,-1,-1,-1
169,21,941.43,434.35,70.47,245.92,0.5911,-1,-1,-1
169,23,675.74,442.60,90.66,354.82,0.7356,-1,-1,-1
169,25,1146.99,440.99,44.77,103.92,0.3554,-1,-1,-1
170,2,755.82,434.80,114.46,356.07,0.7811,-1,-1,-1
170,3,531.94,429.64,229.73,471.39,0.8299,-1,-1,-1
170,5,868.06,446.43,120.80,289.95,0.7985,-1,-1,-1
170,19,531.94,429.64,229.73,471.39,0.8299,-1,-1,-1
170,21,943.98,434.08,69.91,240.75,0.6175,-1,-1,-1
170,23,677.48,442.46,88.89,356.08,0.7286,-1,-1,-1
170,25,1147.63,442.23,44.58,102.85,0.4361,-1,-1,-1
171,2,757.61,435.38,113.05,350.87,0.7893,-1,-1,-1
171,3,533.75,430.00,237.81,471.15,0.8573,-1,-1,-1
171,5,870.57,446.51,118.62,291.28,0.7918,-1,-1,-1
171,19,533.75,430.00,237.81,471.15,0.8573,-1,-1,-1
171,21,946.41,435.25,71.06,246.99,0.6677,-1,-1,-1
171,23,678.13,442.36,89.68,359.61,0.7302,-1,-1,-1
171,25,1146.97,444.26,45.97,100.97,0.4404,-1,-1,-1
172,2,759.97,436.19,115.61,347.64,0.8123,-1,-1,-1
172,3,535.73,432.35,240.55,470.57,0.8474,-1,-1,-1
172,5,871.19,447.03,118.44,291.43,0.7948,-1,-1,-1
172,19,535.73,432.35,240.55,470.57,0.8474,-1,-1,-1
172,21,950.24,435.30,73.31,251.77,0.6847,-1,-1,-1
172,23,679.85,444.26,86.46,358.14,0.7009,-1,-1,-1
172,25,1147.31,445.53,44.04,100.32,0.4060,-1,-1,-1
173,2,761.79,437.15,117.08,345.51,0.8188,-1,-1,-1
173,3,537.61,432.42,236.50,470.22,0.8567,-1,-1,-1
173,5,872.91,445.57,117.76,293.34,0.7876,-1,-1,-1
173,19,537.61,432.42,236.51,470.22,0.8567,-1,-1,-1
173,21,952.14,434.68,75.35,258.00,0.6620,-1,-1,-1
173,23,681.21,446.09,88.33,352.66,0.6246,-1,-1,-1
173,25,1147.61,446.43,41.76,99.97,0.3462,-1,-1,-1
173,13,1085.96,455.04,44.71,140.27,0.3415,-1,-1,-1
174,2,762.58,438.77,119.75,347.72,0.8228,-1,-1,-1
174,3,541.55,432.64,233.17,471.66,0.8521,-1,-1,-1
174,5,874.77,444.97,118.42,294.01,0.7877,-1,-1,-1
174,19,541.55,432.64,233.18,471.66,0.8521,-1,-1,-1
174,21,954.29,435.28,74.91,260.38,0.6314,-1,-1,-1
174,23,685.56,449.56,85.44,349.72,0.4762,-1,-1,-1
174,13,1085.06,455.35,46.05,140.25,0.4163,-1,-1,-1
175,2,766.36,439.67,117.98,349.70,0.8433,-1,-1,-1
175,3,548.39,433.50,227.83,471.61,0.8354,-1,-1,-1
175,5,876.41,444.30,117.44,294.58,0.7925,-1,-1,-1
175,19,548.39,433.50,227.83,471.61,0.8354,-1,-1,-1
175,21,957.24,435.21,75.76,262.17,0.6017,-1,-1,-1
175,13,1084.90,455.99,45.80,139.79,0.3236,-1,-1,-1
175,10,1151.80,453.05,54.36,94.48,0.4234,-1,-1,-1
176,2,768.03,441.18,116.15,354.26,0.8304,-1,-1,-1
176,3,556.55,433.14,219.41,474.17,0.7968,-1,-1,-1
176,5,877.95,443.85,115.71,294.75,0.7983,-1,-1,-1
176,19,556.55,433.14,219.41,474.17,0.7968,-1,-1,-1
176,21,960.23,434.74,79.69,261.44,0.5878,-1,-1,-1
176,13,1082.56,455.63,47.88,139.84,0.3483,-1,-1,-1
176,10,1151.80,455.19,54.06,91.36,0.4380,-1,-1,-1
177,2,768.43,441.31,117.57,355.29,0.8227,-1,-1,-1
177,3,558.65,435.68,216.35,473.11,0.7981,-1,-1,-1
177,5,880.29,445.49,115.16,293.07,0.7897,-1,-1,-1
177,19,558.65,435.68,216.35,473.11,0.7981,-1,-1,-1
177,21,962.49,434.42,83.24,262.64,0.5193,-1,-1,-1
177,10,1153.29,451.60,52.29,96.32,0.3970,-1,-1,-1
178,2,772.43,440.88,113.48,356.12,0.8095,-1,-1,-1
178,3,561.43,434.22,214.37,474.56,0.8391,-1,-1,-1
178,5,885.76,446.91,110.84,290.88,0.7655,-1,-1,-1
178,19,561.43,434.22,214.37,474.56,0.8391,-1,-1,-1
178,21,963.53,433.30,90.06,265.92,0.4591,-1,-1,-1
178,10,1153.29,448.19,48.42,98.86,0.4752,-1,-1,-1
179,2,774.52,439.83,113.48,355.71,0.7900,-1,-1,-1
179,3,568.90,433.11,207.57,477.00,0.8620,-1,-1,-1
179,5,890.36,446.03,106.91,291.93,0.7733,-1,-1,-1
179,19,568.90,433.11,207.57,477.00,0.8620,-1,-1,-1
179,21,964.83,434.29,93.57,265.65,0.5236,-1,-1,-1
179,10,1155.23,450.31,46.27,97.22,0.4627,-1,-1,-1
180,2,777.09,438.62,116.92,357.32,0.7647,-1,-1,-1
180,3,575.82,431.08,200.98,479.00,0.8399,-1,-1,-1
180,5,895.47,445.37,101.49,292.81,0.7770,-1,-1,-1
180,19,575.82,431.08,200.98,479.00,0.8399,-1,-1,-1
180,21,968.67,434.21,101.65,263.89,0.4872,-1,-1,-1
180,10,1156.19,449.90,42.44,98.03,0.4490,-1,-1,-1
180,26,465.26,464.12,38.81,111.69,0.4749,-1,-1,-1
181,2,778.92,437.04,116.21,358.30,0.7562,-1,-1,-1
181,3,581.54,426.24,197.07,484.64,0.8644,-1,-1,-1
181,5,901.48,444.02,97.34,295.09,0.7275,-1,-1,-1
181,19,581.54,426.24,197.07,484.64,0.8644,-1,-1,-1
181,21,971.38,436.06,94.89,264.48,0.6199,-1,-1,-1
181,10,1156.14,447.56,40.21,99.40,0.4797,-1,-1,-1
181,26,466.55,467.03,37.34,107.69,0.3700,-1,-1,-1
181,27,571.38,449.12,58.85,110.72,0.4072,-1,-1,-1
181,13,1078.81,445.82,51.64,151.07,0.3512,-1,-1,-1
182,2,781.01,435.82,116.36,362.59,0.7531,-1,-1,-1
182,3,583.96,424.52,197.61,486.29,0.8652,-1,-1,-1
182,5,910.19,445.21,91.33,296.38,0.7128,-1,-1,-1
182,19,583.96,424.52,197.62,486.29,0.8652,-1,-1,-1
182,21,976.24,435.27,91.03,268.23,0.6129,-1,-1,-1
182,10,1156.50,446.77,38.63,100.01,0.5441,-1,-1,-1
182,26,467.09,470.92,37.30,103.54,0.4216,-1,-1,-1
182,27,571.09,445.17,59.08,119.63,0.4494,-1,-1,-1
182,13,1080.62,444.75,50.48,152.57,0.3734,-1,-1,-1
183,2,783.19,434.82,117.55,366.18,0.7696,-1,-1,-1
183,3,587.29,424.39,195.41,486.54,0.8582,-1,-1,-1
183,5,916.09,443.64,89.94,297.83,0.7463,-1,-1,-1
183,19,587.29,424.39,195.41,486.54,0.8582,-1,-1,-1
183,21,980.01,436.43,88.23,263.95,0.6248,-1,-1,-1
183,10,1157.28,448.29,36.67,98.46,0.5408,-1,-1,-1
183,26,466.77,472.46,38.51,102.67,0.3819,-1,-1,-1
183,27,570.57,446.92,60.11,129.67,0.4807,-1,-1,-1
183,13,1081.96,444.55,49.34,152.70,0.3265,-1,-1,-1
184,2,784.41,434.05,118.35,367.80,0.7830,-1,-1,-1
184,3,591.16,425.19,192.51,485.38,0.8523,-1,-1,-1
184,5,922.90,441.94,87.11,299.30,0.7692,-1,-1,-1
184,19,591.16,425.19,192.51,485.38,0.8523,-1,-1,-1
184,21,983.02,439.25,86.53,251.64,0.6324,-1,-1,-1
184,10,1155.35,450.05,39.25,98.20,0.6058,-1,-1,-1
184,26,466.36,472.84,38.76,102.21,0.4029,-1,-1,-1
184,27,571.23,444.39,59.78,145.45,0.4363,-1,-1,-1
184,13,1082.40,442.58,50.06,154.40,0.3376,-1,-1,-1
185,2,786.12,434.31,118.36,369.05,0.7815,-1,-1,-1
185,3,597.86,426.86,187.29,483.52,0.8411,-1,-1,-1
185,5,926.28,441.53,86.03,302.15,0.7594,-1,-1,-1
185,19,597.86,426.86,187.29,483.52,0.8411,-1,-1,-1
185,21,986.13,440.57,85.40,252.81,0.6331,-1,-1,-1
185,10,1155.21,451.21,39.64,96.09,0.5553,-1,-1,-1
185,26,466.44,474.77,40.09,100.87,0.4628,-1,-1,-1
185,27,571.03,444.36,61.28,156.79,0.4476,-1,-1,-1
185,13,1082.13,439.15,50.67,157.98,0.3231,-1,-1,-1
186,2,787.12,434.73,116.29,368.40,0.8026,-1,-1,-1
186,3,602.94,426.24,184.49,484.05,0.8439,-1,-1,-1
186,5,929.16,443.88,85.19,304.85,0.7449,-1,-1,-1
186,19,602.94,426.24,184.49,484.05,0.8439,-1,-1,-1
186,21,988.94,442.09,84.59,246.37,0.5735,-1,-1,-1
186,10,1153.77,448.86,43.60,97.93,0.5950,-1,-1,-1
186,26,467.04,477.37,40.99,98.39,0.4712,-1,-1,-1
186,27,571.37,439.30,58.39,172.77,0.4867,-1,-1,-1
187,2,789.85,435.04,114.63,368.36,0.8029,-1,-1,-1
187,3,608.53,427.57,179.41,484.03,0.8414,-1,-1,-1
187,5,930.19,444.74,88.45,307.13,0.7316,-1,-1,-1
187,19,608.53,427.57,179.41,484.03,0.8414,-1,-1,-1
187,21,994.27,442.52,82.87,250.02,0.6259,-1,-1,-1
187,10,1154.33,449.88,44.51,96.43,0.5454,-1,-1,-1
187,26,467.12,477.76,41.33,97.95,0.4649,-1,-1,-1
187,27,572.10,435.22,57.06,177.98,0.4805,-1,-1,-1
188,2,792.28,434.68,114.27,366.01,0.8120,-1,-1,-1
188,3,610.56,426.81,179.53,491.94,0.8356,-1,-1,-1
188,5,932.59,442.74,91.36,309.76,0.6868,-1,-1,-1
188,19,610.56,426.81,179.53,491.94,0.8356,-1,-1,-1
188,21,997.82,443.86,80.28,250.16,0.5068,-1,-1,-1
188,10,1155.32,451.34,43.49,96.11,0.5015,-1,-1,-1
188,26,467.43,478.32,39.01,96.94,0.3661,-1,-1,-1
188,27,571.29,434.07,59.60,182.82,0.4445,-1,-1,-1
189,2,794.65,433.57,112.71,367.49,0.8098,-1,-1,-1
189,3,612.62,426.21,178.48,501.26,0.7961,-1,-1,-1
189,5,934.10,442.06,101.44,311.60,0.7795,-1,-1,-1
189,19,612.62,426.21,178.48,501.26,0.7961,-1,-1,-1
189,21,1004.07,439.96,81.63,261.57,0.5323,-1,-1,-1
189,10,1155.90,448.04,43.07,99.57,0.4806,-1,-1,-1
189,26,466.74,477.53,39.77,98.41,0.4104,-1,-1,-1
189,27,570.23,433.10,59.38,183.52,0.5286,-1,-1,-1
190,2,796.93,432.74,116.46,371.20,0.8025,-1,-1,-1
190,3,616.38,426.21,180.64,509.06,0.7024,-1,-1,-1
190,5,936.94,442.55,107.19,310.80,0.7576,-1,-1,-1
190,19,616.38,426.21,180.64,509.06,0.7024,-1,-1,-1
190,21,1009.16,440.35,80.03,266.18,0.4662,-1,-1,-1
190,10,1153.45,448.74,45.21,99.43,0.4186,-1,-1,-1
190,26,467.62,477.35,38.27,98.39,0.3894,-1,-1,-1
190,27,569.89,436.83,61.47,178.10,0.5401,-1,-1,-1
191,2,799.07,432.54,116.01,371.60,0.7812,-1,-1,-1
191,3,620.32,425.97,179.08,515.23,0.7481,-1,-1,-1
191,5,940.83,443.18,112.99,311.00,0.7603,-1,-1,-1
191,19,620.32,425.97,179.08,515.23,0.7481,-1,-1,-1
191,21,1012.11,437.26,78.25,272.07,0.3276,-1,-1,-1
191,10,1152.52,446.64,47.89,101.55,0.4996,-1,-1,-1
191,26,466.24,477.48,36.81,97.99,0.3551,-1,-1,-1
191,27,569.06,443.49,60.91,173.48,0.5806,-1,-1,-1
192,2,800.87,430.19,115.54,377.73,0.7870,-1,-1,-1
192,3,624.69,426.21,177.03,523.67,0.7263,-1,-1,-1
192,5,943.58,447.17,114.28,306.72,0.7592,-1,-1,-1
192,19,624.69,426.21,177.03,523.67,0.7263,-1,-1,-1
192,10,1150.76,446.99,49.66,101.77,0.4783,-1,-1,-1
192,26,465.15,477.30,36.48,97.32,0.3431,-1,-1,-1
192,27,568.40,443.03,63.40,174.11,0.5895,-1,-1,-1
193,2,803.05,427.29,113.39,380.26,0.7855,-1,-1,-1
193,3,630.40,426.73,170.39,527.41,0.7651,-1,-1,-1
193,5,945.39,444.17,115.36,310.08,0.7559,-1,-1,-1
193,19,630.40,426.73,170.39,527.41,0.7651,-1,-1,-1
193,10,1149.43,443.68,50.16,105.18,0.4478,-1,-1,-1
193,26,463.99,477.78,38.32,97.51,0.3078,-1,-1,-1
193,27,569.55,442.71,62.92,174.45,0.6289,-1,-1,-1
193,21,1015.81,437.82,89.36,265.40,0.5394,-1,-1,-1
194,2,804.73,425.43,117.14,383.16,0.7886,-1,-1,-1
194,3,632.99,425.85,177.02,536.47,0.7599,-1,-1,-1
194,5,947.23,443.75,111.26,310.71,0.7483,-1,-1,-1
194,19,632.99,425.85,177.02,536.47,0.7599,-1,-1,-1
194,10,1148.02,446.79,47.32,101.83,0.3699,-1,-1,-1
194,26,461.73,476.46,37.42,99.39,0.3314,-1,-1,-1
194,27,570.14,442.50,62.85,175.62,0.6699,-1,-1,-1
194,21,1016.88,435.41,94.37,273.33,0.6467,-1,-1,-1
195,2,805.74,424.30,123.49,383.35,0.7890,-1,-1,-1
195,3,636.57,423.50,177.68,540.74,0.7843,-1,-1,-1
195,5,946.99,446.80,115.03,309.54,0.7596,-1,-1,-1
195,19,636.57,423.50,177.68,540.74,0.7843,-1,-1,-1
195,10,1147.26,445.01,43.39,103.36,0.4056,-1,-1,-1
195,27,569.81,441.77,63.82,176.40,0.6823,-1,-1,-1
195,21,1020.48,434.15,95.86,276.68,0.6927,-1,-1,-1
196,2,807.41,425.41,132.03,381.51,0.8252,-1,-1,-1
196,3,642.63,423.97,173.57,539.18,0.8009,-1,-1,-1
196,5,947.72,448.43,115.61,308.77,0.7278,-1,-1,-1
196,19,642.63,423.97,173.57,539.18,0.8009,-1,-1,-1
196,10,1146.30,441.83,43.06,106.19,0.4137,-1,-1,-1
196,27,569.83,442.42,64.93,175.78,0.6704,-1,-1,-1
196,21,1024.94,432.99,96.75,279.14,0.6813,-1,-1,-1
196,28,512.62,439.77,38.72,121.73,0.4387,-1,-1,-1
196,26,457.10,473.93,44.02,101.63,0.3468,-1,-1,-1
197,2,809.76,426.92,143.39,380.04,0.8147,-1,-1,-1
197,3,646.34,422.45,166.96,548.54,0.8227,-1,-1,-1
197,5,951.08,447.58,112.79,309.89,0.7521,-1,-1,-1
197,19,646.34,422.45,166.96,548.54,0.8227,-1,-1,-1
197,10,1145.84,443.23,42.88,104.62,0.3622,-1,-1,-1
197,27,569.61,441.40,66.37,176.00,0.6706,-1,-1,-1
197,21,1029.63,432.14,96.43,280.75,0.4690,-1,-1,-1
197,28,512.88,439.86,38.64,121.29,0.4482,-1,-1,-1
197,26,455.82,471.72,44.31,103.70,0.3353,-1,-1,-1
198,2,813.18,430.92,149.62,376.45,0.8301,-1,-1,-1
198,3,649.62,422.74,164.68,544.58,0.8328,-1,-1,-1
198,5,957.10,447.50,107.55,311.08,0.7684,-1,-1,-1
198,19,649.62,422.74,164.68,544.58,0.8328,-1,-1,-1
198,10,1146.10,441.47,42.76,106.35,0.3867,-1,-1,-1
198,27,570.23,441.70,66.67,175.67,0.6824,-1,-1,-1
198,21,1035.55,433.19,93.70,280.44,0.6464,-1,-1,-1
198,28,515.27,443.63,36.93,118.60,0.3386,-1,-1,-1
198,26,457.58,471.50,39.84,103.51,0.3184,-1,-1,-1
199,2,816.08,432.72,156.31,375.66,0.8460,-1,-1,-1
199,3,649.54,423.23,169.84,541.65,0.8391,-1,-1,-1
199,5,964.01,447.89,104.91,312.59,0.7579,-1,-1,-1
199,19,649.54,423.23,169.84,541.65,0.8391,-1,-1,-1
199,10,1144.95,443.11,40.97,105.37,0.3755,-1,-1,-1
199,27,571.46,443.29,65.05,173.49,0.6887,-1,-1,-1
199,21,1040.02,436.21,93.21,279.60,0.6363,-1,-1,-1
199,28,514.86,447.27,37.10,115.49,0.3014,-1,-1,-1
200,2,817.48,434.95,159.10,374.71,0.8428,-1,-1,-1
200,3,651.77,422.60,171.58,541.33,0.8591,-1,-1,-1
200,5,969.53,448.51,103.43,312.12,0.7222,-1,-1,-1
200,19,651.77,422.60,171.58,541.33,0.8591,-1,-1,-1
200,10,1145.07,442.32,37.36,106.54,0.3226,-1,-1,-1
200,27,571.80,445.57,64.81,171.71,0.6775,-1,-1,-1
200,21,1042.57,434.71,93.76,283.49,0.6063,-1,-1,-1
200,28,512.69,445.27,38.02,116.76,0.3383,-1,-1,-1
201,2,820.09,436.87,159.22,373.88,0.8391,-1,-1,-1
201,3,656.81,422.88,173.00,539.66,0.8444,-1,-1,-1
201,5,977.46,450.80,94.96,310.24,0.7077,-1,-1,-1
201,19,656.81,422.88,173.00,539.66,0.8444,-1,-1,-1
201,10,1143.06,440.76,36.66,108.43,0.3225,-1,-1,-1
201,27,573.21,444.79,63.94,170.80,0.6635,-1,-1,-1
201,21,1047.08,435.70,92.92,286.83,0.6136,-1,-1,-1
202,2,822.14,437.61,156.80,374.74,0.8452,-1,-1,-1
202,3,658.51,421.78,177.26,542.12,0.8547,-1,-1,-1
202,5,985.11,449.94,90.47,312.41,0.7739,-1,-1,-1
202,19,658.51,421.78,177.26,542.12,0.8547,-1,-1,-1
202,10,1141.97,438.93,35.36,109.53,0.3478,-1,-1,-1
202,27,573.19,446.44,65.68,168.84,0.6781,-1,-1,-1
202,21,1050.13,436.28,94.82,283.66,0.6834,-1,-1,-1
203,2,823.90,437.91,153.66,375.62,0.8436,-1,-1,-1
203,3,665.72,424.73,175.62,547.38,0.8227,-1,-1,-1
203,5,988.66,449.72,91.87,313.82,0.7719,-1,-1,-1
203,19,665.72,424.73,175.62,547.38,0.8227,-1,-1,-1
203,27,573.55,444.56,67.46,170.82,0.7084,-1,-1,-1
203,21,1053.73,435.12,95.23,283.38,0.6937,-1,-1,-1
203,28,509.00,440.56,40.85,122.01,0.3396,-1,-1,-1
204,2,824.87,437.60,152.20,376.01,0.8425,-1,-1,-1
204,3,664.97,424.17,179.53,555.61,0.8434,-1,-1,-1
204,5,992.08,449.47,91.95,315.83,0.7722,-1,-1,-1
204,19,664.97,424.17,179.53,555.61,0.8434,-1,-1,-1
204,27,575.75,448.16,66.05,167.52,0.7258,-1,-1,-1
204,21,1059.47,434.93,90.87,283.27,0.6991,-1,-1,-1
205,2,825.83,435.09,151.64,378.33,0.8318,-1,-1,-1
205,3,668.85,424.06,176.95,564.99,0.8478,-1,-1,-1
205,5,995.11,448.16,93.02,317.02,0.7865,-1,-1,-1
205,19,668.85,424.06,176.95,564.99,0.8478,-1,-1,-1
205,27,575.65,447.00,66.20,169.51,0.7470,-1,-1,-1
205,21,1063.51,438.17,88.53,278.77,0.7154,-1,-1,-1
206,2,829.51,435.40,149.80,377.68,0.8326,-1,-1,-1
206,3,673.57,423.21,173.96,569.71,0.8387,-1,-1,-1
206,5,999.78,447.80,92.58,317.51,0.7749,-1,-1,-1
206,19,673.57,423.21,173.96,569.71,0.8387,-1,-1,-1
206,27,575.91,447.02,66.77,170.44,0.7255,-1,-1,-1
206,21,1066.25,437.01,87.16,281.08,0.6803,-1,-1,-1
207,2,831.27,435.48,149.54,377.16,0.8275,-1,-1,-1
207,3,676.36,420.61,173.33,573.78,0.8416,-1,-1,-1
207,5,1005.49,448.52,94.18,315.17,0.7192,-1,-1,-1
207,19,676.36,420.61,173.33,573.78,0.8416,-1,-1,-1
207,27,579.09,452.91,64.67,164.48,0.7391,-1,-1,-1
207,21,1072.96,435.73,81.27,283.99,0.6519,-1,-1,-1
208,2,833.24,434.87,148.57,379.06,0.8233,-1,-1,-1
208,3,679.32,420.24,172.40,574.07,0.8344,-1,-1,-1
208,5,1009.22,450.13,92.88,311.92,0.6924,-1,-1,-1
208,19,679.32,420.24,172.40,574.07,0.8344,-1,-1,-1
208,27,580.94,454.30,63.61,163.37,0.7302,-1,-1,-1
208,21,1076.80,434.18,77.30,297.67,0.5926,-1,-1,-1
208,29,1187.39,447.74,40.36,102.76,0.4095,-1,-1,-1
208,28,510.21,444.24,40.41,117.34,0.3970,-1,-1,-1
209,2,835.82,434.58,146.72,380.24,0.8074,-1,-1,-1
209,3,683.28,416.95,171.28,577.73,0.8192,-1,-1,-1
209,5,1011.87,446.65,123.25,316.06,0.6001,-1,-1,-1
209,19,683.28,416.95,171.28,577.73,0.8192,-1,-1,-1
209,27,582.24,456.74,65.44,161.01,0.7432,-1,-1,-1
209,21,1082.61,433.78,77.09,287.97,0.6136,-1,-1,-1
209,29,1188.70,448.43,40.26,103.01,0.4841,-1,-1,-1
209,28,510.71,444.08,40.59,117.63,0.4149,-1,-1,-1
210,2,839.61,429.91,147.73,384.50,0.8141,-1,-1,-1
210,3,686.03,415.82,171.53,578.70,0.7952,-1,-1,-1
210,5,1016.29,444.60,141.08,318.59,0.8152,-1,-1,-1
210,19,686.03,415.82,171.53,578.70,0.7952,-1,-1,-1
210,27,584.08,457.28,66.59,160.07,0.7274,-1,-1,-1
210,29,1189.97,445.97,40.01,106.14,0.4820,-1,-1,-1
210,28,510.81,442.92,40.41,118.14,0.4130,-1,-1,-1
211,2,845.57,430.18,148.80,385.86,0.7886,-1,-1,-1
211,3,686.30,418.56,174.06,576.42,0.8111,-1,-1,-1
211,5,1019.47,443.70,152.73,319.76,0.8011,-1,-1,-1
211,19,686.30,418.56,174.06,576.42,0.8111,-1,-1,-1
211,27,584.86,453.57,69.67,163.52,0.7427,-1,-1,-1
211,29,1191.87,445.14,38.89,107.50,0.4640,-1,-1,-1
211,28,510.76,441.77,40.16,119.27,0.4342,-1,-1,-1
212,2,851.56,430.49,147.52,386.08,0.7878,-1,-1,-1
212,3,688.17,416.41,173.59,578.41,0.8251,-1,-1,-1
212,5,1021.17,444.68,160.76,319.69,0.7905,-1,-1,-1
212,19,688.17,416.41,173.59,578.41,0.8251,-1,-1,-1
212,27,587.15,451.91,68.58,164.49,0.7130,-1,-1,-1
212,29,1193.24,446.46,38.61,105.94,0.5083,-1,-1,-1
212,28,510.94,440.71,40.59,119.91,0.4643,-1,-1,-1
212,21,1096.23,430.29,80.05,256.76,0.3556,-1,-1,-1
213,2,860.46,430.57,141.47,386.70,0.8086,-1,-1,-1
213,3,688.71,414.52,176.32,579.75,0.8219,-1,-1,-1
213,5,1021.59,446.94,164.43,319.08,0.8071,-1,-1,-1
213,19,688.71,414.52,176.32,579.75,0.8219,-1,-1,-1
213,27,588.13,452.25,68.27,164.58,0.7386,-1,-1,-1
213,29,1194.50,446.83,38.02,104.05,0.3672,-1,-1,-1
213,28,510.84,439.54,41.26,120.96,0.4536,-1,-1,-1
213,21,1099.85,432.98,79.84,267.37,0.5039,-1,-1,-1
214,2,869.12,429.67,137.82,385.95,0.8162,-1,-1,-1
214,3,690.13,413.69,175.96,580.05,0.8242,-1,-1,-1
214,5,1021.35,448.01,166.11,319.31,0.7731,-1,-1,-1
214,19,690.13,413.69,175.96,580.05,0.8242,-1,-1,-1
214,27,589.25,451.39,67.62,166.41,0.7261,-1,-1,-1
214,29,1195.30,445.59,39.97,104.07,0.3774,-1,-1,-1
214,28,510.55,439.22,42.25,120.89,0.4719,-1,-1,-1
214,21,1104.79,431.71,79.06,274.72,0.5422,-1,-1,-1
215,2,877.38,429.18,130.51,387.10,0.8102,-1,-1,-1
215,3,692.92,412.09,176.10,582.15,0.8178,-1,-1,-1
215,5,1021.52,447.15,164.03,321.07,0.8160,-1,-1,-1
215,19,692.92,412.09,176.10,582.15,0.8178,-1,-1,-1
215,27,591.01,453.94,66.96,163.64,0.6826,-1,-1,-1
215,29,1197.19,441.99,40.89,108.59,0.3525,-1,-1,-1
215,28,510.70,438.07,41.93,121.30,0.4792,-1,-1,-1
215,21,1111.46,427.90,77.72,286.18,0.5562,-1,-1,-1
216,2,882.21,427.78,126.59,388.63,0.8191,-1,-1,-1
216,3,695.25,414.02,176.36,580.04,0.7932,-1,-1,-1
216,5,1022.05,446.39,167.05,323.41,0.8255,-1,-1,-1
216,19,695.25,414.02,176.36,580.04,0.7932,-1,-1,-1
216,27,593.87,455.54,65.58,165.56,0.6858,-1,-1,-1
216,29,1198.85,440.26,41.17,111.33,0.4078,-1,-1,-1
216,28,510.29,437.97,42.81,121.17,0.4925,-1,-1,-1
216,21,1119.96,429.64,71.53,288.16,0.4633,-1,-1,-1
217,2,884.59,428.38,125.18,390.87,0.8149,-1,-1,-1
217,3,695.00,413.43,180.62,580.12,0.7478,-1,-1,-1
217,5,1023.95,446.46,166.52,323.27,0.7896,-1,-1,-1
217,19,695.00,413.43,180.62,580.12,0.7478,-1,-1,-1
217,27,595.21,457.08,65.65,165.59,0.7141,-1,-1,-1
217,29,1199.65,437.87,42.03,113.73,0.4762,-1,-1,-1
217,28,509.92,438.04,43.19,120.89,0.4859,-1,-1,-1
217,21,1126.24,430.82,64.57,226.06,0.3321,-1,-1,-1
218,2,887.71,427.47,124.73,395.27,0.8202,-1,-1,-1
218,3,697.96,411.31,184.20,582.74,0.7670,-1,-1,-1
218,5,1027.61,442.69,163.76,327.46,0.7870,-1,-1,-1
218,19,697.96,411.31,184.20,582.74,0.7670,-1,-1,-1
218,27,597.59,457.73,64.80,165.31,0.6988,-1,-1,-1
218,29,1201.30,440.02,42.97,111.83,0.4348,-1,-1,-1
218,28,509.37,438.95,42.71,120.20,0.5043,-1,-1,-1
219,2,890.26,426.04,126.56,400.15,0.8410,-1,-1,-1
219,3,701.30,411.10,186.54,582.79,0.7602,-1,-1,-1
219,5,1035.49,438.83,155.62,331.05,0.7947,-1,-1,-1
219,19,701.30,411.10,186.54,582.79,0.7602,-1,-1,-1
219,27,596.45,460.25,65.50,165.39,0.6768,-1,-1,-1
219,29,1202.06,439.40,43.50,112.27,0.4275,-1,-1,-1
219,28,509.10,439.07,42.81,119.90,0.5116,-1,-1,-1
220,2,892.59,425.91,126.97,405.20,0.8422,-1,-1,-1
220,3,708.87,410.00,191.08,583.29,0.8120,-1,-1,-1
220,5,1044.34,438.75,147.50,330.86,0.8068,-1,-1,-1
220,19,708.87,410.00,191.08,583.29,0.8120,-1,-1,-1
220,27,596.92,461.34,65.41,165.05,0.7006,-1,-1,-1
220,29,1206.09,444.24,41.04,106.88,0.3042,-1,-1,-1
220,28,508.74,438.69,43.10,120.15,0.5424,-1,-1,-1
221,2,895.71,424.96,128.14,407.97,0.8385,-1,-1,-1
221,3,714.54,410.28,205.60,583.82,0.8603,-1,-1,-1
221,5,1052.74,438.48,140.00,331.06,0.8091,-1,-1,-1
221,19,714.54,410.28,205.60,583.82,0.8603,-1,-1,-1
221,27,598.22,460.91,63.05,163.94,0.7231,-1,-1,-1
221,28,508.88,439.20,42.77,120.29,0.5020,-1,-1,-1
221,21,1149.24,436.36,67.95,287.34,0.5501,-1,-1,-1
222,2,897.14,424.82,130.03,409.32,0.8378,-1,-1,-1
222,3,716.91,410.41,219.35,584.06,0.8615,-1,-1,-1
222,5,1064.71,439.31,128.40,330.30,0.8169,-1,-1,-1
222,19,716.91,410.41,219.35,584.06,0.8615,-1,-1,-1
222,27,600.30,461.20,60.14,163.41,0.7399,-1,-1,-1
222,28,508.88,439.12,42.49,120.83,0.4928,-1,-1,-1
222,21,1154.77,433.89,76.00,295.14,0.5994,-1,-1,-1
223,2,899.99,426.41,129.96,411.00,0.8240,-1,-1,-1
223,3,717.70,407.52,239.38,587.40,0.8502,-1,-1,-1
223,5,1077.79,439.29,115.47,331.04,0.7980,-1,-1,-1
223,19,717.70,407.52,239.38,587.40,0.8502,-1,-1,-1
223,27,601.45,459.14,58.76,166.92,0.6913,-1,-1,-1
223,28,507.70,439.48,44.60,120.96,0.4914,-1,-1,-1
224,2,901.67,427.32,128.53,412.80,0.8211,-1,-1,-1
224,3,721.28,406.74,256.09,587.13,0.8502,-1,-1,-1
224,5,1093.24,440.63,108.23,333.05,0.7631,-1,-1,-1
224,19,721.28,406.74,256.09,587.13,0.8502,-1,-1,-1
224,27,603.37,459.45,57.04,165.62,0.6901,-1,-1,-1
224,28,507.18,439.96,45.91,120.74,0.5187,-1,-1,-1
225,2,903.39,428.01,128.81,414.38,0.8179,-1,-1,-1
225,3,724.65,408.63,267.37,586.82,0.8307,-1,-1,-1
225,5,1102.70,440.06,98.44,335.73,0.7243,-1,-1,-1
225,19,724.65,408.63,267.37,586.82,0.8307,-1,-1,-1
225,27,603.73,460.60,58.22,166.49,0.6749,-1,-1,-1
225,28,507.85,440.13,45.42,120.63,0.4951,-1,-1,-1
226,2,904.90,428.54,132.32,415.48,0.8178,-1,-1,-1
226,3,727.57,405.29,279.81,590.86,0.8565,-1,-1,-1
226,5,1109.14,437.95,94.80,340.38,0.6920,-1,-1,-1
226,19,727.57,405.29,279.81,590.86,0.8565,-1,-1,-1
226,27,604.50,461.93,57.58,167.18,0.6738,-1,-1,-1
226,28,507.40,439.87,45.77,120.92,0.5071,-1,-1,-1
226,21,1174.67,433.03,65.38,303.44,0.5217,-1,-1,-1
227,2,906.35,428.43,135.65,416.68,0.8113,-1,-1,-1
227,3,729.94,404.91,289.92,590.52,0.8732,-1,-1,-1
227,5,1114.77,438.10,96.74,342.37,0.7435,-1,-1,-1
227,19,729.94,404.91,289.92,590.52,0.8732,-1,-1,-1
227,27,606.48,460.04,55.72,168.08,0.6644,-1,-1,-1
227,28,506.79,438.89,46.02,121.89,0.4673,-1,-1,-1
227,21,1178.92,430.14,67.79,308.18,0.5514,-1,-1,-1
228,2,907.36,426.27,138.33,418.58,0.7915,-1,-1,-1
228,3,734.17,406.81,293.31,588.48,0.8739,-1,-1,-1
228,5,1118.11,438.49,99.27,348.32,0.7537,-1,-1,-1
228,19,734.17,406.81,293.31,588.48,0.8739,-1,-1,-1
228,27,607.55,460.60,54.35,167.11,0.6631,-1,-1,-1
228,28,506.06,439.01,46.22,122.18,0.4945,-1,-1,-1
228,21,1184.79,430.02,68.64,306.93,0.4421,-1,-1,-1
229,2,907.45,426.48,139.76,418.56,0.7789,-1,-1,-1
229,3,738.57,407.82,297.70,587.78,0.8632,-1,-1,-1
229,5,1119.33,440.49,100.99,348.48,0.7589,-1,-1,-1
229,19,738.57,407.82,297.70,587.78,0.8632,-1,-1,-1
229,27,608.46,457.45,55.32,173.10,0.6668,-1,-1,-1
229,28,506.35,438.74,46.32,122.73,0.4472,-1,-1,-1
229,21,1189.86,423.29,73.12,230.20,0.5812,-1,-1,-1
229,26,425.69,477.35,44.13,101.07,0.3819,-1,-1,-1
230,2,908.26,425.94,143.42,417.91,0.7786,-1,-1,-1
230,3,744.34,410.63,295.20,584.52,0.8319,-1,-1,-1
230,5,1120.77,441.94,107.32,349.12,0.7170,-1,-1,-1
230,19,744.34,410.63,295.20,584.52,0.8319,-1,-1,-1
230,27,610.72,457.60,56.13,174.66,0.6643,-1,-1,-1
230,28,506.50,439.99,45.57,121.25,0.4374,-1,-1,-1
230,21,1194.52,419.33,73.63,199.57,0.5676,-1,-1,-1
230,26,425.54,478.16,45.69,99.78,0.4628,-1,-1,-1
231,2,910.83,425.52,138.69,417.61,0.7763,-1,-1,-1
231,3,750.55,411.13,289.97,585.24,0.8496,-1,-1,-1
231,5,1126.06,440.66,120.36,350.64,0.7976,-1,-1,-1
231,19,750.55,411.13,289.97,585.24,0.8496,-1,-1,-1
231,27,610.92,461.39,58.91,170.60,0.6848,-1,-1,-1
231,28,507.56,439.91,44.58,121.32,0.4874,-1,-1,-1
231,21,1199.44,418.73,72.92,188.45,0.5550,-1,-1,-1
231,26,425.34,477.57,45.46,100.49,0.4682,-1,-1,-1
232,2,913.34,425.10,134.02,419.06,0.7988,-1,-1,-1
232,3,759.23,410.15,282.64,586.25,0.8217,-1,-1,-1
232,5,1132.28,440.36,127.69,351.55,0.7952,-1,-1,-1
232,19,759.23,410.15,282.64,586.25,0.8217,-1,-1,-1
232,27,611.40,457.03,60.10,174.53,0.6766,-1,-1,-1
232,28,507.91,440.55,43.84,120.90,0.5421,-1,-1,-1
232,21,1204.34,418.60,70.66,182.69,0.4753,-1,-1,-1
232,26,425.38,477.78,45.94,100.12,0.4852,-1,-1,-1
233,2,918.91,424.84,128.96,421.99,0.7579,-1,-1,-1
233,3,766.44,411.55,276.62,585.12,0.8233,-1,-1,-1
233,5,1134.35,442.01,132.22,351.61,0.8318,-1,-1,-1
233,19,766.44,411.55,276.62,585.12,0.8233,-1,-1,-1
233,27,611.58,454.74,62.56,176.55,0.6710,-1,-1,-1
233,28,508.56,440.53,42.07,120.64,0.5220,-1,-1,-1
233,21,1208.89,424.86,68.98,176.46,0.3822,-1,-1,-1
233,26,425.51,477.82,43.72,99.39,0.4405,-1,-1,-1
234,2,922.97,424.56,126.10,424.99,0.7376,-1,-1,-1
234,3,775.06,415.59,269.96,581.92,0.7897,-1,-1,-1
234,5,1135.27,444.09,133.88,353.00,0.8437,-1,-1,-1
234,19,775.06,415.59,269.96,581.92,0.7897,-1,-1,-1
234,27,612.64,456.07,63.90,173.58,0.6645,-1,-1,-1
234,28,508.56,440.32,41.98,120.80,0.5276,-1,-1,-1
234,21,1212.77,424.12,68.76,178.76,0.3029,-1,-1,-1
234,26,425.00,477.01,42.06,99.79,0.4593,-1,-1,-1
234,23,725.96,426.56,157.19,435.22,0.4183,-1,-1,-1
235,2,924.83,423.87,125.35,430.65,0.6974,-1,-1,-1
235,3,786.25,417.86,259.00,579.47,0.8167,-1,-1,-1
235,5,1135.27,444.75,137.03,355.70,0.8151,-1,-1,-1
235,19,786.25,417.86,259.00,579.47,0.8167,-1,-1,-1
235,27,615.55,454.77,61.26,175.45,0.6717,-1,-1,-1
235,28,508.66,440.53,40.90,120.49,0.5103,-1,-1,-1
235,21,1216.48,428.22,68.27,175.24,0.4323,-1,-1,-1
235,26,424.74,476.69,40.71,99.16,0.4735,-1,-1,-1
235,23,732.66,426.87,157.13,436.08,0.5509,-1,-1,-1
236,2,932.47,423.35,117.87,430.20,0.6904,-1,-1,-1
236,3,790.22,413.14,254.84,584.29,0.8125,-1,-1,-1
236,5,1135.68,444.42,138.60,358.04,0.8210,-1,-1,-1
236,19,790.22,413.14,254.84,584.29,0.8125,-1,-1,-1
236,27,619.52,456.46,57.57,173.96,0.6882,-1,-1,-1
236,28,508.48,440.31,40.28,120.36,0.4783,-1,-1,-1
236,21,1221.41,430.24,66.84,175.53,0.4838,-1,-1,-1
236,26,424.73,475.12,39.20,100.05,0.4677,-1,-1,-1
236,23,741.07,429.82,146.09,434.95,0.5302,-1,-1,-1
237,2,938.75,423.08,116.23,422.52,0.5455,-1,-1,-1
237,3,792.68,415.60,251.13,582.06,0.8146,-1,-1,-1
237,5,1137.54,442.71,139.39,360.77,0.8088,-1,-1,-1
237,19,792.68,415.60,251.13,582.06,0.8146,-1,-1,-1
237,27,621.50,455.18,55.78,175.15,0.6503,-1,-1,-1
237,28,509.08,440.07,39.95,119.63,0.4451,-1,-1,-1
237,21,1229.55,430.14,64.93,178.53,0.4662,-1,-1,-1
237,23,751.45,432.04,134.95,432.34,0.5871,-1,-1,-1
238,2,943.11,422.03,116.22,411.63,0.5798,-1,-1,-1
238,3,791.50,411.82,251.95,585.73,0.8137,-1,-1,-1
238,5,1140.75,438.99,138.11,364.99,0.7702,-1,-1,-1
238,19,791.50,411.82,251.95,585.73,0.8137,-1,-1,-1
238,27,623.99,458.06,52.07,175.20,0.6746,-1,-1,-1
238,28,509.57,441.33,39.48,117.11,0.3344,-1,-1,-1
238,21,1233.57,429.82,70.97,180.28,0.4723,-1,-1,-1
238,23,756.99,435.44,128.24,430.02,0.4338,-1,-1,-1
239,2,948.72,423.02,113.73,375.32,0.4366,-1,-1,-1
239,3,793.15,408.97,249.06,589.09,0.8386,-1,-1,-1
239,5,1147.09,437.92,132.37,366.80,0.7497,-1,-1,-1
239,19,793.15,408.97,249.06,589.09,0.8386,-1,-1,-1
239,27,625.89,460.16,52.52,174.22,0.6683,-1,-1,-1
239,28,509.52,441.57,39.51,116.68,0.3983,-1,-1,-1
239,21,1238.67,432.74,75.01,272.21,0.4488,-1,-1,-1
239,23,728.82,437.73,149.93,428.65,0.5462,-1,-1,-1
240,2,954.27,424.39,114.51,402.57,0.6242,-1,-1,-1
240,3,796.39,410.85,245.58,587.69,0.8480,-1,-1,-1
240,5,1158.41,437.46,122.10,370.50,0.7143,-1,-1,-1
240,19,796.39,410.85,245.58,587.69,0.8480,-1,-1,-1
240,27,627.62,460.59,51.65,172.98,0.5957,-1,-1,-1
240,28,509.27,441.34,39.68,117.29,0.4041,-1,-1,-1
240,21,1244.22,432.68,72.45,305.16,0.5409,-1,-1,-1
240,23,721.11,438.07,159.10,430.13,0.6310,-1,-1,-1
241,2,959.80,425.14,110.48,411.96,0.6739,-1,-1,-1
241,3,807.37,414.46,235.75,585.13,0.8194,-1,-1,-1
241,5,1169.79,437.78,113.07,371.24,0.7353,-1,-1,-1
241,19,807.37,414.46,235.75,585.13,0.8194,-1,-1,-1
241,27,628.96,458.20,55.06,174.38,0.5836,-1,-1,-1
241,28,509.06,441.81,39.68,116.93,0.4083,-1,-1,-1
241,21,1251.01,431.39,67.31,321.61,0.5443,-1,-1,-1
241,23,721.36,437.59,161.35,429.79,0.6227,-1,-1,-1
242,2,959.66,425.64,113.06,412.00,0.5611,-1,-1,-1
242,3,820.18,420.69,221.97,581.57,0.8238,-1,-1,-1
242,5,1179.46,437.44,110.61,368.73,0.6820,-1,-1,-1
242,19,820.18,420.69,221.97,581.57,0.8238,-1,-1,-1
242,27,629.18,459.09,57.01,171.80,0.5866,-1,-1,-1
242,28,508.69,443.82,39.63,115.21,0.3895,-1,-1,-1
242,23,744.14,437.55,140.47,433.31,0.6463,-1,-1,-1
243,2,972.49,427.09,101.38,409.52,0.4635,-1,-1,-1
243,3,828.35,409.01,214.51,595.35,0.8007,-1,-1,-1
243,5,1187.92,435.93,108.02,368.87,0.6392,-1,-1,-1
243,19,828.35,409.01,214.51,595.35,0.8007,-1,-1,-1
243,27,630.35,460.80,59.62,169.09,0.5669,-1,-1,-1
243,28,508.24,448.25,39.96,110.74,0.3385,-1,-1,-1
243,23,738.33,437.36,149.14,433.01,0.6694,-1,-1,-1
244,2,979.86,424.06,96.92,415.03,0.4877,-1,-1,-1
244,3,838.85,399.71,205.68,607.80,0.7917,-1,-1,-1
244,5,1197.61,434.09,111.73,370.05,0.7685,-1,-1,-1
244,19,838.85,399.71,205.68,607.80,0.7917,-1,-1,-1
244,27,631.35,461.90,63.84,168.93,0.5954,-1,-1,-1
244,28,507.76,447.89,40.52,111.33,0.3742,-1,-1,-1
244,23,735.70,436.58,152.70,433.13,0.6902,-1,-1,-1
245,3,847.31,400.11,201.72,613.45,0.7378,-1,-1,-1
245,5,1204.56,432.35,115.15,372.00,0.7981,-1,-1,-1
245,19,847.31,400.11,201.72,613.45,0.7378,-1,-1,-1
245,27,631.72,462.79,65.37,168.69,0.5918,-1,-1,-1
245,28,507.17,446.99,41.23,111.91,0.3852,-1,-1,-1
245,23,735.44,437.40,156.65,434.38,0.6433,-1,-1,-1
246,3,855.69,407.92,197.50,615.60,0.7831,-1,-1,-1
246,5,1209.21,431.50,113.30,371.61,0.7650,-1,-1,-1
246,19,855.69,407.92,197.50,615.60,0.7831,-1,-1,-1
246,27,632.60,461.72,64.90,169.26,0.5927,-1,-1,-1
246,28,507.40,443.20,41.36,115.81,0.3775,-1,-1,-1
246,23,735.42,438.80,162.42,434.14,0.5699,-1,-1,-1
246,21,1278.23,425.18,60.86,229.38,0.4109,-1,-1,-1
247,3,865.65,416.63,189.93,615.34,0.7729,-1,-1,-1
247,5,1212.57,430.66,117.98,370.61,0.7319,-1,-1,-1
247,19,865.65,416.63,189.93,615.34,0.7729,-1,-1,-1
247,27,632.50,459.24,68.03,172.24,0.5076,-1,-1,-1
247,28,505.31,441.87,43.46,117.28,0.4361,-1,-1,-1
247,23,758.85,437.21,145.73,438.61,0.5573,-1,-1,-1
248,3,876.25,419.10,185.87,618.90,0.7380,-1,-1,-1
248,5,1216.37,430.97,130.03,371.31,0.8021,-1,-1,-1
248,19,876.25,419.10,185.87,618.90,0.7380,-1,-1,-1
248,27,636.49,460.57,62.55,171.42,0.5891,-1,-1,-1
248,28,504.24,440.75,44.62,118.44,0.3947,-1,-1,-1
248,23,768.24,435.21,139.68,442.03,0.5748,-1,-1,-1
249,3,884.65,421.91,182.07,620.89,0.7137,-1,-1,-1
249,5,1219.27,431.00,145.84,371.81,0.7013,-1,-1,-1
249,19,884.65,421.91,182.07,620.89,0.7137,-1,-1,-1
249,27,637.35,455.09,62.00,177.68,0.5776,-1,-1,-1
249,28,504.79,442.48,44.51,116.97,0.4015,-1,-1,-1
249,23,777.10,432.35,141.11,445.45,0.7507,-1,-1,-1
250,3,891.30,423.07,208.33,617.90,0.7195,-1,-1,-1
250,5,1221.10,431.75,165.09,372.50,0.7416,-1,-1,-1
250,19,891.30,423.07,208.33,617.90,0.7195,-1,-1,-1
250,27,641.86,451.51,64.61,182.01,0.6455,-1,-1,-1
250,28,506.92,443.72,42.79,115.79,0.3405,-1,-1,-1
250,23,780.19,429.05,145.36,449.16,0.7527,-1,-1,-1
251,3,901.05,414.33,213.78,629.61,0.7892,-1,-1,-1
251,5,1220.41,430.42,183.32,374.39,0.8486,-1,-1,-1
251,19,901.05,414.33,213.78,629.61,0.7892,-1,-1,-1
251,27,646.58,450.09,66.69,182.29,0.6701,-1,-1,-1
251,28,507.45,445.18,42.81,114.74,0.3456,-1,-1,-1
251,23,784.21,428.69,142.48,449.85,0.7636,-1,-1,-1
252,3,909.17,407.04,216.47,634.95,0.8474,-1,-1,-1
252,5,1220.15,428.01,196.74,377.76,0.8413,-1,-1,-1
252,19,909.17,407.04,216.47,634.95,0.8474,-1,-1,-1
252,27,649.42,448.27,67.40,183.76,0.7187,-1,-1,-1
252,28,507.41,443.74,43.59,116.55,0.3639,-1,-1,-1
252,23,785.55,429.14,143.08,450.49,0.7428,-1,-1,-1
252,33,1848.14,519.22,71.39,261.58,0.4944,-1,-1,-1
252,26,410.68,472.25,44.12,99.99,0.3845,-1,-1,-1
253,3,917.34,405.03,212.99,636.91,0.8428,-1,-1,-1
253,5,1220.38,427.31,203.62,379.80,0.8541,-1,-1,-1
253,19,917.34,405.03,212.99,636.91,0.8428,-1,-1,-1
253,27,651.81,447.02,66.48,185.31,0.6941,-1,-1,-1
253,28,508.03,444.02,43.45,116.73,0.3319,-1,-1,-1
253,23,789.00,431.16,138.55,446.97,0.7411,-1,-1,-1
253,33,1848.11,486.59,71.46,292.35,0.5932,-1,-1,-1
253,26,410.26,471.29,44.65,100.61,0.3768,-1,-1,-1
254,3,922.65,407.58,206.88,634.10,0.8355,-1,-1,-1
254,5,1219.96,424.91,204.57,383.99,0.8596,-1,-1,-1
254,19,922.65,407.58,206.88,634.10,0.8355,-1,-1,-1
254,27,654.85,447.59,63.95,184.53,0.7195,-1,-1,-1
254,28,508.48,445.76,42.95,115.30,0.3841,-1,-1,-1
254,23,788.47,432.44,138.83,445.45,0.7460,-1,-1,-1
254,33,1841.50,410.84,77.96,368.95,0.5198,-1,-1,-1
254,26,410.71,468.79,42.36,103.21,0.3536,-1,-1,-1
254,34,730.99,484.76,45.64,112.44,0.3838,-1,-1,-1
255,3,926.87,406.34,197.79,634.66,0.8328,-1,-1,-1
255,5,1219.95,426.41,209.48,384.64,0.8622,-1,-1,-1
255,19,926.87,406.34,197.79,634.66,0.8328,-1,-1,-1
255,27,656.87,448.54,64.07,183.99,0.6829,-1,-1,-1
255,28,510.80,446.03,40.92,114.85,0.3662,-1,-1,-1
255,23,796.85,431.23,135.37,446.14,0.7033,-1,-1,-1
255,33,1820.74,382.44,98.63,397.19,0.7463,-1,-1,-1
255,26,410.22,470.20,41.12,102.89,0.3805,-1,-1,-1
255,34,731.04,483.80,46.01,113.64,0.3563,-1,-1,-1
256,3,930.11,407.46,195.95,632.87,0.8420,-1,-1,-1
256,5,1223.19,427.39,210.20,385.77,0.8678,-1,-1,-1
256,19,930.11,407.46,195.95,632.87,0.8420,-1,-1,-1
256,27,658.15,449.57,67.32,183.90,0.7108,-1,-1,-1
256,28,510.56,442.33,41.95,118.92,0.4505,-1,-1,-1
256,23,804.59,431.94,130.86,448.56,0.7444,-1,-1,-1
256,33,1808.27,377.79,110.98,401.97,0.7643,-1,-1,-1
256,26,408.67,473.36,41.46,100.65,0.3764,-1,-1,-1
256,34,730.51,483.48,45.19,114.95,0.3397,-1,-1,-1
257,3,932.19,407.48,190.83,633.89,0.8271,-1,-1,-1
257,5,1227.55,428.26,209.52,385.95,0.8662,-1,-1,-1
257,19,932.19,407.48,190.83,633.89,0.8271,-1,-1,-1
257,27,658.54,451.37,70.21,183.07,0.7092,-1,-1,-1
257,28,510.20,440.85,42.32,120.22,0.4333,-1,-1,-1
257,23,809.53,433.07,128.68,456.94,0.7057,-1,-1,-1
257,33,1807.10,378.52,112.17,401.87,0.7881,-1,-1,-1
257,26,407.61,474.19,42.08,100.80,0.3683,-1,-1,-1
257,34,730.58,483.96,44.51,114.06,0.3062,-1,-1,-1
258,3,936.09,400.96,186.39,640.34,0.8025,-1,-1,-1
258,5,1237.23,427.65,201.73,386.02,0.8649,-1,-1,-1
258,19,936.09,400.96,186.39,640.34,0.8025,-1,-1,-1
258,27,659.58,449.03,71.78,189.08,0.7454,-1,-1,-1
258,23,799.88,433.12,139.59,468.32,0.6283,-1,-1,-1
258,33,1803.76,382.17,115.01,397.47,0.7382,-1,-1,-1
258,35,1101.19,434.25,51.99,122.16,0.3992,-1,-1,-1
259,3,936.78,396.54,183.12,645.65,0.7604,-1,-1,-1
259,5,1247.67,427.33,191.63,385.94,0.8002,-1,-1,-1
259,19,936.78,396.54,183.12,645.65,0.7604,-1,-1,-1
259,27,660.13,449.76,73.12,188.56,0.7308,-1,-1,-1
259,23,807.36,432.40,131.78,472.83,0.6534,-1,-1,-1
259,33,1786.88,387.16,131.59,390.18,0.7977,-1,-1,-1
259,35,1101.54,432.81,52.71,123.36,0.3997,-1,-1,-1
260,3,938.67,395.74,178.23,645.35,0.7713,-1,-1,-1
260,5,1258.79,426.37,181.52,386.87,0.7873,-1,-1,-1
260,19,938.67,395.74,178.23,645.35,0.7713,-1,-1,-1
260,27,662.33,451.30,71.60,186.40,0.7031,-1,-1,-1
260,23,811.93,432.49,128.96,476.99,0.5795,-1,-1,-1
260,33,1759.85,391.22,158.79,385.65,0.7758,-1,-1,-1
261,3,940.58,398.23,176.23,643.11,0.7813,-1,-1,-1
261,5,1273.52,426.26,166.69,387.17,0.7393,-1,-1,-1
261,19,940.58,398.23,176.23,643.11,0.7813,-1,-1,-1
261,27,663.54,450.98,70.97,188.28,0.7253,-1,-1,-1
261,23,790.50,439.31,146.97,475.21,0.5590,-1,-1,-1
261,33,1725.54,391.03,193.30,386.97,0.7868,-1,-1,-1
262,3,941.08,396.54,175.02,645.20,0.7996,-1,-1,-1
262,5,1298.02,424.84,144.65,390.36,0.7774,-1,-1,-1
262,19,941.08,396.54,175.02,645.20,0.7996,-1,-1,-1
262,27,664.26,450.65,70.61,189.38,0.6886,-1,-1,-1
262,23,809.17,435.78,134.57,479.71,0.6395,-1,-1,-1
262,33,1694.60,401.61,223.19,377.30,0.8119,-1,-1,-1
262,28,505.64,438.94,45.98,121.48,0.4137,-1,-1,-1
263,3,943.40,395.99,174.92,645.71,0.8203,-1,-1,-1
263,5,1312.71,424.49,137.88,391.48,0.7904,-1,-1,-1
263,19,943.40,395.99,174.92,645.71,0.8203,-1,-1,-1
263,27,664.61,452.09,71.97,187.35,0.6496,-1,-1,-1
263,23,817.86,434.53,128.30,481.91,0.6636,-1,-1,-1
263,33,1673.90,413.40,243.85,365.09,0.8340,-1,-1,-1
263,28,503.78,438.76,47.36,121.79,0.4044,-1,-1,-1
264,3,945.54,397.99,178.58,643.19,0.8214,-1,-1,-1
264,5,1328.52,421.68,129.11,395.90,0.8135,-1,-1,-1
264,19,945.54,397.99,178.58,643.19,0.8214,-1,-1,-1
264,27,666.05,452.38,73.13,187.03,0.6318,-1,-1,-1
264,23,822.70,433.80,122.10,482.38,0.6326,-1,-1,-1
264,33,1661.95,419.41,254.32,359.08,0.8501,-1,-1,-1
264,28,504.22,439.27,47.45,121.13,0.4164,-1,-1,-1
264,36,1297.02,431.97,42.76,118.50,0.3466,-1,-1,-1
264,26,402.50,468.73,44.45,99.87,0.3452,-1,-1,-1
265,3,947.06,400.49,181.35,641.28,0.8286,-1,-1,-1
265,5,1340.09,421.64,121.61,398.03,0.8056,-1,-1,-1
265,19,947.06,400.49,181.35,641.28,0.8286,-1,-1,-1
265,27,668.73,452.17,73.27,187.14,0.6310,-1,-1,-1
265,23,825.08,433.28,120.51,483.74,0.5961,-1,-1,-1
265,33,1655.77,422.86,253.83,354.82,0.8361,-1,-1,-1
265,28,504.52,438.89,47.57,121.46,0.4098,-1,-1,-1
265,36,1298.22,434.21,45.64,114.49,0.3179,-1,-1,-1
265,26,401.28,468.00,47.40,101.89,0.3568,-1,-1,-1
266,3,949.09,402.06,177.99,639.82,0.8176,-1,-1,-1
266,5,1347.56,421.85,121.23,403.09,0.8191,-1,-1,-1
266,19,949.09,402.06,177.99,639.82,0.8176,-1,-1,-1
266,27,673.12,453.44,71.49,185.51,0.5932,-1,-1,-1
266,23,826.04,432.22,119.97,485.43,0.6312,-1,-1,-1
266,33,1652.45,415.18,245.77,360.38,0.8504,-1,-1,-1
266,28,504.91,438.69,47.58,121.69,0.4103,-1,-1,-1
266,26,401.45,467.34,47.68,105.12,0.3040,-1,-1,-1
266,35,1110.42,437.62,52.09,120.96,0.4100,-1,-1,-1
267,3,950.72,402.31,175.97,639.49,0.8105,-1,-1,-1
267,5,1353.35,419.65,120.81,411.36,0.8200,-1,-1,-1
267,19,950.72,402.31,175.97,639.49,0.8105,-1,-1,-1
267,27,674.98,453.89,71.13,184.00,0.6217,-1,-1,-1
267,23,826.01,429.48,119.64,489.83,0.7040,-1,-1,-1
267,33,1650.76,415.85,232.03,353.37,0.8301,-1,-1,-1
267,28,504.95,438.85,47.63,121.42,0.4299,-1,-1,-1
267,26,400.42,465.11,49.36,108.27,0.3752,-1,-1,-1
267,35,1114.19,438.50,48.81,119.32,0.3498,-1,-1,-1
268,3,951.49,403.32,172.76,638.80,0.8181,-1,-1,-1
268,5,1356.50,422.25,133.57,410.16,0.8308,-1,-1,-1
268,19,951.49,403.32,172.76,638.80,0.8181,-1,-1,-1
268,27,677.00,454.06,69.42,183.23,0.6812,-1,-1,-1
268,23,825.37,429.61,123.58,489.41,0.5944,-1,-1,-1
268,33,1651.69,414.48,206.41,345.66,0.8203,-1,-1,-1
268,28,505.60,437.99,46.96,122.96,0.4167,-1,-1,-1
268,26,397.73,463.69,51.71,110.46,0.3046,-1,-1,-1
269,3,951.86,403.48,175.87,639.08,0.8197,-1,-1,-1
269,5,1360.68,423.39,152.42,412.89,0.8577,-1,-1,-1
269,19,951.86,403.48,175.87,639.08,0.8197,-1,-1,-1
269,27,678.82,453.58,67.85,183.07,0.6685,-1,-1,-1
269,23,823.85,428.86,125.38,491.68,0.5655,-1,-1,-1
269,33,1651.87,415.32,182.31,341.42,0.8104,-1,-1,-1
269,28,505.25,436.61,47.21,124.42,0.4428,-1,-1,-1
269,35,1120.70,442.83,41.86,113.58,0.3666,-1,-1,-1
270,3,953.10,404.21,173.50,638.80,0.8080,-1,-1,-1
270,5,1363.89,423.86,169.34,414.74,0.8497,-1,-1,-1
270,19,953.10,404.21,173.50,638.80,0.8080,-1,-1,-1
270,27,681.37,452.63,66.42,185.49,0.7001,-1,-1,-1
270,23,825.81,427.26,131.78,493.94,0.5993,-1,-1,-1
270,33,1652.83,410.92,151.86,343.16,0.8016,-1,-1,-1
270,28,505.56,436.16,47.01,124.91,0.4098,-1,-1,-1
271,3,955.51,404.91,168.14,638.58,0.7718,-1,-1,-1
271,5,1364.45,423.60,187.43,415.26,0.8314,-1,-1,-1
271,19,955.51,404.91,168.14,638.58,0.7718,-1,-1,-1
271,27,684.83,449.36,65.38,190.76,0.6164,-1,-1,-1
271,23,826.64,426.44,135.51,495.37,0.6081,-1,-1,-1
271,33,1653.49,412.98,121.13,340.22,0.7668,-1,-1,-1
271,28,506.76,437.12,46.96,123.86,0.3788,-1,-1,-1
272,3,959.35,404.28,161.30,639.01,0.8079,-1,-1,-1
272,5,1364.58,425.11,196.76,415.80,0.8647,-1,-1,-1
272,19,959.35,404.28,161.30,639.01,0.8079,-1,-1,-1
272,27,687.44,446.76,66.43,195.82,0.6511,-1,-1,-1
272,23,829.02,426.47,134.37,495.00,0.6616,-1,-1,-1
272,33,1643.70,414.32,101.17,337.30,0.7026,-1,-1,-1
272,28,507.14,439.71,47.64,121.27,0.3853,-1,-1,-1
273,3,962.84,403.48,158.77,639.79,0.8124,-1,-1,-1
273,5,1365.21,426.77,201.22,418.94,0.8805,-1,-1,-1
273,19,962.84,403.48,158.77,639.79,0.8124,-1,-1,-1
273,27,688.57,444.35,67.23,200.04,0.6535,-1,-1,-1
273,23,830.68,424.71,133.59,496.09,0.6606,-1,-1,-1
273,33,1637.24,424.42,87.03,327.71,0.7105,-1,-1,-1
273,26,393.45,464.03,53.20,109.28,0.3631,-1,-1,-1
274,3,964.74,403.29,155.82,640.18,0.8157,-1,-1,-1
274,5,1366.82,425.95,204.98,425.70,0.8753,-1,-1,-1
274,19,964.74,403.29,155.82,640.18,0.8157,-1,-1,-1
274,27,689.07,447.92,67.46,194.28,0.5845,-1,-1,-1
274,23,832.09,424.52,133.91,495.64,0.6799,-1,-1,-1
274,33,1624.44,433.89,92.59,316.63,0.7957,-1,-1,-1
274,26,393.73,466.63,52.34,106.36,0.3269,-1,-1,-1
275,3,966.31,404.22,153.64,639.60,0.7984,-1,-1,-1
275,5,1370.43,424.77,204.98,429.51,0.8780,-1,-1,-1
275,19,966.31,404.22,153.64,639.60,0.7984,-1,-1,-1
275,27,691.78,448.70,71.67,194.10,0.5692,-1,-1,-1
275,23,832.67,422.99,134.35,496.36,0.7007,-1,-1,-1
275,33,1596.30,437.28,118.60,313.67,0.7849,-1,-1,-1
275,26,392.90,465.52,54.59,107.61,0.3166,-1,-1,-1
275,2,1067.68,425.51,104.23,225.68,0.4195,-1,-1,-1
276,3,967.81,402.24,154.22,641.48,0.8143,-1,-1,-1
276,5,1375.52,425.14,199.98,430.15,0.8330,-1,-1,-1
276,19,967.81,402.24,154.22,641.48,0.8143,-1,-1,-1
276,27,696.79,449.04,68.52,193.00,0.5451,-1,-1,-1
276,23,831.38,423.27,132.48,495.89,0.7018,-1,-1,-1
276,33,1573.47,437.90,138.58,314.85,0.8034,-1,-1,-1
276,2,1071.11,423.15,102.65,227.94,0.4050,-1,-1,-1
276,36,1304.67,427.86,57.00,123.08,0.4028,-1,-1,-1
277,3,970.73,403.18,155.18,640.95,0.8282,-1,-1,-1
277,5,1379.63,425.39,196.24,430.40,0.8148,-1,-1,-1
277,19,970.73,403.18,155.18,640.95,0.8282,-1,-1,-1
277,27,696.10,451.80,66.32,192.25,0.4538,-1,-1,-1
277,23,828.89,423.38,131.68,496.01,0.6846,-1,-1,-1
277,33,1554.47,424.68,156.53,328.46,0.8514,-1,-1,-1
277,2,1076.29,425.76,98.67,224.87,0.3678,-1,-1,-1
278,3,971.11,402.01,158.17,642.68,0.8238,-1,-1,-1
278,5,1387.15,425.71,205.11,428.04,0.8073,-1,-1,-1
278,19,971.11,402.01,158.17,642.68,0.8238,-1,-1,-1
278,27,703.13,451.70,68.24,193.27,0.4963,-1,-1,-1
278,23,830.16,423.09,130.58,496.09,0.7096,-1,-1,-1
278,33,1537.98,447.45,172.74,303.50,0.8509,-1,-1,-1
279,3,973.81,401.27,158.41,644.23,0.8244,-1,-1,-1
279,5,1427.05,429.46,164.24,421.97,0.5473,-1,-1,-1
279,19,973.81,401.27,158.41,644.23,0.8244,-1,-1,-1
279,27,707.52,452.18,73.79,192.89,0.4316,-1,-1,-1
279,23,829.12,421.34,132.06,498.09,0.7355,-1,-1,-1
279,33,1530.75,429.65,178.48,319.80,0.8377,-1,-1,-1
280,3,975.54,401.13,162.41,643.77,0.8129,-1,-1,-1
280,5,1447.46,428.91,144.78,422.39,0.7807,-1,-1,-1
280,19,975.54,401.13,162.41,643.77,0.8129,-1,-1,-1
280,27,711.96,452.17,75.32,193.31,0.5385,-1,-1,-1
280,23,826.72,419.86,135.28,499.53,0.7231,-1,-1,-1
280,33,1542.27,443.61,162.02,302.19,0.7800,-1,-1,-1
280,26,387.56,461.70,56.57,113.40,0.3616,-1,-1,-1
281,3,977.60,399.12,165.34,645.18,0.8157,-1,-1,-1
281,5,1458.14,428.62,128.35,421.85,0.7883,-1,-1,-1
281,19,977.60,399.12,165.34,645.18,0.8157,-1,-1,-1
281,27,714.83,454.96,76.50,191.57,0.6098,-1,-1,-1
281,23,826.86,419.81,141.60,499.53,0.7251,-1,-1,-1
281,33,1546.01,424.11,148.67,323.85,0.6387,-1,-1,-1
281,26,387.05,461.01,59.15,113.06,0.3631,-1,-1,-1
282,3,979.10,399.84,168.32,644.21,0.7954,-1,-1,-1
282,5,1467.01,432.99,122.36,418.37,0.7364,-1,-1,-1
282,19,979.10,399.84,168.32,644.21,0.7954,-1,-1,-1
282,27,714.81,458.28,80.23,187.12,0.5095,-1,-1,-1
282,23,826.43,419.36,149.90,498.40,0.7452,-1,-1,-1
282,33,1542.95,420.43,135.66,322.80,0.5465,-1,-1,-1
282,26,385.88,462.82,54.55,111.79,0.3590,-1,-1,-1
283,3,982.63,399.47,168.68,644.54,0.7816,-1,-1,-1
283,5,1472.33,432.20,136.04,420.97,0.7704,-1,-1,-1
283,19,982.63,399.47,168.68,644.54,0.7816,-1,-1,-1
283,27,716.58,458.75,80.37,185.86,0.6089,-1,-1,-1
283,23,825.73,420.28,162.87,497.69,0.7568,-1,-1,-1
283,26,385.48,463.21,52.76,112.01,0.4531,-1,-1,-1
283,28,504.23,455.11,43.54,104.25,0.3472,-1,-1,-1
284,3,989.40,400.66,160.79,642.53,0.7640,-1,-1,-1
284,5,1479.42,429.57,143.10,422.74,0.7980,-1,-1,-1
284,19,989.40,400.66,160.79,642.53,0.7640,-1,-1,-1
284,27,717.86,457.97,80.59,186.89,0.6900,-1,-1,-1
284,23,825.29,420.66,174.78,498.50,0.7645,-1,-1,-1
284,26,384.13,465.49,55.71,109.81,0.4321,-1,-1,-1
284,28,505.01,456.49,42.08,103.40,0.3523,-1,-1,-1
285,3,992.65,403.24,156.72,639.93,0.7921,-1,-1,-1
285,5,1487.58,433.92,142.22,418.60,0.7754,-1,-1,-1
285,19,992.65,403.24,156.72,639.93,0.7921,-1,-1,-1
285,27,717.12,456.36,82.90,188.41,0.7346,-1,-1,-1
285,23,825.72,425.67,182.96,496.84,0.7772,-1,-1,-1
285,26,382.15,466.81,56.25,108.34,0.4209,-1,-1,-1
285,28,504.63,456.76,42.19,103.34,0.3975,-1,-1,-1
285,37,1346.09,444.29,36.17,102.15,0.4817,-1,-1,-1
286,3,995.28,405.55,154.63,637.87,0.7906,-1,-1,-1
286,5,1495.52,434.45,152.48,417.85,0.8167,-1,-1,-1
286,19,995.28,405.55,154.63,637.87,0.7906,-1,-1,-1
286,27,716.98,454.77,86.15,190.00,0.7744,-1,-1,-1
286,23,825.82,425.40,189.31,498.47,0.7842,-1,-1,-1
286,26,380.77,468.20,55.07,106.74,0.3750,-1,-1,-1
286,28,504.51,457.35,42.11,102.76,0.3727,-1,-1,-1
286,37,1348.78,443.04,35.94,103.02,0.4338,-1,-1,-1
286,21,1472.85,442.65,57.16,194.45,0.4091,-1,-1,-1
287,3,995.66,406.35,155.60,637.25,0.7840,-1,-1,-1
287,5,1499.29,431.46,175.02,421.12,0.8300,-1,-1,-1
287,19,995.66,406.35,155.60,637.25,0.7840,-1,-1,-1
287,27,718.55,454.91,85.64,189.29,0.7629,-1,-1,-1
287,23,828.28,422.44,192.21,500.06,0.8053,-1,-1,-1
287,26,380.31,469.53,51.78,104.77,0.3048,-1,-1,-1
287,28,504.48,457.50,41.88,102.95,0.3372,-1,-1,-1
287,37,1350.79,443.72,35.08,104.31,0.4859,-1,-1,-1
287,21,1477.96,442.22,58.91,193.65,0.5658,-1,-1,-1
288,3,997.30,406.59,154.41,637.58,0.7844,-1,-1,-1
288,5,1503.23,429.99,199.99,426.05,0.8566,-1,-1,-1
288,19,997.30,406.59,154.41,637.58,0.7844,-1,-1,-1
288,27,721.41,449.44,83.26,193.75,0.7400,-1,-1,-1
288,23,830.07,421.45,193.29,500.63,0.8141,-1,-1,-1
288,26,380.80,470.58,48.76,103.98,0.3562,-1,-1,-1
288,28,504.70,456.78,41.47,104.00,0.3753,-1,-1,-1
289,3,999.33,407.81,152.98,636.01,0.7846,-1,-1,-1
289,5,1505.71,435.32,219.45,423.34,0.8818,-1,-1,-1
289,19,999.33,407.81,152.98,636.01,0.7846,-1,-1,-1
289,27,725.49,447.26,81.33,196.45,0.6600,-1,-1,-1
289,23,834.35,422.92,190.14,497.99,0.8087,-1,-1,-1
289,28,505.97,456.44,40.34,104.31,0.3567,-1,-1,-1
289,33,1476.48,414.66,107.39,309.44,0.3415,-1,-1,-1
290,3,1002.32,405.89,151.44,637.97,0.8122,-1,-1,-1
290,5,1505.70,436.17,235.78,427.87,0.8746,-1,-1,-1
290,19,1002.32,405.89,151.44,637.97,0.8122,-1,-1,-1
290,27,729.84,448.15,80.21,195.65,0.6348,-1,-1,-1
290,23,839.12,419.10,185.27,501.89,0.8087,-1,-1,-1
290,28,506.37,456.56,39.10,102.66,0.3473,-1,-1,-1
290,33,1440.86,414.82,132.30,309.11,0.4379,-1,-1,-1
291,3,1003.76,404.01,153.26,639.16,0.7854,-1,-1,-1
291,5,1504.02,434.76,249.97,433.29,0.8359,-1,-1,-1
291,19,1003.76,404.01,153.26,639.16,0.7854,-1,-1,-1
291,27,733.37,452.60,78.78,192.55,0.6253,-1,-1,-1
291,23,835.17,420.49,189.73,501.14,0.8188,-1,-1,-1
291,33,1419.56,421.42,146.33,297.69,0.6330,-1,-1,-1
291,38,677.71,483.10,52.63,121.26,0.3437,-1,-1,-1
292,3,1003.46,403.74,155.01,638.86,0.7559,-1,-1,-1
292,5,1502.45,435.43,256.14,436.90,0.8561,-1,-1,-1
292,19,1003.46,403.74,155.01,638.86,0.7559,-1,-1,-1
292,27,741.31,452.42,70.92,193.23,0.6023,-1,-1,-1
292,23,835.09,422.02,190.32,498.52,0.8118,-1,-1,-1
292,33,1403.17,426.80,154.84,308.55,0.3366,-1,-1,-1
293,3,1006.32,404.33,155.13,638.06,0.8018,-1,-1,-1
293,5,1502.12,436.53,261.73,441.13,0.8687,-1,-1,-1
293,19,1006.32,404.33,155.13,638.06,0.8018,-1,-1,-1
293,27,744.80,450.25,68.92,196.41,0.6661,-1,-1,-1
293,23,839.12,418.66,185.77,502.36,0.8222,-1,-1,-1
293,33,1397.18,429.02,140.24,288.62,0.7030,-1,-1,-1
293,28,505.10,454.69,40.19,104.72,0.3589,-1,-1,-1
294,3,1008.09,403.07,154.85,640.37,0.8147,-1,-1,-1
294,5,1502.64,435.82,266.57,444.91,0.8659,-1,-1,-1
294,19,1008.09,403.07,154.85,640.37,0.8147,-1,-1,-1
294,27,747.52,451.51,64.78,195.09,0.6555,-1,-1,-1
294,23,842.21,415.56,183.06,505.67,0.8319,-1,-1,-1
294,33,1394.42,429.67,139.15,282.33,0.7578,-1,-1,-1
294,28,504.84,456.94,40.42,101.94,0.3392,-1,-1,-1
294,21,1529.57,437.69,69.54,217.91,0.4483,-1,-1,-1
294,38,681.16,484.02,50.61,121.95,0.3569,-1,-1,-1
295,3,1009.68,402.94,152.29,640.59,0.8107,-1,-1,-1
295,5,1502.52,432.10,268.59,447.96,0.8549,-1,-1,-1
295,19,1009.68,402.94,152.29,640.59,0.8107,-1,-1,-1
295,27,747.99,451.67,69.07,196.24,0.6381,-1,-1,-1
295,23,845.17,413.43,180.52,507.37,0.8266,-1,-1,-1
295,33,1390.17,429.39,148.17,280.79,0.7586,-1,-1,-1
295,21,1537.66,433.31,69.90,220.13,0.4274,-1,-1,-1
296,3,1009.49,403.58,154.68,639.42,0.8181,-1,-1,-1
296,5,1511.33,430.05,258.70,450.27,0.8341,-1,-1,-1
296,19,1009.49,403.58,154.68,639.42,0.8181,-1,-1,-1
296,27,750.69,449.99,73.96,196.79,0.6588,-1,-1,-1
296,23,848.67,412.71,177.39,508.48,0.8371,-1,-1,-1
296,33,1391.31,428.16,144.79,281.34,0.7695,-1,-1,-1
296,21,1544.55,431.37,75.91,221.54,0.3587,-1,-1,-1
296,35,1156.42,436.65,46.65,114.70,0.3714,-1,-1,-1
297,3,1011.14,404.59,154.90,637.77,0.8148,-1,-1,-1
297,5,1527.18,429.95,240.46,449.97,0.7896,-1,-1,-1
297,19,1011.14,404.59,154.90,637.77,0.8148,-1,-1,-1
297,27,757.19,448.47,71.49,199.23,0.7291,-1,-1,-1
297,23,852.79,409.89,173.22,511.49,0.8351,-1,-1,-1
297,33,1394.98,432.38,137.75,277.34,0.7835,-1,-1,-1
297,21,1553.16,437.70,77.77,216.61,0.4015,-1,-1,-1
297,35,1157.66,436.72,46.87,115.61,0.3649,-1,-1,-1
298,3,1010.78,405.58,157.29,636.30,0.8085,-1,-1,-1
298,5,1540.74,430.78,227.22,447.39,0.7480,-1,-1,-1
298,19,1010.78,405.58,157.29,636.30,0.8085,-1,-1,-1
298,27,757.71,447.58,71.89,199.99,0.7160,-1,-1,-1
298,23,855.25,410.07,170.82,512.57,0.8059,-1,-1,-1
298,33,1395.02,438.51,126.98,269.51,0.7831,-1,-1,-1
298,21,1562.84,432.18,77.82,217.28,0.3785,-1,-1,-1
298,35,1157.99,436.44,47.99,116.68,0.4039,-1,-1,-1
299,3,1010.76,405.17,160.43,635.47,0.8109,-1,-1,-1
299,5,1554.79,425.79,219.95,454.15,0.7704,-1,-1,-1
299,19,1010.76,405.17,160.43,635.47,0.8109,-1,-1,-1
299,27,762.10,450.46,71.01,199.12,0.7051,-1,-1,-1
299,23,865.56,413.56,160.65,512.67,0.7734,-1,-1,-1
299,33,1394.01,447.25,112.82,259.88,0.7395,-1,-1,-1
299,21,1571.60,424.39,86.50,224.88,0.3314,-1,-1,-1
300,3,1012.04,405.31,161.99,632.27,0.8217,-1,-1,-1
300,5,1574.54,423.32,196.21,457.02,0.6957,-1,-1,-1
300,19,1012.04,405.31,161.99,632.27,0.8217,-1,-1,-1
300,27,765.16,450.85,70.67,199.01,0.7140,-1,-1,-1
300,23,875.54,417.50,148.99,513.51,0.7726,-1,-1,-1
300,33,1385.72,430.36,102.78,276.25,0.7879,-1,-1,-1
300,21,1579.77,424.92,83.96,224.35,0.4263,-1,-1,-1
301,3,1011.00,404.98,161.37,629.71,0.8168,-1,-1,-1
301,5,1604.82,422.05,181.35,457.40,0.7293,-1,-1,-1
301,19,1011.00,404.98,161.37,629.71,0.8168,-1,-1,-1
301,27,769.38,449.96,68.28,199.82,0.7477,-1,-1,-1
301,23,884.18,418.73,139.04,520.48,0.7647,-1,-1,-1
301,33,1381.01,442.66,88.80,263.48,0.8121,-1,-1,-1
301,21,1584.38,425.34,87.35,223.30,0.3795,-1,-1,-1
301,26,378.83,468.01,44.71,105.96,0.3906,-1,-1,-1
302,3,1008.58,405.88,164.34,625.44,0.8145,-1,-1,-1
302,5,1628.15,417.09,164.24,463.33,0.7633,-1,-1,-1
302,19,1008.58,405.88,164.34,625.44,0.8145,-1,-1,-1
302,27,770.92,454.13,71.22,196.74,0.7885,-1,-1,-1
302,23,889.15,419.16,134.24,527.18,0.7536,-1,-1,-1
302,33,1371.96,451.00,85.63,255.84,0.8321,-1,-1,-1
302,21,1589.38,422.34,93.73,227.71,0.3660,-1,-1,-1
302,26,379.40,468.54,44.06,104.86,0.4012,-1,-1,-1
302,28,506.79,460.13,36.14,98.75,0.3998,-1,-1,-1
303,3,1011.08,405.12,163.19,622.39,0.8101,-1,-1,-1
303,5,1646.63,411.16,152.13,475.70,0.7716,-1,-1,-1
303,19,1011.08,405.12,163.19,622.39,0.8101,-1,-1,-1
303,27,771.96,454.17,71.92,197.74,0.7769,-1,-1,-1
303,23,879.31,420.55,144.63,528.56,0.7568,-1,-1,-1
303,33,1359.85,430.70,88.17,275.24,0.7919,-1,-1,-1
303,21,1595.12,419.47,94.07,229.83,0.3906,-1,-1,-1
303,26,378.89,466.64,44.43,106.85,0.4223,-1,-1,-1
303,40,0.13,655.54,116.64,202.92,0.6846,-1,-1,-1
303,28,506.33,459.65,36.39,99.95,0.4124,-1,-1,-1
304,3,1012.40,404.29,168.56,622.56,0.8101,-1,-1,-1
304,5,1660.52,410.12,153.24,486.21,0.7762,-1,-1,-1
304,19,1012.40,404.29,168.56,622.56,0.8101,-1,-1,-1
304,27,773.91,454.00,74.60,198.72,0.7695,-1,-1,-1
304,23,871.49,420.28,153.51,530.88,0.7955,-1,-1,-1
304,33,1345.99,423.87,95.23,281.84,0.7747,-1,-1,-1
304,21,1603.10,419.18,93.19,230.63,0.3350,-1,-1,-1
304,26,378.51,466.54,44.60,106.92,0.3867,-1,-1,-1
304,40,0.06,579.42,118.61,278.87,0.7206,-1,-1,-1
304,28,505.61,459.19,37.63,101.30,0.4884,-1,-1,-1
305,3,1012.59,404.23,179.53,620.61,0.7973,-1,-1,-1
305,5,1670.15,412.68,150.61,491.68,0.7422,-1,-1,-1
305,19,1012.59,404.23,179.53,620.61,0.7973,-1,-1,-1
305,27,774.95,451.41,76.04,203.10,0.7744,-1,-1,-1
305,23,873.32,420.74,151.79,531.11,0.7792,-1,-1,-1
305,33,1336.51,424.44,100.42,281.03,0.7663,-1,-1,-1
305,21,1611.48,411.70,93.66,239.11,0.3237,-1,-1,-1
305,26,377.74,466.34,45.36,107.28,0.3846,-1,-1,-1
305,40,0.32,512.01,117.87,346.42,0.6240,-1,-1,-1
305,28,505.55,457.95,37.43,102.67,0.4560,-1,-1,-1
305,35,1183.06,439.36,38.22,109.95,0.3833,-1,-1,-1
306,3,1014.32,404.77,191.71,616.94,0.8194,-1,-1,-1
306,5,1674.18,415.67,167.10,495.16,0.8636,-1,-1,-1
306,19,1014.32,404.77,191.71,616.94,0.8194,-1,-1,-1
306,27,776.63,448.49,76.24,206.72,0.7658,-1,-1,-1
306,23,874.80,420.36,151.16,532.02,0.7989,-1,-1,-1
306,33,1321.96,434.50,113.72,268.91,0.8031,-1,-1,-1
306,21,1615.67,411.63,102.88,322.28,0.3465,-1,-1,-1
306,26,377.36,466.05,46.13,107.89,0.3832,-1,-1,-1
306,40,0.19,470.31,121.82,389.49,0.7373,-1,-1,-1
306,28,504.49,457.55,39.18,103.37,0.4754,-1,-1,-1
306,35,1183.96,441.24,40.28,107.93,0.5469,-1,-1,-1
307,3,1016.18,402.84,200.87,617.10,0.8296,-1,-1,-1
307,5,1679.03,414.03,199.31,501.37,0.8522,-1,-1,-1
307,19,1016.18,402.84,200.87,617.10,0.8296,-1,-1,-1
307,27,779.44,450.79,74.15,203.71,0.7216,-1,-1,-1
307,23,873.45,419.92,153.08,532.40,0.8149,-1,-1,-1
307,33,1311.14,445.51,124.30,255.69,0.8040,-1,-1,-1
307,21,1616.41,409.32,114.13,372.55,0.5692,-1,-1,-1
307,26,378.29,466.48,45.36,107.39,0.3606,-1,-1,-1
307,40,0.38,419.37,122.84,441.54,0.7493,-1,-1,-1
307,28,504.07,460.16,38.76,100.86,0.4177,-1,-1,-1
307,35,1185.37,442.35,40.61,106.21,0.5619,-1,-1,-1
308,3,1016.61,401.78,210.99,616.05,0.8432,-1,-1,-1
308,5,1680.47,416.78,224.38,500.43,0.8352,-1,-1,-1
308,19,1016.61,401.78,210.99,616.05,0.8432,-1,-1,-1
308,27,782.14,449.83,72.37,203.93,0.7511,-1,-1,-1
308,23,874.31,420.30,152.73,532.09,0.8196,-1,-1,-1
308,33,1301.30,436.81,132.64,263.42,0.8116,-1,-1,-1
308,21,1611.81,404.32,126.91,396.75,0.6373,-1,-1,-1
308,26,377.92,466.76,46.55,107.15,0.3472,-1,-1,-1
308,40,0.50,394.27,123.59,466.71,0.7872,-1,-1,-1
308,28,502.81,461.76,40.14,99.42,0.4128,-1,-1,-1
308,35,1186.81,442.53,42.64,105.76,0.4958,-1,-1,-1
308,34,731.55,478.44,46.90,117.39,0.3393,-1,-1,-1
309,3,1016.95,400.00,220.45,616.15,0.8481,-1,-1,-1
309,5,1680.13,417.53,235.82,503.18,0.8585,-1,-1,-1
309,19,1016.95,400.00,220.45,616.15,0.8481,-1,-1,-1
309,27,788.72,447.68,68.59,206.92,0.7214,-1,-1,-1
309,23,873.36,421.09,153.42,530.70,0.8315,-1,-1,-1
309,33,1293.87,433.33,137.77,267.28,0.8019,-1,-1,-1
309,21,1612.55,404.83,134.59,405.19,0.5927,-1,-1,-1
309,26,378.09,465.66,46.17,107.98,0.3290,-1,-1,-1
309,40,0.49,381.62,123.92,479.54,0.8111,-1,-1,-1
309,28,501.37,461.44,41.56,99.63,0.4338,-1,-1,-1
309,35,1189.34,443.44,40.75,104.29,0.4220,-1,-1,-1
309,34,731.94,477.85,48.97,118.70,0.3716,-1,-1,-1
310,3,1017.42,399.84,228.02,615.12,0.8571,-1,-1,-1
310,5,1677.51,417.74,245.54,509.51,0.8810,-1,-1,-1
310,19,1017.42,399.84,228.02,615.12,0.8571,-1,-1,-1
310,27,793.87,445.52,65.30,209.49,0.7221,-1,-1,-1
310,23,874.25,421.62,151.99,530.08,0.8079,-1,-1,-1
310,33,1288.11,430.34,139.18,269.46,0.7632,-1,-1,-1
310,21,1617.15,406.91,139.25,407.08,0.5089,-1,-1,-1
310,40,0.41,377.32,124.11,483.76,0.8049,-1,-1,-1
310,28,499.64,460.49,42.88,100.67,0.4625,-1,-1,-1
310,35,1190.67,444.91,41.26,103.04,0.4920,-1,-1,-1
310,34,732.42,479.58,49.54,118.04,0.3744,-1,-1,-1
311,3,1016.76,401.56,232.14,613.12,0.8585,-1,-1,-1
311,5,1674.97,418.89,250.97,514.33,0.8749,-1,-1,-1
311,19,1016.76,401.56,232.14,613.12,0.8585,-1,-1,-1
311,27,798.10,444.71,64.11,211.00,0.7321,-1,-1,-1
311,23,873.68,421.04,152.72,530.60,0.8187,-1,-1,-1
311,33,1285.58,431.45,131.83,264.96,0.7594,-1,-1,-1
311,21,1638.14,407.71,125.71,411.68,0.4777,-1,-1,-1
311,40,0.17,375.00,121.72,483.78,0.8184,-1,-1,-1
311,28,498.99,457.33,44.61,103.56,0.4797,-1,-1,-1
311,35,1190.90,446.27,41.44,101.28,0.5116,-1,-1,-1
311,34,732.54,479.54,50.89,118.92,0.4492,-1,-1,-1
312,3,1019.15,403.11,230.66,611.50,0.8612,-1,-1,-1
312,5,1675.27,419.76,251.46,515.97,0.8618,-1,-1,-1
312,19,1019.15,403.11,230.66,611.50,0.8612,-1,-1,-1
312,27,800.02,446.85,66.04,209.46,0.7323,-1,-1,-1
312,23,872.02,420.57,154.96,531.52,0.8328,-1,-1,-1
312,33,1278.80,430.44,122.75,261.40,0.7648,-1,-1,-1
312,21,1627.80,409.73,144.08,411.96,0.5099,-1,-1,-1
312,40,0.14,374.10,125.59,485.51,0.8304,-1,-1,-1
312,28,498.56,455.81,45.32,105.37,0.4224,-1,-1,-1
312,35,1191.85,443.88,40.94,104.97,0.4678,-1,-1,-1
312,34,732.40,479.87,52.20,118.82,0.4641,-1,-1,-1
313,3,1020.11,402.78,230.57,611.78,0.8614,-1,-1,-1
313,5,1679.50,421.27,246.77,516.29,0.8692,-1,-1,-1
313,19,1020.11,402.78,230.57,611.78,0.8614,-1,-1,-1
313,27,800.96,445.68,72.98,211.24,0.7277,-1,-1,-1
313,23,870.83,419.87,156.65,532.44,0.8132,-1,-1,-1
313,33,1273.24,431.66,113.23,257.74,0.7863,-1,-1,-1
313,21,1623.93,411.50,159.77,407.59,0.4775,-1,-1,-1
313,40,1.07,375.37,136.27,484.99,0.8573,-1,-1,-1
313,28,498.34,457.27,45.27,104.29,0.3891,-1,-1,-1
313,35,1192.01,441.52,42.83,108.67,0.4887,-1,-1,-1
313,34,732.71,479.06,52.12,118.95,0.4909,-1,-1,-1
314,3,1021.95,402.42,228.20,611.39,0.8651,-1,-1,-1
314,5,1687.71,419.71,237.60,518.59,0.8700,-1,-1,-1
314,19,1021.95,402.42,228.20,611.39,0.8651,-1,-1,-1
314,27,802.55,445.44,75.35,211.69,0.7231,-1,-1,-1
314,23,869.76,419.23,158.60,533.20,0.8203,-1,-1,-1
314,33,1273.49,428.39,97.63,259.86,0.8068,-1,-1,-1
314,21,1625.88,413.71,166.43,402.64,0.3582,-1,-1,-1
314,40,5.83,378.05,148.95,480.53,0.8540,-1,-1,-1
314,28,497.31,456.22,46.28,105.60,0.4152,-1,-1,-1
314,35,1192.50,439.64,44.23,111.36,0.5540,-1,-1,-1
314,34,733.42,481.38,50.55,116.44,0.4094,-1,-1,-1
315,3,1027.13,400.33,222.93,614.16,0.8599,-1,-1,-1
315,5,1748.74,421.21,176.02,517.86,0.7136,-1,-1,-1
315,19,1027.13,400.33,222.93,614.16,0.8599,-1,-1,-1
315,27,805.27,443.85,77.14,213.77,0.7223,-1,-1,-1
315,23,868.60,417.71,161.14,534.58,0.8149,-1,-1,-1
315,33,1272.14,427.06,86.15,259.96,0.7804,-1,-1,-1
315,21,1629.30,417.09,201.81,448.54,0.4209,-1,-1,-1
315,40,13.35,382.72,173.23,477.80,0.8670,-1,-1,-1
315,28,497.43,454.65,45.48,106.56,0.4378,-1,-1,-1
315,35,1193.75,435.95,43.42,114.93,0.5380,-1,-1,-1
315,34,732.46,480.92,50.63,116.89,0.3640,-1,-1,-1
316,3,1032.59,401.10,215.93,612.43,0.8603,-1,-1,-1
316,5,1781.43,418.14,141.59,519.27,0.7919,-1,-1,-1
316,19,1032.59,401.10,215.93,612.43,0.8603,-1,-1,-1
316,27,806.13,444.02,79.05,214.83,0.6919,-1,-1,-1
316,23,867.45,416.27,161.37,535.97,0.8045,-1,-1,-1
316,33,1270.97,427.63,75.86,260.94,0.7538,-1,-1,-1
316,21,1637.51,414.95,212.52,470.02,0.6291,-1,-1,-1
316,40,17.30,390.52,205.12,471.47,0.8803,-1,-1,-1
316,28,497.77,453.46,44.63,107.82,0.4588,-1,-1,-1
316,35,1195.12,435.87,44.74,115.06,0.6062,-1,-1,-1
316,34,731.46,481.16,51.19,116.20,0.3193,-1,-1,-1
317,3,1035.96,400.18,212.25,613.63,0.8567,-1,-1,-1
317,5,1799.04,416.43,123.42,518.91,0.7092,-1,-1,-1
317,19,1035.96,400.18,212.25,613.63,0.8567,-1,-1,-1
317,27,807.66,443.67,72.40,216.51,0.6837,-1,-1,-1
317,23,866.08,417.09,164.89,534.66,0.8187,-1,-1,-1
317,33,1265.40,423.48,74.65,263.30,0.7735,-1,-1,-1
317,21,1646.16,410.76,206.91,475.99,0.5941,-1,-1,-1
317,40,18.52,392.50,235.25,469.81,0.8818,-1,-1,-1
317,28,497.93,451.87,43.54,109.58,0.4669,-1,-1,-1
317,35,1196.42,436.82,44.18,114.16,0.5815,-1,-1,-1
317,34,731.72,481.72,50.84,115.70,0.3404,-1,-1,-1
317,26,378.20,463.93,45.01,111.12,0.3882,-1,-1,-1
318,3,1039.07,399.97,209.62,613.15,0.8525,-1,-1,-1
318,5,1790.87,419.72,130.06,524.24,0.6357,-1,-1,-1
318,19,1039.07,399.97,209.62,613.15,0.8525,-1,-1,-1
318,27,808.70,443.60,70.36,216.72,0.6696,-1,-1,-1
318,23,867.35,417.03,165.18,534.84,0.8161,-1,-1,-1
318,33,1258.12,427.14,77.76,259.08,0.7975,-1,-1,-1
318,21,1673.36,409.22,176.24,448.95,0.3688,-1,-1,-1
318,40,18.43,393.69,262.29,469.48,0.9009,-1,-1,-1
318,28,497.48,452.70,42.72,108.56,0.4915,-1,-1,-1
318,35,1198.68,437.21,44.75,112.67,0.5600,-1,-1,-1
318,34,731.07,481.61,51.15,115.64,0.3315,-1,-1,-1
318,26,377.60,463.33,45.63,110.95,0.3312,-1,-1,-1
319,3,1041.34,400.24,207.39,611.99,0.8537,-1,-1,-1
319,5,1809.82,416.85,111.02,525.60,0.6742,-1,-1,-1
319,19,1041.34,400.24,207.39,611.99,0.8537,-1,-1,-1
319,27,813.37,444.30,70.49,215.13,0.6717,-1,-1,-1
319,23,866.66,416.37,166.48,535.54,0.8183,-1,-1,-1
319,33,1246.54,427.42,87.76,259.19,0.7735,-1,-1,-1
319,21,1705.87,403.70,147.33,448.77,0.4392,-1,-1,-1
319,40,18.63,393.69,278.53,469.96,0.8974,-1,-1,-1
319,28,496.85,453.53,41.79,107.85,0.4818,-1,-1,-1
319,35,1200.78,438.68,44.74,110.32,0.5845,-1,-1,-1
319,26,377.44,462.91,46.06,111.34,0.3379,-1,-1,-1
320,3,1044.83,401.14,203.28,610.80,0.8578,-1,-1,-1
320,5,1828.39,417.56,92.12,523.94,0.7308,-1,-1,-1
320,19,1044.83,401.14,203.28,610.80,0.8578,-1,-1,-1
320,27,816.11,444.95,72.13,214.49,0.6273,-1,-1,-1
320,23,865.90,416.47,168.73,534.90,0.8256,-1,-1,-1
320,33,1233.91,433.55,100.36,254.22,0.7423,-1,-1,-1
320,21,1707.93,399.20,150.05,458.09,0.5101,-1,-1,-1
320,40,20.43,396.09,288.24,466.45,0.8933,-1,-1,-1
320,28,496.53,451.17,41.19,110.01,0.4495,-1,-1,-1
320,35,1202.83,440.36,44.30,108.29,0.4238,-1,-1,-1
321,3,1047.51,400.80,200.37,611.13,0.8622,-1,-1,-1
321,5,1844.19,425.33,76.00,516.35,0.7350,-1,-1,-1
321,19,1047.51,400.80,200.37,611.13,0.8622,-1,-1,-1
321,27,818.74,447.23,69.91,211.87,0.6442,-1,-1,-1
321,23,867.37,417.02,166.48,534.35,0.8209,-1,-1,-1
321,33,1231.61,434.87,103.05,252.22,0.7712,-1,-1,-1
321,21,1716.12,400.02,147.91,449.48,0.5452,-1,-1,-1
321,40,22.15,397.35,293.01,464.29,0.8873,-1,-1,-1
321,28,495.60,448.91,40.54,112.15,0.4154,-1,-1,-1
321,35,1206.02,442.40,42.33,99.31,0.3211,-1,-1,-1
321,41,1437.92,435.25,43.20,114.30,0.5418,-1,-1,-1
322,3,1049.09,403.11,198.24,609.43,0.8586,-1,-1,-1
322,5,1856.31,427.33,63.54,513.59,0.6969,-1,-1,-1
322,19,1049.09,403.11,198.24,609.43,0.8586,-1,-1,-1
322,27,820.24,448.42,70.92,210.94,0.6700,-1,-1,-1
322,23,868.15,416.77,164.43,534.61,0.8247,-1,-1,-1
322,33,1229.21,440.79,105.56,245.14,0.7586,-1,-1,-1
322,21,1728.98,395.62,143.95,451.98,0.5514,-1,-1,-1
322,40,24.63,399.28,298.24,456.33,0.8863,-1,-1,-1
322,28,493.84,446.82,41.73,114.48,0.4480,-1,-1,-1
322,41,1437.16,434.74,45.48,114.61,0.5467,-1,-1,-1
322,26,376.76,462.53,46.69,111.64,0.3772,-1,-1,-1
323,3,1051.15,402.51,195.55,609.54,0.8645,-1,-1,-1
323,5,1861.66,453.94,58.00,488.22,0.6179,-1,-1,-1
323,19,1051.15,402.51,195.55,609.54,0.8645,-1,-1,-1
323,27,821.13,451.67,73.19,207.50,0.6409,-1,-1,-1
323,23,869.78,415.89,165.06,535.48,0.8173,-1,-1,-1
323,33,1228.44,441.26,103.16,243.48,0.7669,-1,-1,-1
323,21,1737.90,393.20,143.13,452.52,0.6870,-1,-1,-1
323,40,25.96,402.01,302.36,450.56,0.8895,-1,-1,-1
323,28,492.93,446.13,42.56,114.94,0.4653,-1,-1,-1
323,41,1436.91,437.66,50.10,111.13,0.4973,-1,-1,-1
323,26,376.58,462.85,46.64,111.49,0.4021,-1,-1,-1
324,3,1054.46,400.51,192.20,611.65,0.8561,-1,-1,-1
324,5,1862.74,450.52,56.82,493.35,0.5791,-1,-1,-1
324,19,1054.46,400.51,192.20,611.65,0.8561,-1,-1,-1
324,27,821.67,455.60,74.21,203.13,0.6244,-1,-1,-1
324,23,871.69,415.95,164.62,535.53,0.8081,-1,-1,-1
324,33,1222.59,439.17,103.88,245.69,0.7490,-1,-1,-1
324,21,1748.53,392.49,141.85,454.85,0.6029,-1,-1,-1
324,40,31.06,403.64,299.86,444.87,0.8971,-1,-1,-1
324,28,492.09,446.30,42.93,114.76,0.4752,-1,-1,-1
324,41,1439.22,440.51,51.99,108.25,0.5524,-1,-1,-1
324,26,376.65,463.73,46.27,110.71,0.4078,-1,-1,-1
325,3,1056.53,398.81,190.82,613.33,0.8534,-1,-1,-1
325,5,1865.04,416.54,54.52,525.73,0.5330,-1,-1,-1
325,19,1056.53,398.81,190.82,613.33,0.8534,-1,-1,-1
325,27,825.53,447.23,76.00,213.81,0.4455,-1,-1,-1
325,23,873.72,415.53,163.22,535.82,0.8056,-1,-1,-1
325,33,1217.78,442.89,102.88,241.47,0.6809,-1,-1,-1
325,21,1758.24,391.62,152.61,467.55,0.5504,-1,-1,-1
325,40,39.64,403.36,292.55,443.90,0.9014,-1,-1,-1
325,28,491.84,446.48,42.40,115.46,0.4747,-1,-1,-1
325,41,1443.41,440.11,51.81,108.05,0.5733,-1,-1,-1
325,26,376.30,464.08,47.18,110.51,0.4271,-1,-1,-1
326,3,1057.67,398.50,190.49,613.95,0.8584,-1,-1,-1
326,5,1863.16,410.37,56.25,532.86,0.3080,-1,-1,-1
326,19,1057.67,398.50,190.49,613.95,0.8584,-1,-1,-1
326,27,828.26,442.36,79.90,220.48,0.3754,-1,-1,-1
326,23,875.27,415.69,162.22,535.86,0.7935,-1,-1,-1
326,33,1212.34,451.88,98.87,229.56,0.5428,-1,-1,-1
326,21,1765.10,393.15,154.62,493.90,0.6153,-1,-1,-1
326,40,54.09,403.63,278.07,440.63,0.8902,-1,-1,-1
326,28,490.64,445.62,43.64,116.25,0.4508,-1,-1,-1
326,41,1446.29,441.52,50.91,106.93,0.5908,-1,-1,-1
326,26,376.65,465.33,46.98,109.72,0.4040,-1,-1,-1
327,3,1058.27,396.51,190.21,616.59,0.8637,-1,-1,-1
327,19,1058.27,396.51,190.21,616.59,0.8637,-1,-1,-1
327,27,841.27,442.95,67.81,166.05,0.3477,-1,-1,-1
327,23,878.60,416.64,158.85,534.87,0.7848,-1,-1,-1
327,33,1207.02,439.31,74.76,202.77,0.4022,-1,-1,-1
327,21,1770.32,392.14,152.56,525.71,0.7191,-1,-1,-1
327,40,76.77,402.07,254.59,438.35,0.8739,-1,-1,-1
327,28,489.79,445.25,43.56,116.33,0.5025,-1,-1,-1
327,41,1448.00,441.83,52.92,106.49,0.5942,-1,-1,-1
327,26,376.38,466.34,47.72,108.59,0.4006,-1,-1,-1
328,3,1058.25,395.97,191.44,617.52,0.8601,-1,-1,-1
328,19,1058.25,395.97,191.44,617.52,0.8601,-1,-1,-1
328,27,852.41,444.56,59.00,137.64,0.3221,-1,-1,-1
328,23,879.73,415.93,157.71,535.81,0.7555,-1,-1,-1
328,33,1202.16,442.82,78.92,218.88,0.3387,-1,-1,-1
328,21,1771.81,389.01,151.81,545.66,0.7893,-1,-1,-1
328,40,98.14,394.15,233.03,439.15,0.8825,-1,-1,-1
328,28,489.67,448.80,42.05,112.83,0.3995,-1,-1,-1
328,41,1452.24,442.59,48.36,105.29,0.6215,-1,-1,-1
328,26,377.09,466.92,47.54,108.50,0.4555,-1,-1,-1
328,34,733.73,484.81,48.93,112.47,0.3388,-1,-1,-1
329,3,1058.28,398.11,191.78,615.99,0.8601,-1,-1,-1
329,19,1058.28,398.11,191.78,615.99,0.8601,-1,-1,-1
329,23,876.03,417.41,161.99,535.86,0.7762,-1,-1,-1
329,21,1770.25,393.19,153.43,547.10,0.8197,-1,-1,-1
329,40,120.69,392.05,208.98,435.05,0.8312,-1,-1,-1
329,28,489.59,452.06,42.12,109.72,0.3895,-1,-1,-1
329,41,1456.79,442.00,42.91,104.14,0.5398,-1,-1,-1
329,26,377.25,467.09,47.49,107.92,0.4087,-1,-1,-1
329,34,733.62,484.52,49.13,113.33,0.3474,-1,-1,-1
330,3,1058.32,396.82,191.71,617.52,0.8640,-1,-1,-1
330,19,1058.32,396.82,191.71,617.52,0.8640,-1,-1,-1
330,23,870.86,418.96,168.81,534.16,0.8045,-1,-1,-1
330,21,1769.84,395.53,153.66,541.25,0.7419,-1,-1,-1
330,40,145.22,396.87,182.47,427.27,0.8069,-1,-1,-1
330,28,488.96,452.48,42.55,109.37,0.4433,-1,-1,-1
330,41,1460.25,441.52,39.68,103.36,0.4594,-1,-1,-1
330,26,377.60,466.75,47.02,107.54,0.4276,-1,-1,-1
330,34,734.86,484.87,47.66,112.58,0.3620,-1,-1,-1
331,3,1058.51,395.75,193.07,618.57,0.8648,-1,-1,-1
331,19,1058.51,395.75,193.07,618.57,0.8648,-1,-1,-1
331,23,869.47,419.92,171.46,532.94,0.8023,-1,-1,-1
331,21,1769.92,392.46,153.19,490.54,0.7403,-1,-1,-1
331,40,172.24,394.13,156.13,428.96,0.7997,-1,-1,-1
331,28,488.04,452.97,42.93,109.03,0.3927,-1,-1,-1
331,41,1464.02,440.88,37.78,104.44,0.5805,-1,-1,-1
331,26,377.29,465.81,47.33,108.32,0.4196,-1,-1,-1
331,34,734.83,483.94,47.26,113.88,0.3463,-1,-1,-1
332,3,1059.16,396.36,193.63,618.76,0.8637,-1,-1,-1
332,19,1059.16,396.36,193.63,618.76,0.8637,-1,-1,-1
332,23,870.91,420.24,173.92,532.46,0.8235,-1,-1,-1
332,21,1770.54,393.63,152.35,469.79,0.7846,-1,-1,-1
332,40,199.86,392.68,137.07,430.41,0.7748,-1,-1,-1
332,28,488.64,451.41,41.77,110.78,0.4047,-1,-1,-1
332,41,1467.04,440.24,39.43,105.94,0.5808,-1,-1,-1
332,26,377.68,463.57,47.25,111.82,0.4434,-1,-1,-1
332,34,736.20,484.26,46.54,113.61,0.3069,-1,-1,-1
333,3,1059.95,396.99,194.70,618.08,0.8717,-1,-1,-1
333,19,1059.95,396.99,194.70,618.08,0.8717,-1,-1,-1
333,23,871.69,419.77,175.70,532.93,0.8293,-1,-1,-1
333,21,1770.56,393.88,151.99,464.06,0.7829,-1,-1,-1
333,40,217.89,390.61,132.71,432.46,0.7504,-1,-1,-1
333,28,490.26,452.54,40.37,109.33,0.3878,-1,-1,-1
333,41,1471.03,440.38,38.65,104.48,0.5666,-1,-1,-1
333,34,738.20,482.39,45.45,115.92,0.3104,-1,-1,-1
333,42,0.39,592.01,109.75,197.65,0.3764,-1,-1,-1
334,3,1061.02,396.68,193.59,618.45,0.8759,-1,-1,-1
334,19,1061.02,396.68,193.59,618.45,0.8759,-1,-1,-1
334,23,872.43,420.14,176.75,532.48,0.8306,-1,-1,-1
334,21,1775.61,392.46,146.52,462.92,0.6601,-1,-1,-1
334,40,226.19,398.95,141.17,423.53,0.7158,-1,-1,-1
334,28,490.96,453.13,39.44,108.63,0.3503,-1,-1,-1
334,41,1472.88,440.36,37.55,105.64,0.4886,-1,-1,-1
334,34,739.07,482.35,45.57,116.22,0.3446,-1,-1,-1
334,42,0.51,484.49,126.56,306.81,0.6668,-1,-1,-1
335,3,1061.44,396.72,192.01,617.60,0.8784,-1,-1,-1
335,19,1061.44,396.72,192.01,617.60,0.8784,-1,-1,-1
335,23,872.65,419.56,177.53,532.93,0.8365,-1,-1,-1
335,21,1780.91,402.89,140.82,453.82,0.6195,-1,-1,-1
335,40,206.99,414.69,177.75,407.24,0.7266,-1,-1,-1
335,28,490.35,449.93,40.03,112.43,0.4445,-1,-1,-1
335,41,1474.27,439.02,38.25,106.53,0.5402,-1,-1,-1
335,34,739.01,481.51,45.45,117.81,0.3816,-1,-1,-1
335,42,0.43,449.50,139.67,337.47,0.6944,-1,-1,-1
336,3,1060.69,396.62,192.43,617.51,0.8792,-1,-1,-1
336,19,1060.69,396.62,192.43,617.51,0.8792,-1,-1,-1
336,23,873.13,420.45,175.65,532.05,0.8424,-1,-1,-1
336,21,1789.18,429.24,132.21,429.17,0.5104,-1,-1,-1
336,40,209.56,414.87,189.14,404.65,0.6271,-1,-1,-1
336,28,489.11,447.92,40.22,113.37,0.4382,-1,-1,-1
336,41,1475.60,438.17,37.41,106.62,0.5229,-1,-1,-1
336,34,737.45,482.67,46.53,116.27,0.3295,-1,-1,-1
336,42,0.31,429.25,147.05,358.50,0.8056,-1,-1,-1
337,3,1060.79,397.05,194.22,617.53,0.8804,-1,-1,-1
337,19,1060.79,397.05,194.22,617.53,0.8804,-1,-1,-1
337,23,873.97,419.72,174.50,532.86,0.8340,-1,-1,-1
337,21,1803.33,436.45,117.51,421.91,0.3928,-1,-1,-1
337,40,222.53,424.54,194.67,398.02,0.7150,-1,-1,-1
337,41,1476.22,436.70,39.09,108.96,0.5356,-1,-1,-1
337,34,735.84,482.99,47.13,116.96,0.3873,-1,-1,-1
337,42,0.33,423.53,151.69,363.20,0.8233,-1,-1,-1
338,3,1061.16,397.21,195.64,617.18,0.8735,-1,-1,-1
338,19,1061.16,397.21,195.64,617.18,0.8735,-1,-1,-1
338,23,874.85,418.73,175.76,534.25,0.8205,-1,-1,-1
338,40,229.44,435.59,209.66,387.36,0.7955,-1,-1,-1
338,41,1478.92,436.19,40.58,109.45,0.5942,-1,-1,-1
338,34,735.23,483.41,47.48,116.77,0.3672,-1,-1,-1
338,42,0.53,428.08,152.33,357.68,0.8323,-1,-1,-1
339,3,1062.30,396.66,193.62,617.46,0.8826,-1,-1,-1
339,19,1062.30,396.66,193.62,617.46,0.8826,-1,-1,-1
339,23,875.47,418.41,173.68,534.80,0.8225,-1,-1,-1
339,40,236.89,415.60,215.09,406.97,0.8186,-1,-1,-1
339,41,1481.53,436.94,41.63,108.80,0.5209,-1,-1,-1
339,34,736.45,484.74,46.08,114.91,0.4454,-1,-1,-1
339,42,0.60,429.48,153.11,355.60,0.8347,-1,-1,-1
340,3,1062.77,398.13,194.37,615.66,0.8841,-1,-1,-1
340,19,1062.77,398.13,194.37,615.66,0.8841,-1,-1,-1
340,23,876.91,418.24,170.83,534.87,0.8207,-1,-1,-1
340,40,237.26,409.01,224.31,413.92,0.8486,-1,-1,-1
340,41,1484.11,436.81,41.13,109.30,0.4270,-1,-1,-1
340,34,736.82,484.98,45.23,114.27,0.4514,-1,-1,-1
340,42,0.61,429.14,151.97,356.67,0.8386,-1,-1,-1
340,45,679.90,491.68,49.30,112.50,0.3513,-1,-1,-1
341,3,1063.79,401.48,194.19,612.35,0.8853,-1,-1,-1
341,19,1063.79,401.48,194.19,612.35,0.8853,-1,-1,-1
341,23,878.11,418.02,169.28,534.72,0.8211,-1,-1,-1
341,40,241.55,423.22,223.01,399.00,0.8177,-1,-1,-1
341,34,736.56,483.95,45.03,115.22,0.4489,-1,-1,-1
341,42,0.42,426.02,152.64,359.08,0.8457,-1,-1,-1
341,45,679.41,491.93,49.34,111.75,0.3517,-1,-1,-1
342,3,1065.33,400.76,195.98,612.72,0.8777,-1,-1,-1
342,19,1065.33,400.76,195.98,612.72,0.8777,-1,-1,-1
342,23,881.41,421.56,171.29,530.97,0.8177,-1,-1,-1
342,40,243.33,430.46,224.24,390.63,0.8159,-1,-1,-1
342,34,737.89,483.64,43.85,115.06,0.4755,-1,-1,-1
342,42,0.88,429.14,153.29,355.46,0.8343,-1,-1,-1
342,45,679.26,489.93,50.20,114.05,0.3742,-1,-1,-1
343,3,1065.63,400.92,194.48,612.56,0.8819,-1,-1,-1
343,19,1065.63,400.92,194.48,612.56,0.8819,-1,-1,-1
343,23,884.12,422.84,169.52,529.71,0.8163,-1,-1,-1
343,40,245.33,431.48,221.90,388.59,0.8165,-1,-1,-1
343,34,738.24,484.72,44.63,113.92,0.4108,-1,-1,-1
343,42,0.68,426.01,153.18,361.94,0.7920,-1,-1,-1
343,45,677.39,489.06,53.18,113.78,0.3023,-1,-1,-1
344,3,1066.16,400.07,194.80,613.56,0.8784,-1,-1,-1
344,19,1066.16,400.07,194.80,613.56,0.8784,-1,-1,-1
344,23,886.38,424.01,168.19,528.35,0.8186,-1,-1,-1
344,40,247.76,419.26,218.54,399.05,0.8110,-1,-1,-1
344,34,737.34,484.95,45.92,114.34,0.4689,-1,-1,-1
344,42,6.77,427.27,146.58,359.60,0.7776,-1,-1,-1
344,45,676.55,488.12,54.76,115.47,0.3691,-1,-1,-1
345,3,1066.46,400.78,197.51,612.29,0.8807,-1,-1,-1
345,19,1066.46,400.78,197.51,612.29,0.8807,-1,-1,-1
345,23,888.89,424.23,165.53,527.68,0.8060,-1,-1,-1
345,40,250.85,411.24,214.09,405.95,0.8543,-1,-1,-1
345,34,735.32,484.10,48.44,114.69,0.3779,-1,-1,-1
345,42,11.42,426.83,143.04,360.75,0.8134,-1,-1,-1
345,45,677.85,489.19,53.94,114.82,0.3226,-1,-1,-1
346,3,1066.90,400.51,196.96,612.99,0.8777,-1,-1,-1
346,19,1066.90,400.51,196.96,612.99,0.8777,-1,-1,-1
346,23,890.14,424.29,167.27,527.23,0.8131,-1,-1,-1
346,40,260.17,404.75,203.82,410.97,0.8382,-1,-1,-1
346,34,734.13,483.28,50.08,115.55,0.4083,-1,-1,-1
346,42,30.17,429.62,129.23,356.47,0.8018,-1,-1,-1
346,45,676.61,491.57,54.73,113.36,0.3188,-1,-1,-1
347,3,1067.57,402.24,198.19,611.65,0.8740,-1,-1,-1
347,19,1067.57,402.24,198.19,611.65,0.8740,-1,-1,-1
347,23,891.53,424.40,168.25,526.85,0.8081,-1,-1,-1
347,40,271.22,402.83,193.12,413.62,0.8133,-1,-1,-1
347,34,733.68,483.98,50.32,115.02,0.3360,-1,-1,-1
347,42,47.59,432.76,123.16,350.55,0.8051,-1,-1,-1
347,45,673.17,489.29,57.64,117.82,0.3354,-1,-1,-1
348,3,1067.55,400.36,199.99,613.35,0.8732,-1,-1,-1
348,19,1067.55,400.36,199.99,613.35,0.8732,-1,-1,-1
348,23,895.22,423.68,162.02,527.21,0.8009,-1,-1,-1
348,40,287.61,405.72,178.63,409.23,0.7897,-1,-1,-1
348,34,731.80,482.23,52.89,116.08,0.3807,-1,-1,-1
348,42,53.74,431.14,128.29,351.82,0.6843,-1,-1,-1
349,3,1067.52,401.70,201.14,612.27,0.8727,-1,-1,-1
349,19,1067.52,401.70,201.14,612.27,0.8727,-1,-1,-1
349,23,898.32,422.66,159.55,528.46,0.8063,-1,-1,-1
349,40,298.27,401.90,163.56,405.47,0.8060,-1,-1,-1
349,42,47.73,430.17,143.61,352.97,0.5195,-1,-1,-1
350,3,1067.07,400.37,201.43,613.35,0.8741,-1,-1,-1
350,19,1067.07,400.37,201.43,613.35,0.8741,-1,-1,-1
350,23,899.24,421.87,161.97,529.32,0.8088,-1,-1,-1
350,40,313.88,398.56,147.40,406.13,0.8005,-1,-1,-1
350,42,66.89,432.20,141.56,351.17,0.7810,-1,-1,-1
350,28,474.84,444.03,53.49,117.87,0.4956,-1,-1,-1
351,3,1066.93,399.93,199.84,613.93,0.8754,-1,-1,-1
351,19,1066.93,399.93,199.84,613.93,0.8754,-1,-1,-1
351,23,899.51,421.79,163.12,528.99,0.8007,-1,-1,-1
351,40,337.81,392.26,124.59,407.70,0.7797,-1,-1,-1
351,42,70.17,434.07,165.88,349.18,0.8100,-1,-1,-1
351,46,0.57,503.21,52.52,351.15,0.5298,-1,-1,-1
351,28,475.64,445.93,52.14,115.85,0.4334,-1,-1,-1
352,3,1066.38,400.46,201.24,613.61,0.8788,-1,-1,-1
352,19,1066.38,400.46,201.24,613.61,0.8788,-1,-1,-1
352,23,900.30,422.38,163.29,527.83,0.7984,-1,-1,-1
352,40,356.65,394.59,112.31,403.46,0.7257,-1,-1,-1
352,42,72.96,433.69,184.62,348.55,0.8394,-1,-1,-1
352,46,0.55,505.86,59.63,349.50,0.5706,-1,-1,-1
352,28,476.20,445.67,51.41,115.85,0.4014,-1,-1,-1
353,3,1065.71,400.30,201.14,614.00,0.8772,-1,-1,-1
353,19,1065.71,400.30,201.14,614.00,0.8772,-1,-1,-1
353,23,900.78,421.66,162.04,527.66,0.8014,-1,-1,-1
353,40,369.60,408.31,109.25,390.52,0.5816,-1,-1,-1
353,42,78.59,432.89,198.45,349.64,0.8506,-1,-1,-1
353,46,0.46,507.06,70.10,349.25,0.6881,-1,-1,-1
354,3,1065.59,399.49,201.49,614.90,0.8736,-1,-1,-1
354,19,1065.59,399.49,201.49,614.90,0.8736,-1,-1,-1
354,23,901.50,421.87,163.86,527.59,0.7946,-1,-1,-1
354,40,369.96,402.00,119.24,397.89,0.5875,-1,-1,-1
354,42,83.78,433.46,206.69,348.93,0.8236,-1,-1,-1
354,46,0.66,501.18,79.72,353.05,0.6866,-1,-1,-1
355,3,1066.07,400.19,199.78,613.92,0.8756,-1,-1,-1
355,19,1066.07,400.19,199.78,613.92,0.8756,-1,-1,-1
355,23,901.94,421.88,164.80,526.53,0.7722,-1,-1,-1
355,40,356.44,395.13,145.47,402.11,0.5679,-1,-1,-1
355,42,87.19,436.23,210.34,342.22,0.8582,-1,-1,-1
355,46,0.69,476.31,102.31,376.86,0.7161,-1,-1,-1
355,34,735.90,484.68,45.59,113.29,0.3877,-1,-1,-1
356,3,1066.12,401.10,198.94,613.58,0.8682,-1,-1,-1
356,19,1066.12,401.10,198.94,613.58,0.8682,-1,-1,-1
356,23,903.46,421.93,161.60,524.74,0.7561,-1,-1,-1
356,40,355.70,399.66,159.14,397.87,0.6159,-1,-1,-1
356,42,97.49,437.09,203.30,336.49,0.8342,-1,-1,-1
356,46,0.69,456.64,136.10,396.18,0.8013,-1,-1,-1
356,34,738.47,486.22,42.57,112.36,0.4019,-1,-1,-1
357,3,1066.23,399.96,202.62,614.85,0.8534,-1,-1,-1
357,19,1066.23,399.96,202.62,614.85,0.8534,-1,-1,-1
357,23,904.58,421.75,158.71,523.15,0.7653,-1,-1,-1
357,40,360.24,403.23,178.86,395.93,0.6798,-1,-1,-1
357,42,110.22,436.33,192.04,332.82,0.8124,-1,-1,-1
357,46,0.74,450.01,166.75,406.30,0.8445,-1,-1,-1
358,3,1066.75,400.22,203.73,614.56,0.8522,-1,-1,-1
358,19,1066.75,400.22,203.73,614.56,0.8522,-1,-1,-1
358,23,904.67,419.84,158.21,524.05,0.7857,-1,-1,-1
358,40,382.82,401.38,177.00,395.77,0.6522,-1,-1,-1
358,42,124.18,436.32,177.79,331.17,0.8113,-1,-1,-1
358,46,0.67,449.04,194.75,407.05,0.8561,-1,-1,-1
358,34,736.57,484.52,44.89,114.98,0.3772,-1,-1,-1
359,3,1067.14,399.53,204.89,615.11,0.8521,-1,-1,-1
359,19,1067.14,399.53,204.89,615.11,0.8521,-1,-1,-1
359,23,906.95,419.60,155.80,523.84,0.7899,-1,-1,-1
359,40,393.19,405.17,183.39,393.27,0.8124,-1,-1,-1
359,42,133.57,434.82,168.10,332.33,0.8210,-1,-1,-1
359,46,0.44,444.38,208.54,410.66,0.8451,-1,-1,-1
359,48,1045.86,429.76,65.62,213.48,0.4376,-1,-1,-1
359,34,735.94,483.60,46.08,116.23,0.3856,-1,-1,-1
360,3,1067.03,400.57,206.91,614.29,0.8504,-1,-1,-1
360,19,1067.03,400.57,206.91,614.29,0.8504,-1,-1,-1
360,23,908.54,419.93,157.58,522.99,0.7899,-1,-1,-1
360,40,399.08,409.22,189.51,388.98,0.8067,-1,-1,-1
360,42,143.98,435.20,158.52,328.87,0.7773,-1,-1,-1
360,46,0.33,443.64,218.56,410.72,0.8745,-1,-1,-1
360,34,736.96,486.18,45.05,113.86,0.3582,-1,-1,-1
361,3,1066.95,401.76,208.76,612.94,0.8539,-1,-1,-1
361,19,1066.95,401.76,208.76,612.94,0.8539,-1,-1,-1
361,23,909.15,419.36,158.17,520.57,0.7993,-1,-1,-1
361,40,399.31,406.69,199.49,391.39,0.8432,-1,-1,-1
361,42,164.69,434.79,138.27,328.63,0.7519,-1,-1,-1
361,46,0.14,441.74,225.59,411.60,0.8764,-1,-1,-1
362,3,1067.86,402.16,209.23,612.66,0.8602,-1,-1,-1
362,19,1067.86,402.16,209.23,612.66,0.8602,-1,-1,-1
362,23,909.54,417.47,160.09,519.91,0.8061,-1,-1,-1
362,40,398.81,406.63,203.99,391.98,0.8476,-1,-1,-1
362,42,174.22,437.90,126.70,326.18,0.6724,-1,-1,-1
362,46,0.13,442.32,235.01,412.10,0.8541,-1,-1,-1
363,3,1068.08,401.80,209.40,612.87,0.8536,-1,-1,-1
363,19,1068.08,401.80,209.40,612.87,0.8536,-1,-1,-1
363,23,912.53,418.88,161.14,517.56,0.8019,-1,-1,-1
363,40,395.64,409.87,209.02,388.39,0.8393,-1,-1,-1
363,42,182.97,437.67,116.83,327.38,0.7535,-1,-1,-1
363,46,0.03,443.63,237.26,409.88,0.8440,-1,-1,-1
363,41,1540.98,426.11,40.83,118.51,0.3507,-1,-1,-1
363,34,732.95,482.90,47.84,115.84,0.3879,-1,-1,-1
364,3,1068.28,401.58,210.69,613.14,0.8541,-1,-1,-1
364,19,1068.28,401.58,210.69,613.14,0.8541,-1,-1,-1
364,23,914.62,414.64,160.59,520.12,0.8272,-1,-1,-1
364,40,396.61,413.85,207.77,384.52,0.8503,-1,-1,-1
364,42,195.70,440.66,104.25,323.67,0.7325,-1,-1,-1
364,46,0.20,439.78,237.13,410.95,0.8534,-1,-1,-1
364,41,1543.20,426.18,40.67,118.53,0.3541,-1,-1,-1
364,34,732.84,482.87,48.09,116.04,0.4330,-1,-1,-1
365,3,1068.32,402.48,210.48,611.81,0.8522,-1,-1,-1
365,19,1068.32,402.48,210.48,611.81,0.8522,-1,-1,-1
365,23,916.59,413.15,160.18,521.12,0.8190,-1,-1,-1
365,40,396.25,413.10,207.43,384.82,0.8575,-1,-1,-1
365,42,203.23,438.23,101.81,326.33,0.7416,-1,-1,-1
365,46,1.49,439.74,239.02,411.86,0.8604,-1,-1,-1
365,34,733.39,481.79,47.98,117.57,0.4254,-1,-1,-1
366,3,1068.33,400.54,209.81,614.15,0.8473,-1,-1,-1
366,19,1068.33,400.54,209.81,614.15,0.8473,-1,-1,-1
366,23,919.01,412.10,159.97,522.62,0.8290,-1,-1,-1
366,40,398.06,411.88,205.34,382.46,0.8217,-1,-1,-1
366,42,209.07,435.97,102.12,328.26,0.7749,-1,-1,-1
366,46,3.14,440.43,238.62,409.26,0.8590,-1,-1,-1
366,34,733.23,481.98,46.90,116.93,0.4099,-1,-1,-1
367,3,1068.51,400.98,211.74,613.94,0.8216,-1,-1,-1
367,19,1068.51,400.98,211.74,613.94,0.8216,-1,-1,-1
367,23,921.99,410.68,157.97,524.49,0.8251,-1,-1,-1
367,40,400.19,406.95,199.60,385.07,0.8419,-1,-1,-1
367,42,218.34,436.05,104.99,327.90,0.7569,-1,-1,-1
367,46,21.00,440.27,220.38,400.16,0.7860,-1,-1,-1
367,34,732.28,481.60,46.66,117.15,0.4549,-1,-1,-1
368,3,1068.38,399.45,217.60,615.51,0.7877,-1,-1,-1
368,19,1068.38,399.45,217.60,615.51,0.7877,-1,-1,-1
368,23,924.54,409.70,156.31,525.27,0.8195,-1,-1,-1
368,40,402.52,398.73,194.29,390.47,0.8465,-1,-1,-1
368,42,227.42,437.35,116.13,327.11,0.7361,-1,-1,-1
368,46,44.67,436.45,193.19,394.43,0.7831,-1,-1,-1
368,34,731.45,481.69,47.23,116.87,0.4666,-1,-1,-1
369,3,1069.03,400.08,221.72,614.98,0.7463,-1,-1,-1
369,19,1069.03,400.08,221.72,614.98,0.7463,-1,-1,-1
369,23,926.13,413.43,155.53,519.95,0.8220,-1,-1,-1
369,40,407.78,396.53,186.93,392.12,0.8534,-1,-1,-1
369,42,234.61,435.03,131.20,329.31,0.8104,-1,-1,-1
369,46,75.65,433.11,161.70,393.11,0.7699,-1,-1,-1
369,34,731.37,482.23,47.46,116.28,0.4197,-1,-1,-1
370,3,1069.02,398.05,221.18,616.87,0.7954,-1,-1,-1
370,19,1069.02,398.05,221.18,616.87,0.7954,-1,-1,-1
370,23,928.94,415.51,156.69,519.79,0.8016,-1,-1,-1
370,40,414.44,404.19,179.24,385.47,0.8353,-1,-1,-1
370,42,241.05,432.58,146.59,330.96,0.8302,-1,-1,-1
370,46,105.73,434.11,132.88,388.49,0.8105,-1,-1,-1
370,34,730.95,481.14,47.55,117.34,0.4005,-1,-1,-1
371,3,1069.61,397.89,215.15,616.72,0.7181,-1,-1,-1
371,19,1069.61,397.89,215.15,616.72,0.7181,-1,-1,-1
371,23,932.51,415.58,155.75,520.57,0.7965,-1,-1,-1
371,40,426.57,402.15,168.73,386.80,0.8320,-1,-1,-1
371,42,244.21,432.01,159.55,330.88,0.8394,-1,-1,-1
371,46,128.05,438.24,122.05,382.14,0.7983,-1,-1,-1
371,34,730.21,481.29,48.27,117.85,0.3850,-1,-1,-1
372,3,1070.39,397.41,215.97,616.71,0.8193,-1,-1,-1
372,19,1070.39,397.41,215.97,616.71,0.8193,-1,-1,-1
372,23,935.41,415.58,154.94,520.65,0.7961,-1,-1,-1
372,40,439.09,418.14,155.65,363.86,0.7976,-1,-1,-1
372,42,245.05,434.12,167.89,327.67,0.8181,-1,-1,-1
372,46,137.35,437.57,120.89,382.22,0.7601,-1,-1,-1
372,34,730.71,481.96,46.98,116.76,0.3727,-1,-1,-1
373,3,1070.86,397.17,218.39,617.19,0.8387,-1,-1,-1
373,19,1070.86,397.17,218.39,617.19,0.8387,-1,-1,-1
373,23,938.03,416.18,154.58,521.01,0.7950,-1,-1,-1
373,40,457.07,406.09,145.37,370.67,0.8002,-1,-1,-1
373,42,253.08,435.18,164.55,321.71,0.8036,-1,-1,-1
373,46,147.10,435.04,138.52,383.50,0.8093,-1,-1,-1
373,34,731.60,482.50,47.04,115.24,0.3943,-1,-1,-1
373,49,0.34,491.83,46.26,316.25,0.6280,-1,-1,-1
374,3,1071.62,397.75,218.39,616.48,0.8101,-1,-1,-1
374,19,1071.62,397.75,218.39,616.48,0.8101,-1,-1,-1
374,23,942.79,416.74,152.06,519.82,0.7883,-1,-1,-1
374,40,470.97,402.32,139.60,370.32,0.7728,-1,-1,-1
374,42,264.77,440.26,157.82,307.44,0.7794,-1,-1,-1
374,46,156.48,431.86,144.69,385.39,0.7270,-1,-1,-1
374,34,732.59,480.69,47.46,117.40,0.3958,-1,-1,-1
374,49,0.81,491.55,49.87,316.91,0.7027,-1,-1,-1
375,3,1071.53,399.26,219.24,614.49,0.7953,-1,-1,-1
375,19,1071.53,399.26,219.24,614.49,0.7953,-1,-1,-1
375,23,942.82,414.16,152.69,521.16,0.7755,-1,-1,-1
375,40,481.69,406.67,140.46,364.39,0.7130,-1,-1,-1
375,42,277.09,449.11,147.13,297.89,0.7431,-1,-1,-1
375,46,160.93,432.90,167.09,383.55,0.8168,-1,-1,-1
375,34,733.16,480.16,47.51,118.44,0.3843,-1,-1,-1
375,49,0.63,487.34,57.86,324.45,0.6593,-1,-1,-1
376,3,1071.42,399.62,221.16,613.59,0.8090,-1,-1,-1
376,19,1071.42,399.62,221.16,613.59,0.8090,-1,-1,-1
376,23,944.52,416.75,150.03,521.16,0.7740,-1,-1,-1
376,40,488.54,404.55,140.77,364.05,0.6940,-1,-1,-1
376,42,278.35,439.71,147.34,307.67,0.7426,-1,-1,-1
376,46,160.18,436.08,186.38,379.98,0.7682,-1,-1,-1
376,34,731.41,479.33,48.61,119.72,0.3215,-1,-1,-1
376,49,0.35,481.63,69.66,330.82,0.7805,-1,-1,-1
377,3,1071.10,400.44,224.49,613.83,0.8122,-1,-1,-1
377,19,1071.10,400.44,224.49,613.83,0.8122,-1,-1,-1
377,23,946.19,417.31,151.96,521.19,0.7969,-1,-1,-1
377,40,490.48,400.72,143.61,367.40,0.7356,-1,-1,-1
377,42,283.73,441.43,144.88,306.20,0.7060,-1,-1,-1
377,46,158.54,439.10,204.06,377.29,0.7973,-1,-1,-1
377,34,731.21,480.85,47.87,118.68,0.3285,-1,-1,-1
377,49,0.05,451.78,95.03,358.63,0.7789,-1,-1,-1
378,3,1071.58,399.28,223.48,615.54,0.7753,-1,-1,-1
378,19,1071.58,399.28,223.48,615.54,0.7753,-1,-1,-1
378,23,946.44,413.29,155.56,522.82,0.7803,-1,-1,-1
378,40,494.84,396.45,147.19,373.17,0.7881,-1,-1,-1
378,42,292.45,440.65,136.53,309.26,0.6759,-1,-1,-1
378,46,159.18,440.08,211.84,376.35,0.8194,-1,-1,-1
378,34,731.49,482.06,46.68,116.03,0.3464,-1,-1,-1
378,49,0.05,436.68,125.63,373.42,0.8289,-1,-1,-1
379,3,1071.22,397.27,222.26,617.06,0.8308,-1,-1,-1
379,19,1071.22,397.27,222.26,617.06,0.8308,-1,-1,-1
379,23,946.30,411.28,156.68,523.84,0.8144,-1,-1,-1
379,40,500.61,396.74,157.66,373.75,0.7933,-1,-1,-1
379,42,309.58,439.49,119.03,309.45,0.6841,-1,-1,-1
379,46,159.01,441.36,216.34,374.88,0.8248,-1,-1,-1
379,34,731.71,482.03,45.43,116.09,0.3893,-1,-1,-1
379,49,0.06,431.08,138.48,377.39,0.8212,-1,-1,-1
380,3,1071.59,395.62,221.18,618.46,0.8255,-1,-1,-1
380,19,1071.59,395.62,221.18,618.46,0.8255,-1,-1,-1
380,23,946.81,407.64,159.10,526.41,0.8114,-1,-1,-1
380,40,505.79,398.64,163.31,372.01,0.6395,-1,-1,-1
380,42,321.96,444.48,103.00,306.53,0.6356,-1,-1,-1
380,46,160.64,443.04,221.48,371.67,0.8377,-1,-1,-1
380,34,731.28,480.61,43.98,116.81,0.3588,-1,-1,-1
380,49,0.33,428.58,157.46,378.67,0.7754,-1,-1,-1
381,3,1072.19,393.92,217.49,620.34,0.7997,-1,-1,-1
381,19,1072.19,393.92,217.49,620.34,0.7997,-1,-1,-1
381,23,950.94,411.26,157.28,525.49,0.7697,-1,-1,-1
381,40,516.16,405.58,149.82,365.44,0.5870,-1,-1,-1
381,42,324.93,442.22,98.52,309.74,0.7059,-1,-1,-1
381,46,158.60,444.15,226.58,367.24,0.8608,-1,-1,-1
381,34,730.74,479.68,46.46,118.69,0.3085,-1,-1,-1
381,49,0.55,434.36,171.23,372.34,0.7522,-1,-1,-1
382,3,1073.43,396.79,219.97,617.78,0.8141,-1,-1,-1
382,19,1073.43,396.79,219.97,617.78,0.8141,-1,-1,-1
382,23,952.08,414.46,158.82,520.88,0.7523,-1,-1,-1
382,40,533.07,405.61,140.10,364.25,0.6057,-1,-1,-1
382,42,334.66,442.04,95.48,307.47,0.6881,-1,-1,-1
382,46,164.35,442.83,220.91,367.33,0.8295,-1,-1,-1
382,34,730.80,479.20,48.70,120.45,0.3577,-1,-1,-1
382,49,0.65,436.05,179.83,369.72,0.8044,-1,-1,-1
383,3,1073.55,397.29,220.33,617.53,0.8288,-1,-1,-1
383,19,1073.55,397.29,220.33,617.53,0.8288,-1,-1,-1
383,23,954.02,416.35,157.15,521.59,0.6959,-1,-1,-1
383,40,530.18,411.38,150.34,358.52,0.6916,-1,-1,-1
383,42,345.18,443.78,96.96,301.91,0.5560,-1,-1,-1
383,46,181.73,442.30,203.51,367.01,0.7935,-1,-1,-1
383,34,730.45,477.86,51.07,121.98,0.3677,-1,-1,-1
383,49,0.43,436.31,191.10,368.78,0.8581,-1,-1,-1
384,3,1073.83,397.10,220.25,617.84,0.8328,-1,-1,-1
384,19,1073.83,397.10,220.25,617.84,0.8328,-1,-1,-1
384,23,955.70,416.54,153.74,522.71,0.7106,-1,-1,-1
384,40,531.54,408.57,154.54,361.26,0.7508,-1,-1,-1
384,42,361.45,453.05,92.20,291.04,0.6051,-1,-1,-1
384,46,194.80,437.28,189.78,371.77,0.7939,-1,-1,-1
384,34,730.07,475.85,50.84,124.87,0.4519,-1,-1,-1
384,49,0.45,433.34,200.32,372.69,0.8757,-1,-1,-1
384,50,687.82,465.98,47.21,125.42,0.3556,-1,-1,-1
385,3,1074.08,397.15,219.32,617.89,0.7878,-1,-1,-1
385,19,1074.08,397.15,219.32,617.89,0.7878,-1,-1,-1
385,23,957.88,416.55,150.66,523.72,0.7202,-1,-1,-1
385,40,535.53,408.24,154.42,361.78,0.7874,-1,-1,-1
385,42,365.41,443.57,95.87,299.84,0.7061,-1,-1,-1
385,46,210.62,434.18,174.01,369.80,0.8057,-1,-1,-1
385,34,730.26,473.18,50.13,127.82,0.5474,-1,-1,-1
385,49,0.35,434.63,210.80,371.69,0.8627,-1,-1,-1
385,50,687.24,467.93,47.37,126.32,0.3841,-1,-1,-1
386,3,1073.90,397.37,220.26,617.30,0.7052,-1,-1,-1
386,19,1073.90,397.37,220.26,617.30,0.7052,-1,-1,-1
386,23,960.35,415.03,149.45,526.35,0.7416,-1,-1,-1
386,40,540.22,406.43,154.20,363.06,0.8330,-1,-1,-1
386,42,369.12,439.73,110.45,304.80,0.7073,-1,-1,-1
386,46,230.08,435.09,152.83,365.94,0.7923,-1,-1,-1
386,34,730.71,470.99,49.22,129.69,0.5293,-1,-1,-1
386,49,0.22,433.09,213.91,374.39,0.8361,-1,-1,-1
386,50,690.09,468.66,43.62,126.10,0.3454,-1,-1,-1
387,3,1073.61,397.55,220.47,616.83,0.7754,-1,-1,-1
387,19,1073.61,397.55,220.47,616.83,0.7754,-1,-1,-1
387,23,960.37,416.33,148.39,524.47,0.7224,-1,-1,-1
387,40,542.94,407.06,151.63,360.74,0.8457,-1,-1,-1
387,42,369.94,438.54,134.44,307.62,0.8057,-1,-1,-1
387,46,253.63,431.47,128.44,367.34,0.5763,-1,-1,-1
387,34,731.07,470.77,48.68,129.81,0.5305,-1,-1,-1
387,49,1.62,432.79,212.38,373.33,0.8367,-1,-1,-1
387,50,691.31,473.29,42.41,118.70,0.3116,-1,-1,-1
388,3,1061.74,397.15,243.51,617.90,0.7369,-1,-1,-1
388,19,1061.74,397.15,243.51,617.90,0.7369,-1,-1,-1
388,23,960.90,417.44,145.33,523.12,0.7214,-1,-1,-1
388,40,546.39,405.88,148.21,358.75,0.8251,-1,-1,-1
388,42,370.83,439.71,150.64,308.06,0.7892,-1,-1,-1
388,46,275.42,433.09,105.98,363.73,0.6752,-1,-1,-1
388,34,730.64,469.13,48.68,132.88,0.4969,-1,-1,-1
388,49,9.88,432.02,203.19,372.18,0.8071,-1,-1,-1
388,50,692.03,473.79,41.97,119.56,0.3497,-1,-1,-1
389,3,1056.67,397.35,288.09,617.68,0.7275,-1,-1,-1
389,19,1056.67,397.35,288.09,617.68,0.7275,-1,-1,-1
389,23,962.82,418.01,140.14,522.38,0.7019,-1,-1,-1
389,40,549.23,407.86,145.92,355.58,0.8064,-1,-1,-1
389,42,368.11,441.05,165.29,304.53,0.8016,-1,-1,-1
389,46,285.86,429.47,100.66,368.57,0.6791,-1,-1,-1
389,34,730.41,471.04,48.69,131.01,0.5035,-1,-1,-1
389,49,20.26,425.24,192.89,374.83,0.7877,-1,-1,-1
389,50,692.40,475.52,40.67,116.68,0.3353,-1,-1,-1
390,3,1057.20,397.21,303.18,618.48,0.7747,-1,-1,-1
390,19,1057.20,397.21,303.18,618.48,0.7747,-1,-1,-1
390,23,965.49,418.09,135.84,523.29,0.6753,-1,-1,-1
390,40,554.83,409.39,141.08,352.45,0.8007,-1,-1,-1
390,42,370.41,440.95,171.21,303.28,0.8140,-1,-1,-1
390,46,285.18,433.45,108.90,364.63,0.5266,-1,-1,-1
390,34,729.88,472.92,49.80,130.61,0.4870,-1,-1,-1
390,49,32.03,426.85,183.31,371.15,0.7950,-1,-1,-1
391,3,1054.03,397.09,313.59,618.54,0.7780,-1,-1,-1
391,19,1054.03,397.09,313.59,618.54,0.7780,-1,-1,-1
391,23,972.08,416.91,128.21,527.63,0.6587,-1,-1,-1
391,40,560.62,411.49,135.45,351.84,0.8021,-1,-1,-1
391,42,377.10,441.06,168.24,300.28,0.7847,-1,-1,-1
391,46,299.49,436.93,103.24,361.84,0.5331,-1,-1,-1
391,34,728.82,471.56,50.87,131.94,0.4435,-1,-1,-1
391,49,40.31,428.01,175.75,369.68,0.7602,-1,-1,-1
391,51,917.91,435.06,67.94,154.20,0.3727,-1,-1,-1
392,3,1052.44,397.83,314.44,618.24,0.7851,-1,-1,-1
392,19,1052.44,397.83,314.44,618.24,0.7851,-1,-1,-1
392,23,978.57,412.97,123.25,527.95,0.6499,-1,-1,-1
392,40,568.37,408.99,128.68,356.24,0.7870,-1,-1,-1
392,42,388.95,439.66,157.90,299.12,0.7247,-1,-1,-1
392,46,308.43,437.44,117.25,361.85,0.6569,-1,-1,-1
392,34,728.12,468.69,51.72,134.24,0.4469,-1,-1,-1
392,49,51.93,431.62,165.76,364.21,0.7636,-1,-1,-1
392,51,924.37,434.83,58.52,155.86,0.5645,-1,-1,-1
393,3,1049.76,398.24,316.56,618.28,0.8133,-1,-1,-1
393,19,1049.76,398.24,316.56,618.28,0.8133,-1,-1,-1
393,23,971.01,416.87,130.37,525.44,0.6502,-1,-1,-1
393,40,576.15,413.15,121.41,344.22,0.7914,-1,-1,-1
393,42,399.00,439.66,148.05,296.96,0.7276,-1,-1,-1
393,46,312.45,440.11,138.72,359.52,0.7909,-1,-1,-1
393,34,727.85,467.47,52.25,135.02,0.5305,-1,-1,-1
393,49,77.44,429.54,144.10,365.66,0.6335,-1,-1,-1
393,51,925.10,437.09,54.85,162.50,0.6495,-1,-1,-1
394,3,1053.31,398.17,286.86,617.51,0.6771,-1,-1,-1
394,19,1053.31,398.17,286.86,617.51,0.6771,-1,-1,-1
394,23,979.93,413.73,120.46,525.68,0.6299,-1,-1,-1
394,40,582.67,412.46,114.92,341.07,0.7610,-1,-1,-1
394,42,410.69,442.70,137.93,292.77,0.7294,-1,-1,-1
394,46,314.39,443.17,148.59,357.27,0.7245,-1,-1,-1
394,34,726.62,473.41,52.74,129.85,0.5973,-1,-1,-1
394,49,71.04,428.82,159.03,366.81,0.7570,-1,-1,-1
394,51,922.75,438.38,55.14,165.26,0.6392,-1,-1,-1
395,3,1055.07,397.16,272.35,618.37,0.6998,-1,-1,-1
395,19,1055.07,397.16,272.35,618.37,0.6998,-1,-1,-1
395,23,985.34,413.14,113.83,524.62,0.6581,-1,-1,-1
395,40,587.91,413.50,111.55,336.51,0.7669,-1,-1,-1
395,42,421.35,441.22,127.06,293.95,0.7395,-1,-1,-1
395,46,314.53,443.97,156.68,357.04,0.7473,-1,-1,-1
395,34,725.13,471.11,53.55,134.26,0.6122,-1,-1,-1
395,49,72.32,430.23,163.48,365.90,0.7786,-1,-1,-1
395,51,920.43,439.65,54.18,164.28,0.5963,-1,-1,-1
396,3,1057.04,398.45,292.76,618.02,0.7612,-1,-1,-1
396,19,1057.04,398.45,292.76,618.02,0.7612,-1,-1,-1
396,23,984.94,413.55,113.65,523.75,0.6217,-1,-1,-1
396,40,591.91,423.03,112.37,322.31,0.7560,-1,-1,-1
396,42,433.97,443.27,114.32,289.19,0.6567,-1,-1,-1
396,46,313.10,442.91,170.36,356.43,0.7604,-1,-1,-1
396,34,722.65,466.13,56.33,142.65,0.5797,-1,-1,-1
396,49,100.04,441.38,141.06,353.84,0.5848,-1,-1,-1
396,51,918.30,442.01,53.90,167.76,0.6766,-1,-1,-1
397,3,1060.61,398.55,262.14,618.63,0.7908,-1,-1,-1
397,19,1060.61,398.55,262.14,618.63,0.7908,-1,-1,-1
397,23,985.44,413.68,112.94,524.16,0.6776,-1,-1,-1
397,40,596.07,419.50,112.89,324.99,0.7490,-1,-1,-1
397,42,447.68,465.99,98.86,264.21,0.5737,-1,-1,-1
397,46,312.89,434.48,174.45,364.08,0.7633,-1,-1,-1
397,34,720.58,464.32,57.87,145.01,0.5771,-1,-1,-1
397,49,127.16,436.45,123.64,359.83,0.6218,-1,-1,-1
397,51,915.71,442.88,54.94,167.75,0.6401,-1,-1,-1
398,3,1063.77,399.06,246.96,619.06,0.8379,-1,-1,-1
398,19,1063.77,399.06,246.96,619.06,0.8379,-1,-1,-1
398,23,975.19,415.25,123.61,524.61,0.6354,-1,-1,-1
398,40,599.51,423.19,117.11,319.62,0.7560,-1,-1,-1
398,42,448.19,443.87,98.92,287.20,0.7330,-1,-1,-1
398,46,313.95,436.53,179.41,360.19,0.8204,-1,-1,-1
398,34,720.07,461.77,57.46,147.52,0.5433,-1,-1,-1
398,49,136.80,436.29,125.30,359.99,0.7497,-1,-1,-1
398,51,915.72,444.26,55.12,163.94,0.4855,-1,-1,-1
399,3,1065.52,400.27,241.24,617.95,0.8373,-1,-1,-1
399,19,1065.52,400.27,241.24,617.95,0.8373,-1,-1,-1
399,23,970.47,415.39,129.38,525.11,0.6612,-1,-1,-1
399,40,604.75,427.57,122.90,312.76,0.7884,-1,-1,-1
399,42,463.53,442.00,85.46,289.50,0.6281,-1,-1,-1
399,46,316.83,437.73,176.84,358.99,0.8311,-1,-1,-1
399,34,719.68,463.27,55.87,145.97,0.5367,-1,-1,-1
399,49,137.38,433.55,151.29,361.55,0.7644,-1,-1,-1
399,51,913.98,439.16,56.56,171.63,0.5827,-1,-1,-1
400,3,1067.64,400.37,237.27,618.40,0.8528,-1,-1,-1
400,19,1067.64,400.37,237.27,618.40,0.8528,-1,-1,-1
400,23,968.70,414.17,130.79,526.65,0.6566,-1,-1,-1
400,40,607.19,423.83,131.55,316.30,0.7796,-1,-1,-1
400,42,471.21,439.69,81.87,290.24,0.7311,-1,-1,-1
400,46,316.60,435.75,177.61,360.10,0.8428,-1,-1,-1
400,34,718.19,468.03,52.35,140.27,0.4776,-1,-1,-1
400,49,140.40,433.09,169.67,360.94,0.7803,-1,-1,-1
400,51,911.35,438.70,56.12,171.03,0.5657,-1,-1,-1
401,3,1069.19,399.84,235.10,619.28,0.8463,-1,-1,-1
401,19,1069.19,399.84,235.10,619.28,0.8463,-1,-1,-1
401,23,979.41,411.57,118.37,527.06,0.6368,-1,-1,-1
401,40,609.57,423.94,144.28,315.80,0.7725,-1,-1,-1
401,42,480.20,443.52,80.48,287.67,0.7211,-1,-1,-1
401,46,322.75,436.64,172.06,356.70,0.8150,-1,-1,-1
401,34,715.86,465.92,52.97,145.55,0.4259,-1,-1,-1
401,49,141.89,433.18,174.54,360.97,0.8137,-1,-1,-1
401,51,908.96,438.31,59.14,168.00,0.5768,-1,-1,-1
402,3,1071.32,399.48,231.31,619.93,0.8370,-1,-1,-1
402,19,1071.32,399.48,231.31,619.93,0.8370,-1,-1,-1
402,23,983.93,410.88,113.15,527.17,0.6259,-1,-1,-1
402,40,615.36,417.11,151.39,322.73,0.8021,-1,-1,-1
402,42,484.27,449.16,86.44,280.09,0.7226,-1,-1,-1
402,46,335.21,442.43,159.43,348.72,0.8265,-1,-1,-1
402,34,715.44,463.55,53.82,147.22,0.4928,-1,-1,-1
402,49,144.27,435.42,174.74,357.57,0.8096,-1,-1,-1
402,51,904.77,438.39,66.23,170.35,0.5297,-1,-1,-1
403,3,1074.62,399.70,227.13,619.58,0.8374,-1,-1,-1
403,19,1074.62,399.70,227.13,619.58,0.8374,-1,-1,-1
403,23,970.97,415.21,127.87,524.84,0.6182,-1,-1,-1
403,40,619.17,411.10,158.12,330.24,0.8362,-1,-1,-1
403,42,488.87,445.83,95.79,283.26,0.6047,-1,-1,-1
403,46,347.02,448.62,148.47,335.81,0.7468,-1,-1,-1
403,34,715.58,464.38,53.80,146.21,0.4668,-1,-1,-1
403,49,144.15,438.70,183.98,354.22,0.8041,-1,-1,-1
403,51,901.93,441.11,72.82,169.36,0.3605,-1,-1,-1
404,3,1076.55,399.82,225.51,620.33,0.8292,-1,-1,-1
404,19,1076.55,399.82,225.51,620.33,0.8292,-1,-1,-1
404,23,965.98,416.85,132.88,524.75,0.6690,-1,-1,-1
404,40,623.75,407.90,163.60,334.69,0.8025,-1,-1,-1
404,42,491.04,441.01,115.46,286.58,0.6405,-1,-1,-1
404,46,357.50,443.70,140.37,339.72,0.7213,-1,-1,-1
404,34,715.37,463.23,52.66,148.01,0.4491,-1,-1,-1
404,49,150.32,438.55,183.81,351.57,0.8275,-1,-1,-1
404,51,898.54,446.79,60.22,164.13,0.5263,-1,-1,-1
405,3,1078.29,400.33,213.98,619.20,0.8328,-1,-1,-1
405,19,1078.29,400.33,213.98,619.20,0.8328,-1,-1,-1
405,23,964.11,416.57,134.88,525.31,0.6857,-1,-1,-1
405,40,627.67,414.20,166.42,329.45,0.7876,-1,-1,-1
405,42,495.75,444.14,123.28,283.54,0.6790,-1,-1,-1
405,46,377.69,437.99,119.48,340.13,0.7013,-1,-1,-1
405,34,716.12,466.89,51.50,144.92,0.3762,-1,-1,-1
405,49,155.03,437.00,178.91,351.14,0.8181,-1,-1,-1
405,51,895.59,452.55,54.38,158.26,0.4064,-1,-1,-1
406,3,1077.15,399.32,209.44,620.65,0.8325,-1,-1,-1
406,19,1077.15,399.32,209.44,620.65,0.8325,-1,-1,-1
406,23,961.62,416.05,137.02,525.79,0.6971,-1,-1,-1
406,40,632.09,420.68,166.64,322.66,0.7932,-1,-1,-1
406,42,499.88,447.66,123.85,279.63,0.6747,-1,-1,-1
406,46,395.76,434.77,103.30,337.96,0.7057,-1,-1,-1
406,49,159.69,436.03,173.10,352.41,0.8077,-1,-1,-1
406,51,892.56,454.79,54.01,154.36,0.3657,-1,-1,-1
407,3,1076.48,397.12,203.92,622.21,0.8346,-1,-1,-1
407,19,1076.48,397.12,203.92,622.21,0.8346,-1,-1,-1
407,23,958.51,417.64,139.14,523.83,0.7253,-1,-1,-1
407,40,635.98,416.55,163.43,327.14,0.8544,-1,-1,-1
407,42,496.89,446.31,135.02,284.02,0.7083,-1,-1,-1
407,46,410.41,434.52,93.45,335.89,0.6732,-1,-1,-1
407,49,171.64,433.63,164.20,355.16,0.8024,-1,-1,-1
407,51,888.69,458.19,55.30,150.39,0.3139,-1,-1,-1
408,3,1073.90,397.66,202.00,622.43,0.8384,-1,-1,-1
408,19,1073.90,397.66,202.00,622.43,0.8384,-1,-1,-1
408,23,959.12,417.39,138.78,523.82,0.7101,-1,-1,-1
408,40,641.13,418.69,159.26,325.81,0.8466,-1,-1,-1
408,42,500.86,440.71,139.21,289.29,0.7526,-1,-1,-1
408,46,408.47,433.70,100.90,336.22,0.6180,-1,-1,-1
408,49,185.45,433.40,152.80,352.10,0.7957,-1,-1,-1
408,51,880.50,456.00,61.00,153.90,0.4989,-1,-1,-1
409,3,1073.80,398.88,198.71,620.57,0.8396,-1,-1,-1
409,19,1073.80,398.88,198.71,620.57,0.8396,-1,-1,-1
409,23,959.13,417.05,140.21,523.58,0.7043,-1,-1,-1
409,40,643.82,418.02,157.23,326.42,0.8314,-1,-1,-1
409,42,500.34,436.79,143.39,293.35,0.7532,-1,-1,-1
409,46,400.81,437.11,116.26,331.89,0.6156,-1,-1,-1
409,49,201.81,435.73,138.18,339.14,0.7234,-1,-1,-1
409,51,875.73,448.10,63.96,162.66,0.6136,-1,-1,-1
410,3,1073.40,398.19,192.22,620.98,0.8459,-1,-1,-1
410,19,1073.40,398.19,192.22,620.98,0.8459,-1,-1,-1
410,23,959.45,418.88,139.13,521.14,0.7096,-1,-1,-1
410,40,645.69,412.73,156.47,331.82,0.8197,-1,-1,-1
410,42,511.09,438.84,133.79,285.17,0.7309,-1,-1,-1
410,46,416.53,438.54,115.52,331.14,0.5811,-1,-1,-1
410,49,222.37,435.39,123.40,336.66,0.6606,-1,-1,-1
410,51,874.75,446.48,62.47,164.74,0.5706,-1,-1,-1
411,3,1072.20,398.22,186.18,620.84,0.8465,-1,-1,-1
411,19,1072.20,398.22,186.18,620.84,0.8465,-1,-1,-1
411,23,958.37,420.86,140.25,518.61,0.7182,-1,-1,-1
411,40,645.99,416.58,155.82,326.04,0.8265,-1,-1,-1
411,42,521.03,440.48,123.05,282.84,0.6935,-1,-1,-1
411,46,423.70,436.57,131.98,330.98,0.6696,-1,-1,-1
411,49,247.65,428.37,105.62,341.33,0.5469,-1,-1,-1
411,51,874.34,442.70,62.27,168.65,0.5412,-1,-1,-1
412,3,1071.05,399.71,185.51,618.80,0.8433,-1,-1,-1
412,19,1071.05,399.71,185.51,618.80,0.8433,-1,-1,-1
412,23,961.14,421.70,137.53,518.27,0.6864,-1,-1,-1
412,40,645.98,407.00,155.94,335.96,0.8272,-1,-1,-1
412,42,528.79,437.90,116.50,283.45,0.7388,-1,-1,-1
412,46,420.77,436.18,147.73,331.20,0.6622,-1,-1,-1
412,49,264.03,426.94,99.43,342.56,0.7141,-1,-1,-1
412,51,873.95,441.70,58.95,167.68,0.5159,-1,-1,-1
413,3,1070.95,401.32,185.19,617.32,0.8517,-1,-1,-1
413,19,1070.95,401.32,185.19,617.32,0.8517,-1,-1,-1
413,23,959.24,421.67,140.43,518.27,0.7357,-1,-1,-1
413,40,647.96,408.35,154.01,333.15,0.8039,-1,-1,-1
413,42,547.55,436.55,101.93,283.16,0.6170,-1,-1,-1
413,46,431.88,435.09,154.32,331.27,0.7118,-1,-1,-1
413,49,269.72,426.17,104.71,344.34,0.7256,-1,-1,-1
413,51,874.88,440.41,55.80,167.73,0.4905,-1,-1,-1
414,3,1066.60,404.02,188.72,614.97,0.8608,-1,-1,-1
414,19,1066.60,404.02,188.72,614.97,0.8608,-1,-1,-1
414,23,961.11,421.59,137.98,516.85,0.6944,-1,-1,-1
414,40,653.06,419.91,148.06,320.86,0.8022,-1,-1,-1
414,42,558.34,437.45,95.29,282.34,0.6548,-1,-1,-1
414,46,436.49,436.94,158.91,329.05,0.7425,-1,-1,-1
414,49,273.14,424.69,109.87,346.90,0.6975,-1,-1,-1
414,51,872.11,440.18,53.90,167.96,0.5954,-1,-1,-1
415,3,1064.10,407.51,191.29,611.76,0.8577,-1,-1,-1
415,19,1064.10,407.51,191.29,611.76,0.8577,-1,-1,-1
415,23,963.41,419.96,133.67,518.52,0.7135,-1,-1,-1
415,40,657.60,424.50,143.63,316.48,0.8063,-1,-1,-1
415,42,562.39,434.37,92.04,286.57,0.6037,-1,-1,-1
415,46,436.11,438.52,162.89,327.55,0.7651,-1,-1,-1
415,49,278.86,430.97,116.75,340.61,0.6675,-1,-1,-1
415,51,871.46,440.87,50.93,167.22,0.7089,-1,-1,-1
416,3,1061.44,410.86,195.32,608.77,0.8635,-1,-1,-1
416,19,1061.44,410.86,195.32,608.77,0.8635,-1,-1,-1
416,23,964.18,419.29,131.76,519.24,0.7052,-1,-1,-1
416,40,666.78,430.52,134.75,308.15,0.7948,-1,-1,-1
416,42,570.62,433.86,87.20,286.45,0.7327,-1,-1,-1
416,46,435.67,440.88,163.63,325.49,0.8116,-1,-1,-1
416,49,287.35,435.56,115.66,334.82,0.7310,-1,-1,-1
416,51,869.65,440.40,51.18,166.49,0.6150,-1,-1,-1
417,3,1061.58,409.49,197.02,610.87,0.8531,-1,-1,-1
417,19,1061.58,409.49,197.02,610.87,0.8531,-1,-1,-1
417,23,968.13,417.40,128.20,518.38,0.6691,-1,-1,-1
417,40,675.85,424.64,125.98,310.44,0.8034,-1,-1,-1
417,42,569.62,435.56,96.71,283.87,0.6754,-1,-1,-1
417,46,436.10,449.66,164.24,317.03,0.7916,-1,-1,-1
417,49,289.14,437.96,128.74,330.76,0.5966,-1,-1,-1
417,51,868.16,439.11,50.78,167.12,0.6315,-1,-1,-1
418,3,1059.61,405.88,199.87,614.65,0.8571,-1,-1,-1
418,19,1059.61,405.88,199.87,614.65,0.8571,-1,-1,-1
418,23,968.38,418.08,126.88,519.49,0.6734,-1,-1,-1
418,40,682.06,413.74,121.82,318.43,0.7853,-1,-1,-1
418,42,581.52,436.12,94.42,282.44,0.7153,-1,-1,-1
418,46,438.19,446.40,158.85,319.47,0.8080,-1,-1,-1
418,49,289.96,436.01,142.77,332.63,0.6846,-1,-1,-1
418,51,867.44,439.65,48.87,165.31,0.5202,-1,-1,-1
419,3,1056.87,407.64,204.73,612.88,0.8488,-1,-1,-1
419,19,1056.87,407.64,204.73,612.88,0.8488,-1,-1,-1
419,23,969.99,419.55,125.73,517.14,0.6837,-1,-1,-1
419,40,688.25,407.18,120.31,324.04,0.8004,-1,-1,-1
419,42,588.50,436.99,91.26,280.40,0.7165,-1,-1,-1
419,46,441.09,439.45,159.51,324.61,0.8019,-1,-1,-1
419,49,291.14,438.19,155.80,330.75,0.7580,-1,-1,-1
419,51,865.62,440.67,46.16,164.16,0.5456,-1,-1,-1
420,3,1054.07,409.19,212.66,611.63,0.8392,-1,-1,-1
420,19,1054.07,409.19,212.66,611.63,0.8392,-1,-1,-1
420,23,970.69,415.53,123.95,521.74,0.5912,-1,-1,-1
420,40,694.89,407.32,116.71,323.11,0.7801,-1,-1,-1
420,42,586.93,436.93,97.26,278.24,0.7146,-1,-1,-1
420,46,448.03,435.79,152.95,327.40,0.7692,-1,-1,-1
420,49,293.47,442.11,161.28,326.90,0.7820,-1,-1,-1
421,3,1051.12,409.22,215.68,611.64,0.8237,-1,-1,-1
421,19,1051.12,409.22,215.68,611.64,0.8237,-1,-1,-1
421,23,969.33,412.24,123.95,525.45,0.5960,-1,-1,-1
421,40,697.75,418.58,111.21,311.91,0.7101,-1,-1,-1
421,42,589.27,438.98,108.56,277.24,0.7298,-1,-1,-1
421,46,448.31,434.33,150.94,326.94,0.7421,-1,-1,-1
421,49,292.60,439.61,167.12,328.93,0.7781,-1,-1,-1
421,51,858.64,435.43,48.19,169.88,0.4992,-1,-1,-1
422,3,1047.36,407.09,216.04,614.37,0.8181,-1,-1,-1
422,19,1047.36,407.09,216.04,614.37,0.8181,-1,-1,-1
422,23,968.76,412.56,124.32,525.15,0.5187,-1,-1,-1
422,40,701.91,431.63,108.28,296.16,0.6477,-1,-1,-1
422,42,595.39,440.49,114.07,276.31,0.7147,-1,-1,-1
422,46,459.58,435.12,135.75,325.66,0.6973,-1,-1,-1
422,49,292.88,439.59,182.90,327.69,0.8235,-1,-1,-1
422,54,1158.56,410.90,163.37,492.74,0.5069,-1,-1,-1
422,51,859.16,439.17,47.52,161.17,0.4728,-1,-1,-1
423,3,1046.18,404.01,218.35,618.26,0.8158,-1,-1,-1
423,19,1046.18,404.01,218.35,618.26,0.8158,-1,-1,-1
423,23,969.05,416.39,123.31,520.62,0.4218,-1,-1,-1
423,40,707.16,436.01,105.71,291.92,0.6218,-1,-1,-1
423,42,601.77,443.06,121.87,273.00,0.7247,-1,-1,-1
423,46,470.51,437.19,123.17,320.33,0.7150,-1,-1,-1
423,49,292.56,436.91,187.14,329.52,0.7825,-1,-1,-1
423,54,1155.45,411.97,168.25,493.46,0.6564,-1,-1,-1
423,51,856.34,438.84,50.62,161.46,0.5991,-1,-1,-1
424,3,1047.55,399.89,217.54,624.42,0.7840,-1,-1,-1
424,19,1047.55,399.89,217.54,624.42,0.7840,-1,-1,-1
424,23,969.07,462.42,121.43,472.91,0.4156,-1,-1,-1
424,40,711.34,431.25,104.49,298.07,0.6345,-1,-1,-1
424,42,607.67,443.22,130.30,272.31,0.7744,-1,-1,-1
424,46,477.01,437.21,120.75,320.57,0.7190,-1,-1,-1
424,49,300.38,436.87,179.57,327.81,0.7752,-1,-1,-1
424,54,1151.56,412.39,173.59,498.52,0.5149,-1,-1,-1
424,51,851.52,438.77,52.73,163.12,0.5309,-1,-1,-1
425,3,1048.54,397.79,208.78,633.06,0.7195,-1,-1,-1
425,19,1048.54,397.79,208.78,633.06,0.7195,-1,-1,-1
425,23,970.76,482.42,119.57,451.16,0.5234,-1,-1,-1
425,40,714.20,421.74,113.02,305.17,0.7299,-1,-1,-1
425,42,610.81,448.85,130.55,266.76,0.7360,-1,-1,-1
425,46,487.97,438.75,112.83,318.95,0.6383,-1,-1,-1
425,49,310.24,437.94,170.22,325.72,0.7790,-1,-1,-1
425,54,1159.74,412.73,165.74,508.63,0.6059,-1,-1,-1
425,51,850.05,439.86,49.84,159.39,0.5431,-1,-1,-1
426,3,1050.14,397.45,201.88,638.33,0.7134,-1,-1,-1
426,19,1050.14,397.45,201.88,638.33,0.7134,-1,-1,-1
426,23,971.01,489.78,118.86,442.00,0.5297,-1,-1,-1
426,40,715.58,413.45,115.50,312.45,0.7548,-1,-1,-1
426,42,611.80,449.00,133.09,267.92,0.7210,-1,-1,-1
426,46,514.48,438.36,96.91,315.95,0.6454,-1,-1,-1
426,49,321.44,434.43,157.98,329.49,0.7908,-1,-1,-1
426,54,1163.18,411.71,163.49,516.02,0.5903,-1,-1,-1
426,51,848.01,439.10,48.12,159.08,0.5965,-1,-1,-1
427,3,1053.74,399.99,187.76,638.37,0.6816,-1,-1,-1
427,19,1053.74,399.99,187.76,638.37,0.6816,-1,-1,-1
427,23,971.67,452.62,119.74,478.86,0.4419,-1,-1,-1
427,40,720.46,411.08,111.39,315.29,0.7454,-1,-1,-1
427,42,611.43,450.04,132.64,267.62,0.7150,-1,-1,-1
427,46,520.34,438.64,94.12,315.01,0.6314,-1,-1,-1
427,49,330.67,433.85,151.12,326.18,0.7858,-1,-1,-1
427,54,1159.63,409.67,171.09,521.70,0.4894,-1,-1,-1
427,51,844.20,437.36,49.25,161.82,0.4931,-1,-1,-1
428,3,1058.10,405.60,169.66,622.48,0.6656,-1,-1,-1
428,19,1058.10,405.60,169.66,622.48,0.6656,-1,-1,-1
428,23,972.56,440.32,120.81,486.63,0.5752,-1,-1,-1
428,40,723.82,417.55,114.60,309.92,0.7235,-1,-1,-1
428,42,609.29,447.67,133.53,268.30,0.6948,-1,-1,-1
428,46,508.12,437.79,109.37,317.25,0.6649,-1,-1,-1
428,49,346.73,436.52,136.13,317.94,0.7383,-1,-1,-1
428,54,1149.13,411.80,179.75,597.23,0.4303,-1,-1,-1
428,51,841.17,441.14,50.10,157.78,0.5167,-1,-1,-1
428,58,1692.10,330.64,227.48,619.68,0.6095,-1,-1,-1
429,3,1059.74,402.88,164.59,619.32,0.6603,-1,-1,-1
429,19,1059.74,402.88,164.59,619.32,0.6603,-1,-1,-1
429,23,973.96,452.14,119.14,478.21,0.5119,-1,-1,-1
429,40,727.34,430.94,116.28,296.40,0.7135,-1,-1,-1
429,42,618.14,442.56,123.34,271.62,0.7092,-1,-1,-1
429,46,503.02,438.50,123.79,316.38,0.6046,-1,-1,-1
429,49,366.24,438.05,119.41,314.23,0.7167,-1,-1,-1
429,54,1145.64,414.19,182.93,627.75,0.3511,-1,-1,-1
429,58,1650.15,325.82,269.68,615.27,0.4657,-1,-1,-1
430,3,1062.56,403.14,163.31,623.73,0.6898,-1,-1,-1
430,19,1062.56,403.14,163.31,623.73,0.6898,-1,-1,-1
430,23,975.06,446.01,119.20,482.45,0.5747,-1,-1,-1
430,40,729.49,431.70,119.78,295.44,0.6792,-1,-1,-1
430,42,633.51,441.89,109.16,271.13,0.6005,-1,-1,-1
430,46,510.73,438.10,136.04,317.28,0.5811,-1,-1,-1
430,49,377.42,437.86,109.82,310.22,0.7393,-1,-1,-1
430,54,1147.29,416.12,182.81,638.87,0.3099,-1,-1,-1
430,58,1597.90,320.75,321.85,620.55,0.4810,-1,-1,-1
430,51,839.41,438.91,46.37,155.54,0.3808,-1,-1,-1
431,3,1065.82,404.32,162.16,629.73,0.6786,-1,-1,-1
431,19,1065.82,404.32,162.16,629.73,0.6786,-1,-1,-1
431,23,976.13,440.13,120.32,486.96,0.5674,-1,-1,-1
431,40,728.35,430.27,122.96,297.27,0.6865,-1,-1,-1
431,42,642.06,441.88,99.93,266.33,0.5394,-1,-1,-1
431,46,531.59,441.17,132.29,313.75,0.6325,-1,-1,-1
431,49,384.79,438.03,106.32,307.00,0.7316,-1,-1,-1
431,54,1144.39,417.09,181.76,650.70,0.3018,-1,-1,-1
431,58,1548.61,308.14,371.09,690.00,0.7133,-1,-1,-1
431,51,839.39,440.15,43.53,154.02,0.5893,-1,-1,-1
432,3,1069.27,407.12,167.95,630.39,0.7300,-1,-1,-1
432,19,1069.27,407.12,167.95,630.39,0.7300,-1,-1,-1
432,23,976.88,443.55,120.85,484.80,0.5619,-1,-1,-1
432,40,728.48,424.64,124.26,301.84,0.6502,-1,-1,-1
432,42,655.64,446.58,84.40,257.64,0.4661,-1,-1,-1
432,46,543.20,441.38,135.11,313.87,0.6599,-1,-1,-1
432,49,388.92,439.65,106.97,308.00,0.7041,-1,-1,-1
432,54,1166.86,413.19,158.21,483.36,0.5703,-1,-1,-1
432,58,1501.09,301.76,418.11,715.09,0.8272,-1,-1,-1
432,51,836.74,442.02,45.04,151.47,0.6309,-1,-1,-1
432,59,1261.17,420.95,94.19,256.41,0.4259,-1,-1,-1
433,3,1073.75,409.02,165.93,616.77,0.7189,-1,-1,-1
433,19,1073.75,409.02,165.93,616.77,0.7189,-1,-1,-1
433,23,978.83,429.72,125.76,498.55,0.5653,-1,-1,-1
433,40,732.63,427.16,121.91,298.06,0.6893,-1,-1,-1
433,42,665.53,446.47,82.36,256.91,0.4260,-1,-1,-1
433,46,544.49,442.61,143.04,313.84,0.6806,-1,-1,-1
433,49,395.79,440.89,107.96,306.28,0.6752,-1,-1,-1
433,54,1179.99,413.42,151.75,411.00,0.6477,-1,-1,-1
433,58,1452.77,302.78,466.98,719.91,0.7811,-1,-1,-1
433,51,834.72,439.46,46.65,154.70,0.6023,-1,-1,-1
433,59,1266.07,417.97,93.57,258.81,0.3081,-1,-1,-1
434,3,1076.25,403.66,158.53,558.16,0.4759,-1,-1,-1
434,19,1076.25,403.66,158.53,558.16,0.4759,-1,-1,-1
434,23,981.44,424.48,132.82,512.80,0.6456,-1,-1,-1
434,40,737.81,419.98,118.03,305.65,0.6975,-1,-1,-1
434,42,669.63,448.72,84.65,254.13,0.4122,-1,-1,-1
434,46,547.91,445.18,142.61,311.32,0.7810,-1,-1,-1
434,49,403.20,440.85,107.20,305.94,0.6779,-1,-1,-1
434,54,1188.72,408.26,132.01,341.83,0.4604,-1,-1,-1
434,58,1406.71,302.41,497.50,717.29,0.7412,-1,-1,-1
434,59,1270.91,418.41,93.92,289.96,0.3896,-1,-1,-1
435,3,1081.95,404.81,160.62,439.77,0.6220,-1,-1,-1
435,19,1081.95,404.81,160.62,439.77,0.6220,-1,-1,-1
435,23,983.87,419.46,136.28,495.81,0.7033,-1,-1,-1
435,40,743.46,422.35,112.41,302.05,0.6922,-1,-1,-1
435,42,683.74,437.74,78.34,266.01,0.5283,-1,-1,-1
435,46,548.72,445.00,145.33,311.40,0.7973,-1,-1,-1
435,49,413.36,437.89,106.00,309.81,0.7635,-1,-1,-1
435,54,1193.44,405.38,126.90,306.69,0.6141,-1,-1,-1
435,58,1364.95,305.83,482.68,708.42,0.4193,-1,-1,-1
435,59,1276.95,418.72,93.47,299.76,0.5584,-1,-1,-1
436,3,1087.28,410.22,162.73,415.53,0.6527,-1,-1,-1
436,19,1087.28,410.22,162.73,415.53,0.6527,-1,-1,-1
436,23,994.15,419.08,133.62,421.40,0.6308,-1,-1,-1
436,40,751.10,424.42,105.56,297.26,0.6584,-1,-1,-1
436,42,696.06,437.11,75.95,270.60,0.4712,-1,-1,-1
436,46,547.40,442.33,148.48,314.05,0.7821,-1,-1,-1
436,49,416.58,434.82,111.30,313.59,0.7576,-1,-1,-1
436,54,1191.40,408.78,133.06,365.84,0.5850,-1,-1,-1
436,58,1312.53,309.82,471.65,704.65,0.8392,-1,-1,-1
437,3,1093.86,404.33,158.79,427.90,0.6934,-1,-1,-1
437,19,1093.86,404.33,158.79,427.90,0.6934,-1,-1,-1
437,23,997.98,419.98,135.19,403.47,0.6798,-1,-1,-1
437,40,757.22,416.89,99.97,302.80,0.5661,-1,-1,-1
437,42,706.68,432.57,74.97,276.52,0.4959,-1,-1,-1
437,46,548.19,440.66,148.95,316.64,0.7818,-1,-1,-1
437,49,417.93,437.66,116.40,312.88,0.7787,-1,-1,-1
437,54,1198.90,405.97,132.33,324.43,0.5319,-1,-1,-1
437,58,1225.84,317.34,489.27,702.89,0.8074,-1,-1,-1
438,3,1099.10,396.63,157.39,445.01,0.8133,-1,-1,-1
438,19,1099.10,396.63,157.39,445.01,0.8133,-1,-1,-1
438,23,1001.02,422.36,135.53,405.56,0.6854,-1,-1,-1
438,40,768.28,415.07,90.91,303.84,0.5401,-1,-1,-1
438,42,710.33,430.32,81.79,279.52,0.5465,-1,-1,-1
438,46,549.15,441.79,149.48,312.55,0.7835,-1,-1,-1
438,49,421.11,434.11,119.56,316.47,0.8062,-1,-1,-1
438,58,1193.61,326.22,449.13,700.98,0.7264,-1,-1,-1
439,3,1101.82,419.76,154.07,429.88,0.5206,-1,-1,-1
439,19,1101.82,419.76,154.07,429.88,0.5206,-1,-1,-1
439,23,1000.22,421.78,139.76,419.76,0.7034,-1,-1,-1
439,40,772.31,430.06,89.01,287.88,0.5407,-1,-1,-1
439,42,711.89,434.89,85.90,276.27,0.4632,-1,-1,-1
439,46,551.28,439.93,148.49,314.14,0.7897,-1,-1,-1
439,49,424.26,438.21,123.86,309.75,0.7598,-1,-1,-1
439,58,1155.07,333.25,417.45,701.54,0.7735,-1,-1,-1
440,23,999.34,423.40,146.06,435.19,0.7795,-1,-1,-1
440,40,773.86,439.07,88.16,277.75,0.5880,-1,-1,-1
440,42,712.77,437.56,85.76,273.59,0.5192,-1,-1,-1
440,46,552.21,440.80,148.10,313.47,0.7786,-1,-1,-1
440,49,428.72,438.31,124.39,306.42,0.7015,-1,-1,-1
440,58,1103.64,349.03,398.88,685.85,0.7386,-1,-1,-1
440,60,1832.89,466.14,65.11,179.86,0.4014,-1,-1,-1
441,23,999.81,431.62,140.05,408.03,0.4469,-1,-1,-1
441,40,776.63,436.13,86.42,276.65,0.5725,-1,-1,-1
441,42,713.34,444.88,95.67,266.62,0.5615,-1,-1,-1
441,46,552.95,441.08,147.04,312.74,0.7497,-1,-1,-1
441,49,436.07,438.77,118.45,302.87,0.6950,-1,-1,-1
441,58,1050.81,358.00,380.35,673.00,0.7502,-1,-1,-1
441,60,1833.42,466.30,68.96,181.98,0.4007,-1,-1,-1
441,59,1314.00,428.32,136.48,323.98,0.7007,-1,-1,-1
442,40,778.48,430.83,87.63,279.39,0.5494,-1,-1,-1
442,42,713.57,447.75,109.92,264.32,0.5513,-1,-1,-1
442,46,560.23,439.79,140.34,310.57,0.7674,-1,-1,-1
442,49,442.95,437.46,110.79,307.64,0.6985,-1,-1,-1
442,58,1004.16,364.76,363.47,659.77,0.7932,-1,-1,-1
442,60,1834.14,465.92,67.42,182.40,0.3565,-1,-1,-1
442,59,1310.40,432.30,149.26,325.17,0.7321,-1,-1,-1
443,40,783.98,428.44,82.56,281.99,0.6366,-1,-1,-1
443,42,712.87,444.47,114.75,267.09,0.5491,-1,-1,-1
443,46,566.92,438.42,134.55,310.97,0.7964,-1,-1,-1
443,49,450.18,439.94,106.10,303.11,0.7199,-1,-1,-1
443,58,960.00,364.60,351.72,654.12,0.8091,-1,-1,-1
443,59,1313.15,433.27,150.88,326.72,0.6966,-1,-1,-1
443,54,1230.16,426.46,122.18,401.70,0.6269,-1,-1,-1
444,40,787.17,430.77,84.40,279.73,0.5143,-1,-1,-1
444,42,712.12,443.62,127.33,267.48,0.5969,-1,-1,-1
444,46,578.55,437.17,123.09,308.57,0.7457,-1,-1,-1
444,49,461.09,436.50,99.66,304.28,0.7628,-1,-1,-1
444,58,917.25,363.47,338.81,651.43,0.8146,-1,-1,-1
444,59,1315.68,434.04,148.71,329.45,0.6652,-1,-1,-1
444,54,1235.38,429.35,121.01,413.34,0.5234,-1,-1,-1
445,40,785.57,436.36,89.80,275.94,0.5033,-1,-1,-1
445,42,712.28,445.62,107.39,263.42,0.4197,-1,-1,-1
445,46,587.24,437.78,114.59,306.82,0.7545,-1,-1,-1
445,49,468.77,434.56,99.68,301.13,0.7621,-1,-1,-1
445,58,875.88,354.26,338.99,657.42,0.7808,-1,-1,-1
445,59,1324.59,434.26,139.81,328.84,0.7329,-1,-1,-1
445,54,1237.77,429.57,127.10,388.02,0.4104,-1,-1,-1
445,3,1140.11,409.36,206.03,503.53,0.5942,-1,-1,-1
446,40,790.52,429.81,88.29,281.78,0.5670,-1,-1,-1
446,42,713.23,450.76,109.43,258.17,0.4566,-1,-1,-1
446,46,603.28,438.75,99.37,303.75,0.6876,-1,-1,-1
446,49,471.28,434.66,103.72,294.63,0.7217,-1,-1,-1
446,58,842.36,345.81,329.78,654.94,0.7819,-1,-1,-1
446,59,1333.44,433.69,130.11,329.30,0.7052,-1,-1,-1
446,54,1241.09,428.87,126.95,403.99,0.4984,-1,-1,-1
446,3,1138.71,420.94,202.30,593.10,0.7607,-1,-1,-1
446,60,1832.30,469.53,70.63,178.74,0.3502,-1,-1,-1
447,42,716.56,451.51,106.39,256.26,0.3909,-1,-1,-1
447,46,610.69,433.68,95.85,308.20,0.6745,-1,-1,-1
447,49,474.63,431.22,105.79,295.56,0.6848,-1,-1,-1
447,58,801.02,336.56,333.28,654.19,0.7791,-1,-1,-1
447,59,1340.67,432.50,123.43,329.82,0.6711,-1,-1,-1
447,54,1238.77,423.74,127.52,417.20,0.3028,-1,-1,-1
447,3,1136.97,416.15,197.89,636.63,0.7875,-1,-1,-1
447,23,1064.57,420.49,117.00,358.35,0.4479,-1,-1,-1
448,42,724.06,445.72,122.65,262.92,0.4143,-1,-1,-1
448,46,606.71,434.52,104.16,308.77,0.6112,-1,-1,-1
448,49,482.85,434.08,103.07,285.25,0.5846,-1,-1,-1
448,58,766.08,333.28,334.28,646.26,0.7763,-1,-1,-1
448,59,1346.41,424.87,120.17,339.00,0.7803,-1,-1,-1
448,54,1243.35,422.39,126.44,379.25,0.3716,-1,-1,-1
448,3,1139.19,418.87,198.17,650.24,0.7741,-1,-1,-1
448,23,1058.57,420.69,129.74,472.40,0.5340,-1,-1,-1
449,46,625.81,434.77,93.76,308.07,0.5936,-1,-1,-1
449,49,485.15,436.82,105.62,282.98,0.7029,-1,-1,-1
449,58,729.86,332.23,333.83,646.29,0.7323,-1,-1,-1
449,59,1350.53,422.74,116.76,340.63,0.7500,-1,-1,-1
449,54,1245.62,419.39,123.55,343.74,0.5111,-1,-1,-1
449,3,1142.61,423.91,192.88,649.29,0.7308,-1,-1,-1
449,23,1042.13,420.04,147.41,514.30,0.8011,-1,-1,-1
449,60,1831.14,469.77,73.08,179.39,0.3388,-1,-1,-1
450,46,635.34,434.80,87.54,303.48,0.6594,-1,-1,-1
450,49,486.57,435.79,106.67,285.29,0.6995,-1,-1,-1
450,58,695.70,335.49,331.12,635.39,0.7551,-1,-1,-1
450,59,1353.22,421.75,119.00,340.87,0.7539,-1,-1,-1
450,3,1143.88,420.76,210.84,651.27,0.8143,-1,-1,-1
450,23,1037.68,415.45,155.69,540.50,0.7719,-1,-1,-1
450,60,1831.76,468.66,74.80,180.36,0.3338,-1,-1,-1
451,46,644.81,437.98,81.01,300.49,0.6662,-1,-1,-1
451,49,489.54,434.28,118.58,289.35,0.6383,-1,-1,-1
451,58,660.43,339.51,333.44,638.57,0.7165,-1,-1,-1
451,59,1353.65,419.11,124.58,345.45,0.7267,-1,-1,-1
451,3,1136.58,418.78,248.65,654.75,0.8218,-1,-1,-1
451,23,1037.39,412.49,158.89,552.00,0.7849,-1,-1,-1
452,49,490.03,433.74,127.34,290.08,0.7213,-1,-1,-1
452,58,634.18,346.99,323.90,635.80,0.7142,-1,-1,-1
452,59,1359.03,418.24,127.15,347.06,0.7839,-1,-1,-1
452,3,1107.01,416.40,293.90,657.33,0.7164,-1,-1,-1
452,23,1040.39,413.30,160.04,553.59,0.7997,-1,-1,-1
453,49,495.98,436.25,125.56,286.75,0.7166,-1,-1,-1
453,58,586.71,358.22,347.02,668.34,0.5392,-1,-1,-1
453,59,1365.85,418.17,125.32,346.74,0.8187,-1,-1,-1
453,3,1135.72,415.91,294.59,652.83,0.8064,-1,-1,-1
453,23,1046.40,414.00,153.78,551.07,0.7941,-1,-1,-1
454,49,504.37,437.61,111.69,284.70,0.7768,-1,-1,-1
454,58,541.88,368.41,362.41,657.64,0.6765,-1,-1,-1
454,59,1370.18,418.08,126.42,349.38,0.8184,-1,-1,-1
454,3,1144.63,410.45,303.42,662.88,0.7958,-1,-1,-1
454,23,1048.55,415.02,155.77,546.62,0.7731,-1,-1,-1
454,40,820.64,423.48,69.80,270.94,0.4528,-1,-1,-1
455,49,513.87,449.29,94.41,268.56,0.6618,-1,-1,-1
455,58,499.07,384.49,370.11,631.79,0.6362,-1,-1,-1
455,59,1373.13,418.73,128.99,349.63,0.8235,-1,-1,-1
455,3,1149.00,417.14,304.38,661.39,0.7106,-1,-1,-1
455,23,1052.19,417.35,168.08,547.18,0.7695,-1,-1,-1
455,66,243.81,517.24,90.98,123.18,0.5257,-1,-1,-1
455,40,820.92,421.21,74.82,283.07,0.6187,-1,-1,-1
456,58,460.33,391.88,376.52,646.94,0.7107,-1,-1,-1
456,59,1376.68,419.80,131.41,353.30,0.8206,-1,-1,-1
456,3,1151.04,421.89,309.89,659.13,0.7529,-1,-1,-1
456,23,1056.18,419.56,169.77,545.56,0.7769,-1,-1,-1
456,40,814.84,420.23,86.04,287.80,0.5994,-1,-1,-1
457,58,411.73,395.68,382.73,645.85,0.6780,-1,-1,-1
457,59,1379.38,420.58,135.06,357.31,0.8461,-1,-1,-1
457,3,1152.50,414.93,298.29,665.15,0.8215,-1,-1,-1
457,23,1061.17,420.38,167.22,545.54,0.8057,-1,-1,-1
457,40,809.35,414.01,95.30,294.87,0.6824,-1,-1,-1
457,68,415.70,470.95,42.48,100.96,0.3415,-1,-1,-1
457,46,687.65,440.71,69.85,218.45,0.3444,-1,-1,-1
457,66,230.12,514.33,93.62,115.61,0.3943,-1,-1,-1
458,58,375.14,394.22,390.98,666.59,0.7581,-1,-1,-1
458,59,1386.31,421.77,134.81,359.32,0.8288,-1,-1,-1
458,3,1153.33,414.91,303.31,664.30,0.8402,-1,-1,-1
458,23,1068.22,419.39,161.54,543.16,0.8052,-1,-1,-1
458,40,809.02,415.45,97.70,292.88,0.6738,-1,-1,-1
458,46,688.79,441.46,81.65,271.91,0.4974,-1,-1,-1
458,66,220.66,517.66,94.11,117.30,0.4046,-1,-1,-1
459,58,339.84,390.38,395.56,680.38,0.8432,-1,-1,-1
459,59,1391.62,423.57,144.38,361.39,0.8360,-1,-1,-1
459,3,1154.83,414.78,314.05,664.27,0.8347,-1,-1,-1
459,23,1075.52,418.57,157.61,546.47,0.7697,-1,-1,-1
459,40,816.65,419.14,88.31,285.93,0.5969,-1,-1,-1
459,46,688.15,442.78,103.06,284.25,0.4899,-1,-1,-1
459,66,210.09,520.65,96.11,123.25,0.3801,-1,-1,-1
460,58,302.42,388.38,405.34,678.27,0.6817,-1,-1,-1
460,59,1397.49,424.05,156.64,363.48,0.8447,-1,-1,-1
460,3,1158.27,412.73,311.53,664.43,0.8425,-1,-1,-1
460,23,1085.49,418.63,152.54,548.37,0.7162,-1,-1,-1
460,40,820.83,422.07,88.26,280.16,0.5389,-1,-1,-1
460,46,677.97,441.43,122.29,291.92,0.6883,-1,-1,-1
460,66,202.18,521.59,95.67,117.41,0.4017,-1,-1,-1
461,58,274.10,375.08,404.55,698.80,0.8019,-1,-1,-1
461,59,1401.25,425.54,163.72,365.02,0.8553,-1,-1,-1
461,3,1160.27,411.10,310.20,667.70,0.8619,-1,-1,-1
461,23,1097.31,421.51,151.19,553.49,0.7146,-1,-1,-1
461,40,818.45,416.67,96.92,284.73,0.5824,-1,-1,-1
461,46,662.51,440.09,141.83,297.15,0.7447,-1,-1,-1
462,58,249.35,369.92,396.51,705.05,0.7667,-1,-1,-1
462,59,1403.58,426.29,167.10,366.42,0.8152,-1,-1,-1
462,3,1158.57,405.77,313.26,672.38,0.8665,-1,-1,-1
462,23,1098.83,420.11,157.24,556.58,0.7318,-1,-1,-1
462,40,813.15,413.25,102.77,289.25,0.6094,-1,-1,-1
462,46,665.21,439.88,138.05,298.42,0.6932,-1,-1,-1
462,49,563.96,434.81,88.35,276.02,0.5547,-1,-1,-1
463,58,243.45,363.36,382.07,711.20,0.7795,-1,-1,-1
463,59,1405.39,430.40,171.08,367.20,0.8298,-1,-1,-1
463,3,1160.95,403.42,310.41,674.78,0.8029,-1,-1,-1
463,23,1102.45,417.15,157.22,558.33,0.7728,-1,-1,-1
463,40,810.11,411.54,109.54,290.90,0.5965,-1,-1,-1
463,46,672.04,439.23,126.12,297.80,0.6770,-1,-1,-1
463,49,567.05,432.70,91.78,276.93,0.7023,-1,-1,-1
463,51,774.36,446.68,46.99,141.06,0.4057,-1,-1,-1
464,58,220.99,358.80,384.91,714.68,0.8129,-1,-1,-1
464,59,1413.21,427.72,165.99,372.86,0.8498,-1,-1,-1
464,3,1167.02,401.93,303.27,675.27,0.7972,-1,-1,-1
464,23,1104.75,413.42,162.07,564.48,0.7789,-1,-1,-1
464,40,809.19,411.75,114.77,291.94,0.6319,-1,-1,-1
464,46,680.65,438.68,117.18,294.53,0.6804,-1,-1,-1
464,49,572.22,432.06,91.61,275.63,0.6958,-1,-1,-1
464,51,772.88,446.07,46.93,140.32,0.5094,-1,-1,-1
465,58,195.65,360.43,393.27,710.29,0.7816,-1,-1,-1
465,59,1421.58,424.83,158.43,378.42,0.8427,-1,-1,-1
465,3,1183.20,401.98,286.27,677.09,0.8339,-1,-1,-1
465,23,1108.11,416.17,159.53,561.76,0.7698,-1,-1,-1
465,40,817.02,412.32,108.46,291.73,0.6264,-1,-1,-1
465,46,685.66,438.95,113.88,293.53,0.6241,-1,-1,-1
465,49,568.00,430.83,99.81,276.63,0.6812,-1,-1,-1
466,58,157.88,365.14,399.41,707.34,0.7488,-1,-1,-1
466,59,1432.81,421.85,147.09,383.00,0.8451,-1,-1,-1
466,3,1195.74,402.61,274.46,676.14,0.8167,-1,-1,-1
466,23,1107.68,420.23,165.24,555.55,0.7763,-1,-1,-1
466,40,822.45,409.70,106.39,295.40,0.6717,-1,-1,-1
466,46,704.19,438.58,108.27,292.99,0.6413,-1,-1,-1
466,49,564.57,430.15,106.13,278.09,0.6882,-1,-1,-1
466,69,512.16,448.53,75.10,193.42,0.3998,-1,-1,-1
467,58,129.57,369.20,402.32,703.80,0.8543,-1,-1,-1
467,59,1447.83,421.08,135.48,385.48,0.8019,-1,-1,-1
467,3,1216.27,404.51,259.60,667.72,0.7360,-1,-1,-1
467,23,1108.71,426.00,171.46,550.08,0.7268,-1,-1,-1
467,40,827.45,407.98,100.53,297.69,0.6767,-1,-1,-1
467,46,718.55,440.03,97.86,292.28,0.6695,-1,-1,-1
467,49,568.53,428.64,103.52,279.88,0.6875,-1,-1,-1
467,69,501.98,456.05,78.95,183.39,0.3589,-1,-1,-1
468,58,113.40,371.99,391.01,702.30,0.8189,-1,-1,-1
468,59,1459.68,416.33,131.52,389.05,0.8165,-1,-1,-1
468,3,1239.02,405.56,244.05,655.01,0.6436,-1,-1,-1
468,23,1112.58,423.89,176.32,561.92,0.7789,-1,-1,-1
468,40,830.56,406.97,97.24,298.38,0.6697,-1,-1,-1
468,46,713.52,439.53,101.37,293.16,0.6051,-1,-1,-1
468,49,572.39,432.39,99.11,272.86,0.7038,-1,-1,-1
468,54,1288.38,403.22,195.83,450.94,0.3948,-1,-1,-1
469,58,78.73,379.67,388.31,689.89,0.7290,-1,-1,-1
469,59,1471.52,414.27,123.26,391.17,0.7871,-1,-1,-1
469,3,1253.47,403.36,242.72,665.74,0.7933,-1,-1,-1
469,23,1116.53,422.64,173.69,574.07,0.7743,-1,-1,-1
469,40,833.62,407.06,93.58,298.71,0.6874,-1,-1,-1
469,46,711.59,437.54,106.07,295.12,0.6253,-1,-1,-1
469,49,575.93,435.61,97.29,269.00,0.7119,-1,-1,-1
469,54,1270.09,402.81,225.51,592.47,0.7933,-1,-1,-1
469,69,492.34,457.77,81.93,192.73,0.3647,-1,-1,-1
470,58,49.08,388.96,392.56,679.50,0.7837,-1,-1,-1
470,59,1481.43,412.31,119.70,391.52,0.8235,-1,-1,-1
470,3,1270.79,405.88,236.22,667.60,0.6422,-1,-1,-1
470,23,1123.15,422.13,178.14,583.61,0.7598,-1,-1,-1
470,40,833.32,407.98,92.98,299.10,0.7192,-1,-1,-1
470,46,712.90,437.37,118.58,293.33,0.6067,-1,-1,-1
470,49,579.70,438.75,94.99,267.59,0.7095,-1,-1,-1
470,54,1273.01,405.50,233.08,643.44,0.6422,-1,-1,-1
470,69,488.55,470.25,75.60,177.25,0.3063,-1,-1,-1
471,58,18.97,395.50,408.81,673.59,0.8301,-1,-1,-1
471,59,1489.80,410.42,116.66,393.01,0.8151,-1,-1,-1
471,3,1289.70,401.64,213.30,673.37,0.5581,-1,-1,-1
471,23,1129.91,421.88,173.23,588.02,0.7715,-1,-1,-1
471,40,837.10,412.87,90.51,293.09,0.7531,-1,-1,-1
471,46,730.39,433.08,116.90,299.01,0.5846,-1,-1,-1
471,49,581.83,446.00,94.69,262.66,0.6997,-1,-1,-1
471,54,1286.11,401.80,217.16,670.38,0.5581,-1,-1,-1
472,58,-2.65,401.31,398.77,665.10,0.7827,-1,-1,-1
472,59,1494.90,409.59,117.83,395.53,0.8314,-1,-1,-1
472,3,1290.42,399.18,207.71,674.62,0.6535,-1,-1,-1
472,23,1133.76,418.62,178.74,593.36,0.8030,-1,-1,-1
472,40,838.17,412.84,89.52,292.45,0.7328,-1,-1,-1
472,46,738.54,432.45,119.15,299.55,0.6447,-1,-1,-1
472,49,584.36,446.10,96.10,262.36,0.7332,-1,-1,-1
472,54,1286.46,399.37,212.52,680.24,0.6535,-1,-1,-1
472,71,408.56,486.67,62.36,138.08,0.3856,-1,-1,-1
472,69,484.17,472.17,64.51,169.26,0.3570,-1,-1,-1
473,58,-11.34,402.90,394.31,663.66,0.6321,-1,-1,-1
473,59,1500.49,410.37,118.56,393.01,0.8030,-1,-1,-1
473,3,1310.56,399.21,201.72,669.81,0.6616,-1,-1,-1
473,23,1138.44,421.64,171.49,590.46,0.7926,-1,-1,-1
473,40,840.08,416.01,89.68,289.41,0.6985,-1,-1,-1
473,46,742.12,435.02,119.06,296.07,0.6692,-1,-1,-1
473,49,587.10,441.88,97.52,266.51,0.7317,-1,-1,-1
473,54,1305.51,399.24,206.64,678.62,0.6616,-1,-1,-1
473,71,409.40,488.10,54.34,127.15,0.3494,-1,-1,-1
473,69,470.67,474.01,72.25,175.02,0.3432,-1,-1,-1
474,58,-13.56,401.12,364.82,669.99,0.5951,-1,-1,-1
474,59,1503.99,411.11,123.70,391.81,0.7798,-1,-1,-1
474,3,1323.99,399.69,201.98,666.55,0.7212,-1,-1,-1
474,23,1143.78,422.03,166.77,589.93,0.8007,-1,-1,-1
474,40,839.33,414.50,86.35,290.24,0.6221,-1,-1,-1
474,46,741.98,437.82,119.63,292.28,0.6530,-1,-1,-1
474,49,589.82,440.17,98.32,267.89,0.7392,-1,-1,-1
474,54,1319.16,399.58,206.25,676.04,0.7212,-1,-1,-1
474,69,453.23,474.96,88.81,181.98,0.4081,-1,-1,-1
475,58,-12.31,398.84,346.43,674.05,0.7468,-1,-1,-1
475,59,1508.80,410.46,130.43,392.86,0.7778,-1,-1,-1
475,3,1326.34,400.99,205.69,666.11,0.7506,-1,-1,-1
475,23,1147.52,422.07,167.16,589.99,0.8163,-1,-1,-1
475,40,845.75,415.52,90.82,287.94,0.5109,-1,-1,-1
475,46,743.65,436.77,118.53,293.77,0.6516,-1,-1,-1
475,49,592.71,441.80,98.69,265.73,0.7416,-1,-1,-1
475,54,1322.32,400.77,209.30,675.25,0.7506,-1,-1,-1
475,69,453.43,475.46,86.08,186.76,0.3751,-1,-1,-1
476,58,-10.79,395.58,258.01,678.61,0.6784,-1,-1,-1
476,59,1513.69,411.55,145.53,392.98,0.7605,-1,-1,-1
476,3,1328.77,397.80,212.94,673.20,0.6741,-1,-1,-1
476,23,1149.77,421.52,167.30,590.31,0.8137,-1,-1,-1
476,40,846.89,416.55,83.50,287.57,0.5589,-1,-1,-1
476,46,744.04,436.65,118.19,294.31,0.7016,-1,-1,-1
476,49,595.57,444.40,100.86,261.78,0.7924,-1,-1,-1
476,54,1325.29,397.64,215.95,681.50,0.6741,-1,-1,-1
476,69,442.93,478.08,89.28,184.22,0.5482,-1,-1,-1
477,58,-6.64,390.88,283.23,680.82,0.7832,-1,-1,-1
477,59,1517.09,411.11,165.63,398.63,0.8322,-1,-1,-1
477,3,1335.31,396.85,198.98,665.36,0.3972,-1,-1,-1
477,23,1151.63,421.20,170.70,590.68,0.8251,-1,-1,-1
477,40,847.27,416.84,77.05,285.57,0.5533,-1,-1,-1
477,46,745.53,437.48,116.40,293.69,0.7029,-1,-1,-1
477,49,600.18,444.63,100.36,260.92,0.7706,-1,-1,-1
477,54,1332.13,396.67,202.09,673.20,0.3972,-1,-1,-1
477,69,432.54,474.95,92.48,188.12,0.4177,-1,-1,-1
478,58,-6.83,385.22,212.80,687.10,0.4857,-1,-1,-1
478,59,1523.57,408.32,180.49,401.41,0.8257,-1,-1,-1
478,3,1338.38,398.19,202.06,660.26,0.6572,-1,-1,-1
478,23,1157.55,421.02,169.07,590.69,0.8188,-1,-1,-1
478,40,848.77,415.61,75.34,286.24,0.4888,-1,-1,-1
478,46,747.47,437.45,113.53,294.88,0.6314,-1,-1,-1
478,49,611.06,445.38,94.00,258.66,0.6863,-1,-1,-1
478,54,1335.81,397.95,204.50,667.35,0.6572,-1,-1,-1
478,69,422.55,474.75,97.31,190.38,0.4568,-1,-1,-1
478,74,1307.58,418.28,86.74,511.21,0.4054,-1,-1,-1
478,42,852.48,427.74,143.90,269.22,0.3473,-1,-1,-1
479,58,-3.36,382.90,243.32,687.21,0.7243,-1,-1,-1
479,59,1530.00,409.42,193.70,404.32,0.8491,-1,-1,-1
479,3,1345.12,398.17,212.11,669.09,0.7609,-1,-1,-1
479,23,1162.45,420.14,168.40,590.99,0.8017,-1,-1,-1
479,40,851.33,414.17,70.34,286.05,0.5197,-1,-1,-1
479,46,755.63,438.50,106.75,293.92,0.6151,-1,-1,-1
479,49,609.62,444.44,101.03,258.74,0.6577,-1,-1,-1
479,54,1342.80,397.93,214.12,675.23,0.7609,-1,-1,-1
479,74,1316.03,413.46,94.34,529.09,0.4345,-1,-1,-1
479,42,883.99,433.07,118.84,258.63,0.4881,-1,-1,-1
480,58,-3.35,390.14,236.83,679.39,0.3582,-1,-1,-1
480,59,1536.56,412.81,199.57,408.38,0.8575,-1,-1,-1
480,3,1348.18,401.70,226.50,670.21,0.8133,-1,-1,-1
480,23,1168.18,420.50,166.02,590.02,0.8060,-1,-1,-1
480,40,852.10,412.93,69.59,286.89,0.5704,-1,-1,-1
480,46,763.65,437.41,100.42,292.33,0.6543,-1,-1,-1
480,49,618.65,439.24,92.89,262.06,0.6062,-1,-1,-1
480,54,1346.09,401.42,228.20,675.77,0.8133,-1,-1,-1
480,74,1323.79,411.28,93.77,542.17,0.4471,-1,-1,-1
480,42,896.79,436.18,110.05,250.77,0.5523,-1,-1,-1
481,58,-2.84,406.72,221.97,664.73,0.7643,-1,-1,-1
481,59,1542.19,417.73,203.79,407.10,0.8477,-1,-1,-1
481,3,1349.39,399.23,243.92,676.93,0.8316,-1,-1,-1
481,23,1173.06,419.48,165.07,590.49,0.8083,-1,-1,-1
481,40,853.29,413.19,67.70,286.18,0.5483,-1,-1,-1
481,46,773.12,439.43,96.25,286.28,0.6127,-1,-1,-1
481,49,625.97,436.11,92.55,263.60,0.6027,-1,-1,-1
481,54,1347.50,399.00,245.39,681.83,0.8316,-1,-1,-1
481,74,1328.60,407.64,90.95,554.94,0.3927,-1,-1,-1
481,42,902.81,439.16,105.09,245.11,0.6318,-1,-1,-1
481,69,406.94,478.51,85.98,186.52,0.5191,-1,-1,-1
482,58,-2.37,453.13,204.07,618.82,0.7681,-1,-1,-1
482,59,1547.83,418.61,205.96,409.51,0.8333,-1,-1,-1
482,3,1354.45,396.89,254.39,680.49,0.8511,-1,-1,-1
482,23,1177.28,419.12,164.03,592.98,0.7925,-1,-1,-1
482,40,854.45,413.34,66.61,284.23,0.5306,-1,-1,-1
482,46,780.91,438.74,92.22,284.17,0.5801,-1,-1,-1
482,49,632.00,434.71,88.92,265.44,0.5772,-1,-1,-1
482,54,1352.69,396.69,255.76,684.86,0.8511,-1,-1,-1
482,74,1330.70,406.45,97.13,551.12,0.3447,-1,-1,-1
482,42,906.61,442.54,102.52,240.48,0.6763,-1,-1,-1
482,69,404.67,477.70,83.37,191.72,0.4565,-1,-1,-1
483,58,-1.92,500.92,186.15,570.11,0.7444,-1,-1,-1
483,59,1555.21,418.47,199.50,413.03,0.8255,-1,-1,-1
483,3,1358.77,394.76,263.13,682.01,0.8280,-1,-1,-1
483,23,1183.40,418.58,162.06,593.37,0.7927,-1,-1,-1
483,40,855.69,415.25,66.91,283.92,0.5268,-1,-1,-1
483,46,792.74,437.11,82.30,287.95,0.6331,-1,-1,-1
483,49,631.11,433.73,94.96,264.36,0.6168,-1,-1,-1
483,54,1357.18,394.58,264.38,685.91,0.8280,-1,-1,-1
483,74,1332.31,401.35,102.94,558.96,0.4047,-1,-1,-1
483,42,909.96,445.07,98.29,237.61,0.6635,-1,-1,-1
483,69,399.29,476.65,87.74,193.10,0.4753,-1,-1,-1
484,58,-1.27,544.38,164.89,454.75,0.3880,-1,-1,-1
484,59,1563.12,416.41,193.59,418.85,0.8217,-1,-1,-1
484,3,1360.57,393.98,272.22,683.74,0.8716,-1,-1,-1
484,23,1188.88,417.67,161.45,594.87,0.7880,-1,-1,-1
484,40,859.16,428.43,65.23,270.97,0.5162,-1,-1,-1
484,46,797.71,437.85,78.03,289.77,0.6599,-1,-1,-1
484,49,633.11,435.09,100.20,261.96,0.6556,-1,-1,-1
484,54,1359.15,393.81,273.35,687.20,0.8716,-1,-1,-1
484,74,1336.02,405.76,101.42,557.32,0.4307,-1,-1,-1
484,42,912.81,445.58,95.13,237.85,0.6520,-1,-1,-1
484,69,384.79,476.02,100.57,195.04,0.4639,-1,-1,-1
485,58,-1.03,564.62,145.16,488.65,0.4241,-1,-1,-1
485,59,1573.66,411.72,184.84,426.05,0.8340,-1,-1,-1
485,3,1361.20,395.42,278.45,681.68,0.8568,-1,-1,-1
485,23,1193.91,419.62,162.93,593.54,0.7823,-1,-1,-1
485,40,861.73,425.34,61.00,271.12,0.4663,-1,-1,-1
485,46,801.13,438.74,83.11,286.69,0.6584,-1,-1,-1
485,49,632.55,434.88,110.18,261.89,0.6878,-1,-1,-1
485,54,1359.93,395.24,279.48,684.77,0.8568,-1,-1,-1
485,74,1338.33,417.88,101.25,543.64,0.5508,-1,-1,-1
485,42,913.88,442.39,94.64,239.93,0.6779,-1,-1,-1
485,69,368.51,477.10,109.92,198.24,0.3476,-1,-1,-1
486,58,-0.50,580.17,117.79,427.07,0.5679,-1,-1,-1
486,59,1582.51,412.08,178.38,427.57,0.8357,-1,-1,-1
486,3,1360.76,396.56,283.70,679.87,0.8410,-1,-1,-1
486,23,1198.95,419.92,163.49,592.80,0.7762,-1,-1,-1
486,40,864.68,430.00,59.50,251.55,0.3565,-1,-1,-1
486,46,802.18,438.71,95.08,285.86,0.5765,-1,-1,-1
486,49,633.27,434.54,118.08,262.32,0.7142,-1,-1,-1
486,54,1359.62,396.40,284.64,682.61,0.8410,-1,-1,-1
486,74,1339.44,415.59,105.27,549.06,0.6095,-1,-1,-1
486,42,913.10,441.59,94.42,239.92,0.6941,-1,-1,-1
486,69,356.83,478.68,107.50,193.47,0.3274,-1,-1,-1
487,58,-0.27,553.71,93.59,434.60,0.4666,-1,-1,-1
487,59,1590.00,415.31,169.93,425.10,0.7893,-1,-1,-1
487,3,1361.84,396.49,283.58,679.58,0.8438,-1,-1,-1
487,23,1201.61,419.21,175.70,593.64,0.7763,-1,-1,-1
487,40,863.96,429.48,61.38,260.34,0.4197,-1,-1,-1
487,46,804.11,437.97,93.42,285.39,0.4918,-1,-1,-1
487,49,633.83,435.33,125.27,261.36,0.6702,-1,-1,-1
487,54,1360.81,396.34,284.44,681.99,0.8438,-1,-1,-1
487,74,1345.41,413.35,104.33,533.55,0.5809,-1,-1,-1
487,42,917.61,441.77,91.20,240.16,0.6626,-1,-1,-1
487,69,353.65,478.30,106.01,197.02,0.4732,-1,-1,-1
488,58,-0.01,628.22,70.95,337.88,0.5589,-1,-1,-1
488,59,1598.43,417.92,164.67,422.14,0.7656,-1,-1,-1
488,3,1361.70,399.57,288.32,676.55,0.8193,-1,-1,-1
488,23,1203.22,419.60,181.47,592.75,0.7843,-1,-1,-1
488,40,856.24,435.78,74.31,279.26,0.3351,-1,-1,-1
488,46,805.58,434.50,115.63,290.20,0.5855,-1,-1,-1
488,49,636.01,435.43,126.51,261.06,0.6727,-1,-1,-1
488,54,1360.79,399.42,289.09,678.68,0.8193,-1,-1,-1
488,74,1349.21,416.99,106.42,514.29,0.5110,-1,-1,-1
488,42,920.95,447.59,88.68,234.13,0.5544,-1,-1,-1
488,69,348.93,476.02,105.31,201.77,0.4940,-1,-1,-1
489,59,1607.63,414.28,156.84,428.08,0.7452,-1,-1,-1
489,3,1362.34,395.02,290.75,678.29,0.7879,-1,-1,-1
489,23,1205.76,415.10,185.49,595.04,0.8261,-1,-1,-1
489,40,824.40,434.08,111.58,287.97,0.5717,-1,-1,-1
489,46,806.90,432.40,127.72,292.19,0.5717,-1,-1,-1
489,49,640.70,435.19,125.74,260.73,0.6960,-1,-1,-1
489,54,1361.51,394.90,291.44,680.17,0.7879,-1,-1,-1
489,74,1351.13,421.54,110.25,484.16,0.5552,-1,-1,-1
489,42,923.61,441.33,88.00,239.90,0.6097,-1,-1,-1
489,69,340.43,460.34,101.14,219.71,0.5005,-1,-1,-1
489,80,-0.32,534.49,64.79,130.34,0.5447,-1,-1,-1
490,59,1615.79,412.34,149.60,431.73,0.7320,-1,-1,-1
490,3,1366.83,396.60,274.05,675.74,0.7452,-1,-1,-1
490,23,1205.91,416.70,187.86,594.56,0.8008,-1,-1,-1
490,40,811.96,436.76,127.54,288.00,0.5801,-1,-1,-1
490,46,807.09,435.36,134.41,289.25,0.5801,-1,-1,-1
490,49,643.31,435.11,124.71,262.25,0.7904,-1,-1,-1
490,54,1366.09,396.49,274.70,677.41,0.7452,-1,-1,-1
490,74,1355.06,420.23,113.09,477.22,0.6121,-1,-1,-1
490,42,933.19,439.84,79.64,240.29,0.6165,-1,-1,-1
490,69,332.17,460.62,97.61,220.32,0.5012,-1,-1,-1
490,80,-0.46,541.89,53.17,112.91,0.3637,-1,-1,-1
491,59,1620.85,409.74,133.57,432.52,0.7349,-1,-1,-1
491,3,1369.20,399.19,260.78,670.66,0.6707,-1,-1,-1
491,23,1206.56,417.43,188.33,594.45,0.8076,-1,-1,-1
491,40,807.60,437.58,134.90,288.13,0.5253,-1,-1,-1
491,46,808.54,436.42,137.03,288.25,0.5253,-1,-1,-1
491,49,647.17,434.96,122.60,263.86,0.7892,-1,-1,-1
491,54,1368.57,399.09,261.35,672.13,0.6707,-1,-1,-1
491,74,1361.34,418.80,114.37,473.54,0.5502,-1,-1,-1
491,42,944.75,437.22,71.39,241.25,0.5938,-1,-1,-1
491,69,321.46,482.36,101.58,199.82,0.4788,-1,-1,-1
492,59,1631.68,409.77,120.25,436.90,0.7095,-1,-1,-1
492,3,1373.23,394.90,298.49,668.02,0.4257,-1,-1,-1
492,23,1206.48,414.33,194.20,596.07,0.8154,-1,-1,-1
492,40,805.78,443.00,140.92,283.26,0.6684,-1,-1,-1
492,46,808.89,442.05,141.09,282.94,0.6684,-1,-1,-1
492,49,648.58,433.50,123.73,266.88,0.7641,-1,-1,-1
492,54,1368.52,406.92,213.94,637.36,0.3782,-1,-1,-1
492,74,1366.94,413.65,120.32,469.44,0.5256,-1,-1,-1
492,42,952.70,436.93,72.33,241.36,0.6237,-1,-1,-1
492,69,315.47,482.47,97.82,200.76,0.5227,-1,-1,-1
492,82,723.84,444.43,46.76,132.02,0.3468,-1,-1,-1
492,83,565.66,440.54,32.50,89.82,0.3616,-1,-1,-1
492,80,-0.26,559.24,35.07,89.59,0.3578,-1,-1,-1
493,59,1636.71,409.92,120.84,434.96,0.6395,-1,-1,-1
493,3,1374.74,390.42,260.83,670.38,0.4740,-1,-1,-1
493,23,1206.92,416.38,198.13,593.74,0.8290,-1,-1,-1
493,40,806.48,445.94,143.11,279.57,0.6880,-1,-1,-1
493,46,810.30,445.15,142.46,279.14,0.6880,-1,-1,-1
493,49,651.77,439.36,120.97,262.41,0.7728,-1,-1,-1
493,54,1372.62,394.63,228.51,659.91,0.4740,-1,-1,-1
493,74,1372.87,410.87,121.59,486.64,0.5388,-1,-1,-1
493,42,957.75,439.15,73.60,239.84,0.7062,-1,-1,-1
493,69,306.73,486.66,101.07,194.08,0.4880,-1,-1,-1
493,82,727.77,444.26,42.06,130.11,0.3711,-1,-1,-1
493,83,563.82,439.07,34.92,92.42,0.3298,-1,-1,-1
494,59,1637.31,410.06,129.29,410.44,0.6718,-1,-1,-1
494,3,1378.10,388.58,284.70,663.06,0.4987,-1,-1,-1
494,23,1207.04,419.65,205.12,590.44,0.8280,-1,-1,-1
494,40,807.10,446.50,145.06,279.78,0.7109,-1,-1,-1
494,46,810.96,445.81,144.13,279.35,0.7109,-1,-1,-1
494,49,654.50,441.50,119.72,260.56,0.7825,-1,-1,-1
494,54,1377.09,390.05,272.55,659.80,0.4987,-1,-1,-1
494,74,1378.23,408.26,123.13,515.81,0.6175,-1,-1,-1
494,42,958.33,440.97,77.21,238.77,0.6562,-1,-1,-1
494,69,301.32,479.23,103.71,200.74,0.3778,-1,-1,-1
494,83,564.09,439.53,35.01,92.57,0.3094,-1,-1,-1
495,59,1638.37,406.79,154.32,441.84,0.6935,-1,-1,-1
495,3,1379.25,384.59,285.24,664.33,0.4456,-1,-1,-1
495,23,1207.73,421.01,212.24,589.96,0.8143,-1,-1,-1
495,40,813.47,444.47,139.83,281.39,0.6834,-1,-1,-1
495,46,817.24,443.86,138.70,280.99,0.6834,-1,-1,-1
495,49,655.21,438.64,118.55,263.28,0.7628,-1,-1,-1
495,54,1378.71,385.03,281.36,663.78,0.4456,-1,-1,-1
495,74,1379.05,406.92,125.76,543.86,0.5723,-1,-1,-1
495,42,961.20,441.62,86.16,239.17,0.6633,-1,-1,-1
495,69,295.16,474.15,100.49,214.92,0.3153,-1,-1,-1
495,83,564.10,440.99,35.44,92.54,0.3229,-1,-1,-1
496,59,1641.98,404.53,168.91,417.35,0.4884,-1,-1,-1
496,3,1388.46,377.23,280.07,684.52,0.5700,-1,-1,-1
496,23,1208.16,420.32,219.11,591.13,0.8325,-1,-1,-1
496,40,818.23,442.41,136.43,284.64,0.7019,-1,-1,-1
496,46,821.64,441.87,135.31,284.29,0.7019,-1,-1,-1
496,49,657.25,438.07,116.18,263.84,0.7865,-1,-1,-1
496,54,1387.96,377.29,279.68,684.89,0.5700,-1,-1,-1
496,74,1382.59,410.59,129.30,558.31,0.6484,-1,-1,-1
496,42,961.09,442.68,99.22,238.82,0.7292,-1,-1,-1
496,69,291.59,463.21,92.11,224.33,0.3577,-1,-1,-1
496,83,566.31,441.68,33.84,91.93,0.3871,-1,-1,-1
497,59,1646.13,405.37,160.64,454.32,0.7999,-1,-1,-1
497,3,1395.82,377.23,288.61,692.31,0.6531,-1,-1,-1
497,23,1209.21,420.48,223.55,590.53,0.8527,-1,-1,-1
497,40,825.73,443.10,129.42,285.50,0.7342,-1,-1,-1
497,46,828.86,442.64,128.30,285.18,0.7342,-1,-1,-1
497,49,663.10,435.09,109.55,267.11,0.7760,-1,-1,-1
497,54,1395.42,377.14,289.27,693.02,0.6531,-1,-1,-1
497,74,1389.66,415.74,130.57,496.49,0.6545,-1,-1,-1
497,42,963.54,442.34,108.37,239.52,0.7284,-1,-1,-1
497,69,262.91,467.96,109.35,224.18,0.4459,-1,-1,-1
497,83,567.08,442.25,33.12,91.19,0.3683,-1,-1,-1
498,59,1651.63,408.41,160.17,463.03,0.7415,-1,-1,-1
498,3,1409.85,376.66,280.02,693.81,0.6504,-1,-1,-1
498,23,1213.03,418.28,223.29,592.84,0.8473,-1,-1,-1
498,40,835.27,444.07,120.37,283.64,0.6812,-1,-1,-1
498,46,838.06,443.66,119.30,283.35,0.6812,-1,-1,-1
498,49,669.41,432.99,102.15,269.29,0.7723,-1,-1,-1
498,54,1409.44,376.52,281.20,694.61,0.6504,-1,-1,-1
498,74,1392.30,413.21,135.79,519.53,0.6519,-1,-1,-1
498,42,967.68,440.58,112.95,241.45,0.7381,-1,-1,-1
498,69,256.34,474.80,111.35,223.82,0.4580,-1,-1,-1
498,83,567.06,441.70,33.53,92.00,0.3904,-1,-1,-1
499,59,1654.48,406.72,190.96,469.08,0.8521,-1,-1,-1
499,3,1422.48,377.67,272.46,693.73,0.6664,-1,-1,-1
499,23,1220.05,415.72,216.22,596.11,0.8361,-1,-1,-1
499,40,849.08,443.65,107.31,284.95,0.6997,-1,-1,-1
499,46,851.54,443.31,106.28,284.69,0.6997,-1,-1,-1
499,49,673.36,435.36,98.13,265.96,0.7669,-1,-1,-1
499,54,1422.09,377.52,273.72,694.50,0.6664,-1,-1,-1
499,74,1393.59,407.94,143.18,531.60,0.6556,-1,-1,-1
499,42,970.33,440.65,118.73,242.10,0.6980,-1,-1,-1
499,69,244.91,480.68,111.15,220.28,0.5496,-1,-1,-1
499,83,567.25,442.26,32.74,91.61,0.3970,-1,-1,-1
500,59,1661.10,410.58,205.93,473.11,0.8428,-1,-1,-1
500,3,1443.94,377.88,263.11,693.09,0.5800,-1,-1,-1
500,23,1228.42,416.51,209.87,595.96,0.7887,-1,-1,-1
500,40,854.44,440.39,103.69,286.95,0.6595,-1,-1,-1
500,46,856.40,440.09,102.88,286.72,0.6595,-1,-1,-1
500,49,676.27,433.97,95.97,267.05,0.7472,-1,-1,-1
500,54,1443.52,377.74,264.32,693.79,0.5800,-1,-1,-1
500,74,1390.89,409.02,154.15,544.74,0.6766,-1,-1,-1
500,42,971.16,442.90,120.24,240.14,0.6808,-1,-1,-1
500,69,237.38,481.38,104.14,222.76,0.6091,-1,-1,-1
500,83,568.40,442.67,32.00,91.07,0.3357,-1,-1,-1
501,59,1671.64,415.16,218.52,472.30,0.8531,-1,-1,-1
501,3,1477.30,374.99,232.75,611.66,0.6111,-1,-1,-1
501,23,1239.75,414.88,202.52,598.25,0.7918,-1,-1,-1
501,40,857.79,438.63,103.22,287.73,0.6993,-1,-1,-1
501,46,859.46,438.36,102.55,287.53,0.6993,-1,-1,-1
501,49,682.34,433.78,91.17,266.35,0.6853,-1,-1,-1
501,54,1476.80,374.87,234.00,612.39,0.6111,-1,-1,-1
501,74,1394.36,411.59,153.82,543.78,0.6843,-1,-1,-1
501,42,970.48,450.99,120.31,231.86,0.7068,-1,-1,-1
501,69,226.61,481.35,107.19,222.30,0.6271,-1,-1,-1
501,83,570.87,445.03,29.86,88.88,0.3175,-1,-1,-1
502,59,1683.00,415.15,217.70,474.66,0.8442,-1,-1,-1
502,3,1496.31,376.20,225.86,662.21,0.6171,-1,-1,-1
502,23,1252.97,414.93,195.95,599.42,0.7968,-1,-1,-1
502,40,860.59,439.96,104.22,286.62,0.6562,-1,-1,-1
502,46,862.04,439.73,103.66,286.43,0.6562,-1,-1,-1
502,49,691.61,435.45,83.57,263.62,0.6775,-1,-1,-1
502,54,1495.91,376.10,226.84,662.70,0.6171,-1,-1,-1
502,74,1390.66,407.41,162.06,554.75,0.7129,-1,-1,-1
502,42,972.82,451.17,117.20,231.61,0.7335,-1,-1,-1
502,69,217.92,483.59,112.73,219.41,0.6015,-1,-1,-1
502,83,572.18,449.13,28.48,84.27,0.3031,-1,-1,-1
503,59,1691.72,413.08,216.07,481.32,0.8553,-1,-1,-1
503,3,1508.87,374.15,218.03,681.46,0.7256,-1,-1,-1
503,23,1276.50,411.44,178.72,605.15,0.7669,-1,-1,-1
503,40,865.99,440.35,105.24,285.79,0.6733,-1,-1,-1
503,46,867.27,440.15,104.75,285.62,0.6733,-1,-1,-1
503,49,691.97,434.70,86.40,265.02,0.6961,-1,-1,-1
503,54,1508.56,374.05,218.87,681.93,0.7256,-1,-1,-1
503,74,1386.61,409.92,169.83,555.77,0.6208,-1,-1,-1
503,42,979.70,448.24,110.58,234.43,0.7195,-1,-1,-1
503,69,205.69,481.77,118.46,230.12,0.5357,-1,-1,-1
503,83,572.27,447.76,28.44,86.41,0.3503,-1,-1,-1
503,85,0.06,914.28,111.30,165.74,0.4089,-1,-1,-1
504,59,1698.19,411.03,218.75,492.82,0.8655,-1,-1,-1
504,3,1518.39,372.76,216.52,690.39,0.6999,-1,-1,-1
504,23,1292.62,411.83,168.58,606.90,0.8044,-1,-1,-1
504,40,863.94,424.83,75.98,291.22,0.3592,-1,-1,-1
504,46,873.28,440.48,105.88,284.60,0.5693,-1,-1,-1
504,49,693.82,435.36,86.78,265.01,0.6868,-1,-1,-1
504,54,1518.14,372.67,217.21,690.82,0.6999,-1,-1,-1
504,74,1390.19,410.44,170.30,556.17,0.6972,-1,-1,-1
504,42,989.06,447.99,99.51,234.68,0.6600,-1,-1,-1
504,69,192.34,482.07,119.01,234.92,0.6460,-1,-1,-1
504,83,572.10,447.30,28.47,87.46,0.4037,-1,-1,-1
504,85,0.35,929.50,92.84,149.28,0.3490,-1,-1,-1
505,59,1708.39,408.11,212.60,500.84,0.8851,-1,-1,-1
505,3,1525.22,372.80,219.61,698.01,0.7682,-1,-1,-1
505,23,1302.47,410.53,165.29,613.19,0.8285,-1,-1,-1
505,40,867.22,425.89,64.39,283.84,0.4618,-1,-1,-1
505,46,882.29,442.83,113.78,281.04,0.5830,-1,-1,-1
505,49,694.36,436.70,89.71,264.39,0.7823,-1,-1,-1
505,54,1525.03,372.72,220.19,698.39,0.7682,-1,-1,-1
505,74,1401.19,420.78,164.13,547.80,0.6623,-1,-1,-1
505,42,1000.16,453.82,87.35,229.12,0.6442,-1,-1,-1
505,69,182.00,482.40,114.42,235.93,0.6029,-1,-1,-1
505,83,572.01,448.96,28.44,85.82,0.4044,-1,-1,-1
506,59,1718.11,403.52,204.84,507.31,0.8851,-1,-1,-1
506,3,1529.71,372.05,218.17,701.28,0.7571,-1,-1,-1
506,23,1309.27,411.30,163.98,622.85,0.7937,-1,-1,-1
506,40,869.28,416.83,67.38,287.45,0.5856,-1,-1,-1
506,46,893.91,449.06,117.81,273.57,0.6529,-1,-1,-1
506,49,699.11,435.44,90.18,266.35,0.7433,-1,-1,-1
506,54,1529.55,371.97,218.68,701.62,0.7571,-1,-1,-1
506,74,1430.76,422.87,138.00,534.57,0.7061,-1,-1,-1
506,42,1010.77,459.09,78.64,223.41,0.6270,-1,-1,-1
506,69,168.35,484.01,114.22,234.29,0.6549,-1,-1,-1
506,83,571.84,448.39,28.91,85.83,0.4100,-1,-1,-1
507,59,1732.67,399.95,190.45,512.87,0.8763,-1,-1,-1
507,3,1532.36,374.28,220.18,701.05,0.7412,-1,-1,-1
507,23,1314.84,411.99,162.03,631.93,0.8118,-1,-1,-1
507,40,870.10,413.99,67.39,288.59,0.6052,-1,-1,-1
507,46,899.94,450.76,120.68,270.80,0.6698,-1,-1,-1
507,49,702.34,435.46,95.27,266.09,0.7236,-1,-1,-1
507,54,1532.23,374.21,220.61,701.36,0.7412,-1,-1,-1
507,74,1444.43,418.88,126.88,541.63,0.6958,-1,-1,-1
507,42,1017.36,452.68,79.29,228.85,0.5340,-1,-1,-1
507,69,153.24,482.50,116.24,242.42,0.6777,-1,-1,-1
507,83,572.24,447.34,28.69,86.90,0.3938,-1,-1,-1
508,59,1743.23,397.80,179.00,514.82,0.8460,-1,-1,-1
508,3,1532.07,373.85,227.18,699.35,0.7468,-1,-1,-1
508,23,1319.34,414.77,178.71,637.70,0.7755,-1,-1,-1
508,40,870.04,412.45,67.87,286.51,0.6066,-1,-1,-1
508,46,901.38,452.36,133.16,269.09,0.7102,-1,-1,-1
508,49,712.28,435.76,92.02,264.46,0.6849,-1,-1,-1
508,54,1531.96,373.79,227.55,699.62,0.7468,-1,-1,-1
508,74,1453.87,413.72,121.42,537.74,0.6747,-1,-1,-1
508,42,1026.11,450.03,73.37,230.17,0.5335,-1,-1,-1
508,69,139.37,483.39,120.33,244.64,0.6713,-1,-1,-1
508,83,571.29,446.94,29.21,88.14,0.4382,-1,-1,-1
509,59,1751.72,396.11,170.15,514.34,0.7913,-1,-1,-1
509,3,1532.86,373.83,225.70,695.09,0.7010,-1,-1,-1
509,23,1324.80,413.57,199.10,643.79,0.8279,-1,-1,-1
509,40,873.29,419.01,64.65,280.22,0.5884,-1,-1,-1
509,46,902.47,448.97,138.70,274.25,0.7372,-1,-1,-1
509,49,715.71,438.03,96.23,262.16,0.6719,-1,-1,-1
509,54,1532.77,373.78,226.03,695.33,0.7010,-1,-1,-1
509,74,1461.72,407.76,120.75,558.38,0.5878,-1,-1,-1
509,42,1032.24,460.90,67.98,218.06,0.4929,-1,-1,-1
509,69,127.53,479.43,120.65,245.45,0.6711,-1,-1,-1
509,83,570.86,446.46,29.86,89.03,0.4292,-1,-1,-1
510,59,1767.83,393.46,153.81,503.92,0.8242,-1,-1,-1
510,3,1545.23,375.73,237.96,697.89,0.6140,-1,-1,-1
510,23,1326.87,413.27,217.51,644.98,0.8406,-1,-1,-1
510,40,875.16,413.49,65.39,284.11,0.5886,-1,-1,-1
510,46,902.40,446.79,139.80,277.88,0.7508,-1,-1,-1
510,49,715.49,436.27,109.15,263.81,0.7046,-1,-1,-1
510,54,1545.13,375.69,238.24,698.10,0.6140,-1,-1,-1
510,74,1468.64,405.31,121.10,570.24,0.7083,-1,-1,-1
510,42,1036.71,465.36,69.85,210.39,0.4972,-1,-1,-1
510,69,110.01,477.49,125.75,247.82,0.6637,-1,-1,-1
510,83,570.35,445.68,29.93,88.88,0.4340,-1,-1,-1
511,59,1778.94,393.63,142.56,497.40,0.8074,-1,-1,-1
511,3,1545.26,371.10,262.31,703.83,0.7178,-1,-1,-1
511,23,1326.19,414.56,233.34,645.42,0.8385,-1,-1,-1
511,40,875.37,420.88,66.66,274.58,0.4940,-1,-1,-1
511,46,901.39,446.49,150.31,278.81,0.7630,-1,-1,-1
511,49,715.92,438.28,114.22,261.54,0.7250,-1,-1,-1
511,54,1545.18,371.06,262.56,704.01,0.7178,-1,-1,-1
511,74,1475.06,405.14,119.89,559.18,0.6676,-1,-1,-1
511,42,1037.37,461.79,75.73,213.25,0.5460,-1,-1,-1
511,69,98.06,477.13,127.15,251.46,0.5582,-1,-1,-1
511,83,570.20,446.05,29.81,88.04,0.4675,-1,-1,-1
512,59,1786.28,393.63,134.74,497.89,0.8065,-1,-1,-1
512,3,1548.70,373.64,242.50,694.50,0.5765,-1,-1,-1
512,23,1324.41,417.63,241.58,644.54,0.8450,-1,-1,-1
512,40,875.08,414.49,71.67,280.61,0.5617,-1,-1,-1
512,46,901.33,444.42,153.25,281.21,0.7581,-1,-1,-1
512,49,718.37,437.21,113.75,261.91,0.7389,-1,-1,-1
512,54,1548.62,373.61,242.76,694.67,0.5765,-1,-1,-1
512,74,1477.05,407.57,119.76,542.06,0.6393,-1,-1,-1
512,42,1039.69,456.23,83.24,220.38,0.6052,-1,-1,-1
512,83,570.46,446.85,29.27,87.13,0.4562,-1,-1,-1
513,59,1802.08,390.69,118.82,507.83,0.7983,-1,-1,-1
513,3,1551.91,372.56,234.12,622.13,0.4815,-1,-1,-1
513,23,1323.64,418.46,248.33,647.26,0.8471,-1,-1,-1
513,40,876.08,412.76,74.33,283.17,0.5144,-1,-1,-1
513,46,901.41,443.96,155.42,281.75,0.7509,-1,-1,-1
513,49,719.93,436.46,117.19,262.88,0.7424,-1,-1,-1
513,54,1551.85,372.53,234.34,622.29,0.4815,-1,-1,-1
513,74,1480.43,411.94,120.12,550.90,0.6534,-1,-1,-1
513,42,1042.48,447.98,89.83,229.14,0.6054,-1,-1,-1
513,83,570.60,446.25,29.30,87.74,0.4763,-1,-1,-1
513,69,66.44,476.74,138.85,256.99,0.6036,-1,-1,-1
514,59,1809.35,390.26,111.49,512.16,0.8036,-1,-1,-1
514,3,1557.70,371.64,226.62,591.97,0.5666,-1,-1,-1
514,23,1323.38,418.59,251.82,648.44,0.8434,-1,-1,-1
514,40,877.93,412.56,75.82,284.23,0.5096,-1,-1,-1
514,46,902.24,444.31,156.01,280.73,0.7017,-1,-1,-1
514,49,722.36,439.01,115.18,258.97,0.7479,-1,-1,-1
514,54,1557.65,371.61,226.81,592.10,0.5666,-1,-1,-1
514,74,1485.21,415.32,119.96,538.50,0.5940,-1,-1,-1
514,42,1043.58,445.61,98.97,231.30,0.6230,-1,-1,-1
514,83,570.19,446.03,29.67,87.47,0.5260,-1,-1,-1
514,69,50.91,476.71,142.54,258.07,0.6567,-1,-1,-1
515,59,1819.63,388.77,101.08,517.43,0.7931,-1,-1,-1
515,3,1563.73,371.98,243.08,661.09,0.5283,-1,-1,-1
515,23,1324.18,418.00,253.59,650.08,0.8440,-1,-1,-1
515,40,877.09,417.62,74.71,279.66,0.5768,-1,-1,-1
515,46,903.52,443.47,156.79,280.82,0.7433,-1,-1,-1
515,49,725.81,439.17,112.89,257.33,0.7253,-1,-1,-1
515,54,1563.68,371.95,243.23,661.18,0.5283,-1,-1,-1
515,74,1489.47,415.37,124.93,524.98,0.5208,-1,-1,-1
515,42,1046.03,449.13,103.77,228.05,0.6781,-1,-1,-1
515,83,569.80,446.16,30.29,87.66,0.4838,-1,-1,-1
515,69,37.80,477.58,145.12,259.18,0.6995,-1,-1,-1
515,88,693.68,451.75,39.05,124.52,0.4617,-1,-1,-1
516,59,1824.33,387.62,95.73,525.24,0.7576,-1,-1,-1
516,3,1564.12,374.03,269.14,676.06,0.6062,-1,-1,-1
516,23,1324.10,421.42,257.17,648.49,0.8307,-1,-1,-1
516,40,877.79,417.75,78.33,282.28,0.5694,-1,-1,-1
516,46,906.66,439.37,154.32,282.71,0.7600,-1,-1,-1
516,49,730.85,436.33,109.35,259.24,0.7485,-1,-1,-1
516,54,1564.08,374.01,269.28,676.15,0.6062,-1,-1,-1
516,74,1495.46,415.01,128.02,516.09,0.4167,-1,-1,-1
516,42,1049.37,449.75,100.46,226.06,0.5777,-1,-1,-1
516,83,569.28,445.70,31.24,89.20,0.5027,-1,-1,-1
516,69,22.81,478.62,148.37,259.68,0.7053,-1,-1,-1
516,88,692.68,450.06,38.43,126.28,0.4894,-1,-1,-1
517,59,1833.95,390.56,86.04,517.33,0.6984,-1,-1,-1
517,3,1572.26,376.91,274.66,686.61,0.4327,-1,-1,-1
517,23,1324.21,423.69,261.28,646.74,0.8205,-1,-1,-1
517,40,879.30,422.38,82.26,280.65,0.5802,-1,-1,-1
517,46,910.23,437.86,149.70,284.18,0.7688,-1,-1,-1
517,49,734.95,438.86,106.91,255.78,0.7292,-1,-1,-1
517,54,1572.21,376.89,274.80,686.70,0.4327,-1,-1,-1
517,74,1501.42,411.10,130.43,508.43,0.3995,-1,-1,-1
517,42,1050.42,449.90,101.37,226.23,0.5542,-1,-1,-1
517,83,568.36,444.72,31.84,90.96,0.4720,-1,-1,-1
517,69,14.00,489.73,148.18,248.70,0.5802,-1,-1,-1
517,88,686.10,446.46,43.13,129.71,0.4909,-1,-1,-1
518,59,1842.45,393.17,77.46,514.13,0.6631,-1,-1,-1
518,3,1576.99,377.81,275.72,690.81,0.4233,-1,-1,-1
518,23,1327.53,419.77,263.62,649.74,0.8205,-1,-1,-1
518,40,879.51,418.09,80.88,285.97,0.6181,-1,-1,-1
518,46,913.90,435.62,145.91,286.93,0.7867,-1,-1,-1
518,49,740.14,433.84,102.29,259.68,0.7802,-1,-1,-1
518,54,1576.95,377.79,275.84,690.89,0.4233,-1,-1,-1
518,74,1509.05,411.28,131.19,597.63,0.3612,-1,-1,-1
518,42,1050.29,457.28,103.68,219.76,0.5714,-1,-1,-1
518,83,569.54,446.19,30.88,89.01,0.4536,-1,-1,-1
518,69,2.76,483.71,150.10,255.83,0.6832,-1,-1,-1
518,88,682.09,447.82,44.85,126.20,0.4471,-1,-1,-1
519,59,1852.34,393.57,67.44,497.44,0.5250,-1,-1,-1
519,3,1577.54,380.32,301.72,690.31,0.6569,-1,-1,-1
519,23,1330.15,420.45,263.30,648.25,0.7951,-1,-1,-1
519,40,880.06,428.06,79.27,273.24,0.5931,-1,-1,-1
519,46,917.37,439.18,142.41,281.50,0.6556,-1,-1,-1
519,49,743.81,432.66,100.61,260.03,0.7722,-1,-1,-1
519,54,1577.51,380.31,301.82,690.37,0.6569,-1,-1,-1
519,74,1516.35,412.50,126.24,629.99,0.4690,-1,-1,-1
519,42,1051.12,451.41,102.94,226.13,0.5340,-1,-1,-1
519,83,570.44,448.99,30.04,86.48,0.4611,-1,-1,-1
519,69,-2.84,488.76,147.95,251.24,0.6147,-1,-1,-1
519,88,678.62,447.62,45.85,126.00,0.5495,-1,-1,-1
520,59,1866.63,395.55,53.16,483.47,0.5435,-1,-1,-1
520,3,1580.74,380.26,269.49,691.77,0.5521,-1,-1,-1
520,23,1334.53,418.69,258.17,649.74,0.7825,-1,-1,-1
520,40,881.35,433.20,78.66,266.35,0.6396,-1,-1,-1
520,46,927.90,443.92,135.84,276.07,0.6576,-1,-1,-1
520,49,749.54,430.79,95.13,260.31,0.7282,-1,-1,-1
520,54,1580.71,380.25,269.60,691.83,0.5521,-1,-1,-1
520,74,1522.16,417.02,129.94,561.44,0.4473,-1,-1,-1
520,42,1051.37,454.40,102.18,222.89,0.5679,-1,-1,-1
520,83,570.91,449.39,29.69,86.44,0.4254,-1,-1,-1
520,69,-4.75,482.91,149.89,260.34,0.5352,-1,-1,-1
520,88,679.02,448.05,44.79,124.63,0.5481,-1,-1,-1
521,59,1868.46,391.26,51.19,458.58,0.3694,-1,-1,-1
521,3,1580.31,380.86,313.80,686.95,0.6121,-1,-1,-1
521,23,1339.34,415.94,250.62,651.68,0.8273,-1,-1,-1
521,40,881.97,432.55,80.07,267.40,0.6339,-1,-1,-1
521,46,936.33,444.74,130.44,275.00,0.6327,-1,-1,-1
521,49,756.31,430.89,89.39,259.61,0.7424,-1,-1,-1
521,54,1580.28,380.84,313.88,687.00,0.6121,-1,-1,-1
521,74,1527.04,418.99,135.74,534.06,0.4992,-1,-1,-1
521,42,1052.82,443.37,99.77,234.21,0.6209,-1,-1,-1
521,83,571.44,452.39,29.11,82.62,0.4259,-1,-1,-1
521,69,-4.88,481.26,135.38,266.56,0.4949,-1,-1,-1
521,88,679.17,450.14,43.05,122.92,0.5131,-1,-1,-1
522,3,1602.03,378.37,305.81,606.46,0.6277,-1,-1,-1
522,23,1345.01,413.15,249.69,653.68,0.8022,-1,-1,-1
522,40,880.72,431.91,84.10,268.99,0.6424,-1,-1,-1
522,46,948.01,442.16,121.98,277.21,0.6699,-1,-1,-1
522,49,765.69,432.52,80.73,256.07,0.7151,-1,-1,-1
522,54,1602.00,378.36,305.89,606.51,0.6277,-1,-1,-1
522,74,1531.70,416.92,142.90,537.14,0.4885,-1,-1,-1
522,42,1054.52,443.12,98.10,234.57,0.6239,-1,-1,-1
522,83,572.32,454.18,28.52,80.56,0.3788,-1,-1,-1
522,69,-4.42,478.57,114.55,268.49,0.4965,-1,-1,-1
522,88,677.48,449.10,44.00,124.14,0.5587,-1,-1,-1
523,3,1589.10,379.09,330.64,664.06,0.6021,-1,-1,-1
523,23,1352.02,412.21,246.81,655.04,0.7316,-1,-1,-1
523,40,881.21,422.85,89.38,279.74,0.6482,-1,-1,-1
523,46,952.81,442.23,115.69,278.28,0.6815,-1,-1,-1
523,49,766.02,432.83,85.53,256.45,0.7171,-1,-1,-1
523,54,1589.08,379.09,330.71,664.09,0.6021,-1,-1,-1
523,74,1538.35,413.23,151.67,543.28,0.5191,-1,-1,-1
523,42,1055.57,452.55,98.31,225.20,0.6443,-1,-1,-1
523,83,572.71,454.11,28.70,80.95,0.4001,-1,-1,-1
523,69,-3.43,503.21,107.62,250.72,0.3588,-1,-1,-1
523,88,675.38,448.46,45.48,125.58,0.5920,-1,-1,-1
524,3,1589.12,375.44,335.25,684.35,0.7971,-1,-1,-1
524,23,1363.15,411.34,238.45,655.39,0.7127,-1,-1,-1
524,40,880.50,419.47,94.09,283.29,0.6635,-1,-1,-1
524,46,964.85,443.02,104.89,276.60,0.6237,-1,-1,-1
524,49,768.25,431.32,87.85,258.47,0.7391,-1,-1,-1
524,54,1589.10,375.43,335.31,684.38,0.7971,-1,-1,-1
524,74,1546.61,412.06,150.94,556.64,0.4788,-1,-1,-1
524,42,1059.16,455.74,95.85,221.65,0.6082,-1,-1,-1
524,83,573.43,453.98,29.24,82.02,0.4083,-1,-1,-1
524,88,673.99,448.67,46.26,124.76,0.6098,-1,-1,-1
525,3,1594.41,370.95,330.94,697.66,0.6821,-1,-1,-1
525,23,1380.07,411.16,224.92,656.68,0.7222,-1,-1,-1
525,40,885.49,413.36,93.58,291.08,0.6530,-1,-1,-1
525,46,971.79,443.96,97.33,275.70,0.6576,-1,-1,-1
525,49,767.91,430.40,91.35,259.45,0.7486,-1,-1,-1
525,54,1594.39,370.95,331.01,697.69,0.6821,-1,-1,-1
525,74,1546.50,409.28,157.28,580.28,0.5926,-1,-1,-1
525,42,1061.10,459.46,97.32,218.63,0.6289,-1,-1,-1
525,83,573.89,452.50,29.41,82.40,0.4423,-1,-1,-1
525,88,673.85,451.26,44.77,121.55,0.6309,-1,-1,-1
526,3,1598.93,363.53,325.94,707.82,0.8161,-1,-1,-1
526,23,1401.75,410.57,207.86,654.20,0.6758,-1,-1,-1
526,40,893.56,411.66,88.41,294.31,0.6754,-1,-1,-1
526,46,985.63,444.85,81.77,277.15,0.6585,-1,-1,-1
526,49,767.84,434.24,95.71,255.19,0.7175,-1,-1,-1
526,54,1598.91,363.52,325.99,707.84,0.8161,-1,-1,-1
526,74,1549.26,408.94,160.77,587.45,0.5766,-1,-1,-1
526,42,1064.32,461.87,97.71,215.32,0.6344,-1,-1,-1
526,83,573.87,451.67,29.96,82.55,0.4092,-1,-1,-1
526,88,671.15,451.21,46.97,120.99,0.5835,-1,-1,-1
526,91,715.04,450.34,33.86,89.08,0.4108,-1,-1,-1
527,3,1600.99,365.95,322.80,706.50,0.6966,-1,-1,-1
527,23,1422.05,412.95,197.38,653.87,0.7507,-1,-1,-1
527,40,898.08,408.42,85.97,297.65,0.7362,-1,-1,-1
527,46,994.28,447.98,77.41,274.62,0.7053,-1,-1,-1
527,49,770.51,435.74,104.30,253.66,0.6896,-1,-1,-1
527,54,1600.98,365.95,322.85,706.53,0.6966,-1,-1,-1
527,74,1561.12,408.78,156.68,590.36,0.6799,-1,-1,-1
527,42,1069.12,460.02,97.74,215.80,0.6216,-1,-1,-1
527,83,573.88,451.25,29.64,82.47,0.4242,-1,-1,-1
527,88,668.98,454.15,48.09,117.83,0.5883,-1,-1,-1
527,91,715.03,449.96,33.60,89.28,0.4909,-1,-1,-1
528,3,1603.52,382.99,320.80,690.01,0.7341,-1,-1,-1
528,23,1436.73,412.09,184.18,653.72,0.6919,-1,-1,-1
528,40,903.33,410.78,81.35,295.62,0.7281,-1,-1,-1
528,46,997.29,446.06,82.20,278.34,0.7122,-1,-1,-1
528,49,783.92,437.07,96.97,250.79,0.5985,-1,-1,-1
528,54,1603.51,382.99,320.84,690.03,0.7341,-1,-1,-1
528,74,1569.53,410.06,162.45,590.97,0.7152,-1,-1,-1
528,42,1075.86,454.64,89.98,220.43,0.6413,-1,-1,-1
528,83,573.77,450.74,30.57,83.67,0.4256,-1,-1,-1
528,88,668.52,455.95,47.64,115.06,0.6127,-1,-1,-1
528,91,714.45,451.15,34.45,87.78,0.4946,-1,-1,-1
528,92,0.08,546.98,56.78,114.18,0.3469,-1,-1,-1
529,3,1664.34,384.14,258.72,604.74,0.5813,-1,-1,-1
529,23,1445.01,412.61,181.58,654.70,0.7818,-1,-1,-1
529,40,912.18,407.00,74.83,299.24,0.7331,-1,-1,-1
529,46,1000.65,443.44,90.02,279.18,0.7068,-1,-1,-1
529,49,782.31,436.19,118.46,251.91,0.6296,-1,-1,-1
529,54,1664.32,384.14,258.77,604.76,0.5813,-1,-1,-1
529,74,1577.45,411.72,164.46,592.27,0.7310,-1,-1,-1
529,42,1084.51,451.61,78.05,222.33,0.5329,-1,-1,-1
529,83,573.61,450.18,31.02,84.46,0.4564,-1,-1,-1
529,88,665.79,454.24,52.41,116.90,0.5694,-1,-1,-1
529,91,712.70,450.80,29.55,88.14,0.4923,-1,-1,-1
529,92,0.01,545.80,44.70,112.52,0.3691,-1,-1,-1
530,3,1694.76,371.13,227.18,584.94,0.5906,-1,-1,-1
530,23,1450.40,413.83,180.31,654.56,0.7934,-1,-1,-1
530,40,916.88,404.59,72.29,301.75,0.7550,-1,-1,-1
530,46,1003.83,440.60,94.91,279.29,0.7164,-1,-1,-1
530,49,789.55,435.23,115.09,252.00,0.6853,-1,-1,-1
530,54,1694.75,371.13,227.21,584.96,0.5906,-1,-1,-1
530,74,1580.99,411.89,164.70,596.08,0.6779,-1,-1,-1
530,42,1092.01,448.77,71.09,225.54,0.5648,-1,-1,-1
530,83,573.51,449.19,31.17,86.14,0.4593,-1,-1,-1
530,88,663.69,454.78,52.33,115.86,0.5691,-1,-1,-1
530,91,711.50,450.22,29.31,88.36,0.4390,-1,-1,-1
531,3,1647.70,374.16,274.24,662.66,0.4348,-1,-1,-1
531,23,1452.56,413.44,188.06,653.90,0.8099,-1,-1,-1
531,40,919.46,402.90,72.35,303.90,0.7636,-1,-1,-1
531,46,1007.25,442.59,99.55,276.07,0.7751,-1,-1,-1
531,49,787.33,434.47,116.79,252.85,0.7534,-1,-1,-1
531,54,1702.45,366.46,219.10,575.05,0.5019,-1,-1,-1
531,74,1586.88,413.41,162.21,599.06,0.7200,-1,-1,-1
531,42,1093.30,450.52,71.62,225.44,0.5848,-1,-1,-1
531,83,573.04,448.58,31.49,87.86,0.4673,-1,-1,-1
531,88,662.90,454.65,50.12,114.24,0.5488,-1,-1,-1
531,91,712.17,450.23,29.96,89.09,0.3996,-1,-1,-1
532,3,1645.30,369.09,276.78,692.57,0.7788,-1,-1,-1
532,23,1454.88,412.47,199.29,654.62,0.7969,-1,-1,-1
532,40,922.44,401.79,74.19,303.60,0.7299,-1,-1,-1
532,46,1009.09,443.49,106.40,275.23,0.8028,-1,-1,-1
532,49,788.69,435.22,117.89,252.26,0.7541,-1,-1,-1
532,54,1663.55,365.97,257.93,662.49,0.7788,-1,-1,-1
532,74,1590.09,410.63,166.80,612.29,0.7537,-1,-1,-1
532,42,1096.61,451.92,63.57,224.35,0.5168,-1,-1,-1
532,83,572.13,448.14,32.15,88.96,0.4831,-1,-1,-1
532,88,663.68,452.66,46.14,116.67,0.5464,-1,-1,-1
532,91,713.63,450.65,30.24,89.47,0.4130,-1,-1,-1
533,3,1657.93,367.51,263.93,706.35,0.8249,-1,-1,-1
533,23,1456.77,411.51,208.62,654.89,0.8243,-1,-1,-1
533,40,922.58,403.01,79.71,302.09,0.7077,-1,-1,-1
533,46,1006.83,444.93,114.02,273.01,0.7604,-1,-1,-1
533,49,793.18,435.45,114.68,251.86,0.7412,-1,-1,-1
533,54,1664.56,366.24,257.13,694.61,0.8249,-1,-1,-1
533,74,1596.27,407.96,175.27,622.95,0.7711,-1,-1,-1
533,42,1099.04,447.18,65.67,230.82,0.5592,-1,-1,-1
533,83,572.78,447.07,33.02,90.18,0.3923,-1,-1,-1
533,88,663.54,452.25,42.44,117.68,0.5590,-1,-1,-1
533,91,715.80,452.22,28.33,88.40,0.3785,-1,-1,-1
534,3,1703.19,368.79,218.68,655.25,0.6665,-1,-1,-1
534,23,1457.62,410.96,212.53,655.53,0.8334,-1,-1,-1
534,40,921.29,406.11,85.47,300.31,0.7236,-1,-1,-1
534,46,1007.78,448.69,124.86,270.16,0.7157,-1,-1,-1
534,49,799.56,435.95,115.16,251.43,0.7641,-1,-1,-1
534,54,1704.53,368.27,217.29,651.86,0.6665,-1,-1,-1
534,74,1598.65,410.93,188.03,618.15,0.7506,-1,-1,-1
534,42,1096.36,447.54,67.98,230.46,0.5682,-1,-1,-1
534,83,574.58,447.29,34.41,90.22,0.4186,-1,-1,-1
534,88,661.58,451.05,42.04,118.44,0.6097,-1,-1,-1
534,91,715.82,452.35,27.95,88.53,0.4161,-1,-1,-1
535,3,1714.46,372.02,206.95,686.46,0.6245,-1,-1,-1
535,23,1457.71,411.85,213.12,654.89,0.8323,-1,-1,-1
535,40,920.39,421.40,92.81,285.58,0.7383,-1,-1,-1
535,46,1008.39,444.87,131.64,276.87,0.6866,-1,-1,-1
535,49,799.34,437.77,119.50,249.49,0.7660,-1,-1,-1
535,54,1714.50,371.81,206.90,685.56,0.6245,-1,-1,-1
535,74,1606.14,409.61,184.20,615.64,0.7676,-1,-1,-1
535,42,1099.74,444.84,72.34,231.88,0.4570,-1,-1,-1
535,83,575.09,445.75,35.13,91.73,0.4703,-1,-1,-1
535,88,660.24,449.97,42.00,119.45,0.6461,-1,-1,-1
535,91,715.30,451.85,28.09,88.81,0.4223,-1,-1,-1
536,3,1739.04,369.08,181.84,701.14,0.8055,-1,-1,-1
536,23,1457.84,412.96,216.59,654.22,0.8187,-1,-1,-1
536,40,916.32,426.70,100.07,280.45,0.7409,-1,-1,-1
536,46,1007.37,448.35,137.80,272.73,0.7139,-1,-1,-1
536,49,801.55,436.94,117.97,249.33,0.7337,-1,-1,-1
536,54,1738.56,369.02,182.31,701.26,0.8055,-1,-1,-1
536,74,1610.01,408.46,182.74,620.21,0.7379,-1,-1,-1
536,42,1103.56,445.14,70.43,229.20,0.3852,-1,-1,-1
536,83,576.01,450.27,34.12,88.15,0.3895,-1,-1,-1
536,88,659.17,449.66,41.63,119.03,0.5697,-1,-1,-1
536,91,714.19,450.19,28.74,90.36,0.4316,-1,-1,-1
537,3,1758.10,369.84,162.29,705.53,0.8076,-1,-1,-1
537,23,1458.87,414.14,227.14,652.34,0.7857,-1,-1,-1
537,40,916.35,433.55,102.74,272.21,0.7107,-1,-1,-1
537,46,1006.99,452.92,141.69,268.06,0.6606,-1,-1,-1
537,49,804.07,436.51,116.13,249.91,0.7347,-1,-1,-1
537,54,1757.57,369.83,162.81,706.02,0.8076,-1,-1,-1
537,74,1614.75,407.39,184.15,626.42,0.5625,-1,-1,-1
537,42,1108.75,453.77,65.82,220.34,0.4643,-1,-1,-1
537,83,578.40,455.79,31.92,82.72,0.3417,-1,-1,-1
537,88,658.46,449.67,41.72,119.11,0.6083,-1,-1,-1
537,91,712.41,449.56,29.85,91.09,0.4629,-1,-1,-1
538,3,1768.10,370.26,152.08,707.57,0.8156,-1,-1,-1
538,23,1459.92,413.75,229.86,652.96,0.7970,-1,-1,-1
538,40,917.56,428.18,104.32,279.19,0.7382,-1,-1,-1
538,46,1009.82,450.95,138.71,270.23,0.7036,-1,-1,-1
538,49,804.94,435.24,117.55,250.98,0.7535,-1,-1,-1
538,54,1767.69,370.26,152.50,708.16,0.8156,-1,-1,-1
538,74,1618.93,408.58,189.77,623.88,0.6293,-1,-1,-1
538,42,1107.25,450.46,66.98,225.66,0.4774,-1,-1,-1
538,83,579.58,457.74,31.50,80.94,0.3853,-1,-1,-1
538,88,657.32,450.77,42.00,118.48,0.5810,-1,-1,-1
538,91,711.50,449.05,31.41,91.04,0.4800,-1,-1,-1
539,3,1777.86,378.86,142.24,700.18,0.7907,-1,-1,-1
539,23,1461.41,413.20,232.97,653.82,0.7981,-1,-1,-1
539,40,919.93,425.17,103.59,282.72,0.7460,-1,-1,-1
539,46,1011.10,443.57,137.18,277.67,0.7102,-1,-1,-1
539,49,807.78,434.33,116.36,253.26,0.7496,-1,-1,-1
539,54,1777.53,378.84,142.58,700.78,0.7907,-1,-1,-1
539,74,1623.48,408.58,195.69,618.09,0.6964,-1,-1,-1
539,42,1112.87,447.16,64.88,229.58,0.4288,-1,-1,-1
539,83,579.99,458.48,31.41,79.98,0.3883,-1,-1,-1
539,88,656.36,451.67,41.61,117.78,0.5735,-1,-1,-1
539,91,712.74,449.28,29.55,91.23,0.4763,-1,-1,-1
540,3,1784.16,404.11,135.74,673.18,0.7930,-1,-1,-1
540,23,1464.54,414.00,233.02,653.84,0.7923,-1,-1,-1
540,40,920.31,424.70,107.01,283.51,0.7699,-1,-1,-1
540,46,1012.18,440.38,136.02,281.49,0.6799,-1,-1,-1
540,49,812.81,433.56,112.25,252.94,0.7280,-1,-1,-1
540,54,1783.91,404.06,136.00,673.79,0.7930,-1,-1,-1
540,74,1631.91,408.36,192.65,612.19,0.7277,-1,-1,-1
540,42,1112.31,447.68,64.80,229.95,0.3887,-1,-1,-1
540,83,578.50,458.54,32.99,79.97,0.4295,-1,-1,-1
540,88,655.09,452.90,38.60,116.40,0.6170,-1,-1,-1
540,91,712.56,449.04,27.68,91.73,0.4968,-1,-1,-1
541,3,1789.43,393.17,130.71,686.02,0.7728,-1,-1,-1
541,23,1468.07,412.48,239.08,658.26,0.7714,-1,-1,-1
541,40,921.53,420.90,118.03,287.44,0.7210,-1,-1,-1
541,46,1020.35,437.42,127.18,285.17,0.6587,-1,-1,-1
541,49,815.42,432.61,111.75,254.07,0.7388,-1,-1,-1
541,54,1789.23,393.16,130.91,686.52,0.7728,-1,-1,-1
541,74,1639.58,407.14,191.31,613.45,0.7708,-1,-1,-1
541,42,1115.87,447.69,62.10,230.15,0.4601,-1,-1,-1
541,83,577.91,458.73,33.27,80.05,0.3892,-1,-1,-1
541,88,654.86,453.73,37.35,116.15,0.5560,-1,-1,-1
541,91,712.67,449.31,27.30,93.10,0.5285,-1,-1,-1
542,3,1797.85,388.31,122.29,691.73,0.7392,-1,-1,-1
542,23,1472.11,411.44,258.44,659.57,0.7633,-1,-1,-1
542,40,921.97,415.97,122.39,293.12,0.7280,-1,-1,-1
542,46,1028.41,434.15,117.70,288.05,0.6444,-1,-1,-1
542,49,819.79,433.78,108.86,253.08,0.7250,-1,-1,-1
542,54,1797.68,388.31,122.46,692.17,0.7392,-1,-1,-1
542,74,1644.50,405.91,191.80,615.54,0.6301,-1,-1,-1
542,42,1118.73,451.72,60.38,224.49,0.5026,-1,-1,-1
542,83,578.26,459.25,33.50,79.71,0.4257,-1,-1,-1
542,88,655.06,454.50,36.84,115.27,0.5631,-1,-1,-1
542,91,712.67,449.41,27.70,95.41,0.5132,-1,-1,-1
543,3,1806.08,388.43,114.03,692.54,0.6776,-1,-1,-1
543,23,1480.29,411.10,256.38,658.19,0.6024,-1,-1,-1
543,40,921.85,421.74,121.25,285.79,0.7432,-1,-1,-1
543,46,1042.61,436.07,104.53,285.08,0.5750,-1,-1,-1
543,49,825.27,432.68,103.92,253.54,0.6635,-1,-1,-1
543,54,1805.95,388.43,114.17,692.94,0.6776,-1,-1,-1
543,74,1648.15,404.48,194.35,614.60,0.5384,-1,-1,-1
543,42,1121.85,449.27,57.88,226.12,0.3823,-1,-1,-1
543,83,577.58,458.55,33.38,80.35,0.3937,-1,-1,-1
543,88,655.24,455.42,37.52,114.78,0.5965,-1,-1,-1
543,91,712.16,449.18,28.69,96.26,0.5184,-1,-1,-1
544,3,1822.35,385.34,97.38,609.57,0.6723,-1,-1,-1
544,23,1493.59,411.19,308.13,658.16,0.5390,-1,-1,-1
544,40,921.77,431.25,124.16,275.45,0.7080,-1,-1,-1
544,46,1050.30,436.27,99.27,283.85,0.5863,-1,-1,-1
544,49,834.22,433.37,96.46,252.14,0.6833,-1,-1,-1
544,54,1822.24,385.34,97.50,610.00,0.6723,-1,-1,-1
544,74,1646.16,405.57,200.10,621.70,0.4881,-1,-1,-1
544,42,1123.27,450.19,59.34,226.63,0.3421,-1,-1,-1
544,83,577.63,457.00,33.44,81.36,0.4464,-1,-1,-1
544,88,654.95,455.20,38.46,114.88,0.6252,-1,-1,-1
544,91,712.25,448.73,28.90,96.12,0.5110,-1,-1,-1
545,3,1819.92,421.38,100.06,630.61,0.4583,-1,-1,-1
545,23,1511.25,410.45,298.78,656.62,0.5705,-1,-1,-1
545,40,924.29,432.60,126.62,274.38,0.6997,-1,-1,-1
545,46,1064.42,434.93,93.37,286.03,0.4632,-1,-1,-1
545,49,844.67,435.18,89.38,247.52,0.6679,-1,-1,-1
545,54,1836.98,448.59,82.47,518.92,0.5117,-1,-1,-1
545,74,1651.75,406.59,196.06,622.80,0.5734,-1,-1,-1
545,83,578.58,455.28,33.46,82.98,0.3946,-1,-1,-1
545,88,655.00,453.28,41.01,115.75,0.5944,-1,-1,-1
545,91,711.88,448.13,30.55,96.91,0.5505,-1,-1,-1
546,3,1822.35,460.72,97.30,608.98,0.5890,-1,-1,-1
546,23,1528.21,409.86,242.22,656.31,0.5448,-1,-1,-1
546,40,929.05,433.24,123.55,272.42,0.7102,-1,-1,-1
546,46,1075.24,435.61,83.65,282.22,0.5184,-1,-1,-1
546,49,860.04,433.97,78.25,246.68,0.7015,-1,-1,-1
546,54,1826.44,472.14,93.02,572.64,0.5890,-1,-1,-1
546,74,1657.63,406.10,192.55,626.34,0.5455,-1,-1,-1
546,83,579.17,452.58,33.43,84.89,0.4173,-1,-1,-1
546,88,655.14,453.21,40.03,115.12,0.5902,-1,-1,-1
546,91,712.75,448.06,30.28,97.46,0.5188,-1,-1,-1
546,42,1124.74,453.56,64.95,227.22,0.3780,-1,-1,-1
547,3,1823.30,486.45,96.09,590.06,0.6470,-1,-1,-1
547,23,1541.64,408.32,213.84,655.36,0.6407,-1,-1,-1
547,40,934.74,429.36,118.83,276.82,0.6846,-1,-1,-1
547,46,1082.75,434.40,74.86,286.07,0.3444,-1,-1,-1
547,49,867.89,435.44,71.99,244.48,0.6615,-1,-1,-1
547,54,1824.64,490.38,94.70,577.80,0.6470,-1,-1,-1
547,74,1664.06,410.67,189.48,608.37,0.6553,-1,-1,-1
547,83,579.32,452.33,33.71,85.25,0.4714,-1,-1,-1
547,88,654.19,454.27,39.92,113.11,0.6225,-1,-1,-1
547,91,713.17,448.27,29.63,97.00,0.5014,-1,-1,-1
547,94,544.45,449.11,30.56,87.24,0.3808,-1,-1,-1
547,42,1105.30,441.13,79.86,254.87,0.4569,-1,-1,-1
548,3,1829.67,461.42,89.58,618.57,0.5218,-1,-1,-1
548,23,1548.32,408.45,198.86,659.84,0.7219,-1,-1,-1
548,40,937.21,427.73,117.93,277.80,0.6610,-1,-1,-1
548,46,1090.42,433.36,88.29,279.64,0.4719,-1,-1,-1
548,49,871.50,435.09,70.30,242.80,0.6327,-1,-1,-1
548,54,1829.79,463.41,89.45,614.79,0.5218,-1,-1,-1
548,74,1668.52,411.62,191.05,602.64,0.7376,-1,-1,-1
548,83,579.88,453.64,33.73,83.53,0.4925,-1,-1,-1
548,88,653.67,454.05,37.92,112.39,0.6776,-1,-1,-1
548,91,713.85,448.42,28.87,96.80,0.4948,-1,-1,-1
548,94,545.30,449.66,31.30,86.69,0.4360,-1,-1,-1
548,42,1096.05,435.69,89.99,269.40,0.4719,-1,-1,-1
549,23,1551.25,408.47,196.90,656.46,0.7545,-1,-1,-1
549,40,943.90,425.97,111.51,278.23,0.6543,-1,-1,-1
549,46,1087.07,437.02,86.73,281.35,0.4023,-1,-1,-1
549,49,874.86,436.81,71.44,243.33,0.6224,-1,-1,-1
549,74,1675.95,413.09,188.46,600.88,0.7197,-1,-1,-1
549,83,580.14,452.14,33.85,85.20,0.4402,-1,-1,-1
549,88,652.43,454.48,38.51,110.56,0.6691,-1,-1,-1
549,91,714.44,448.40,29.11,96.85,0.5576,-1,-1,-1
549,94,545.95,447.90,31.64,87.90,0.4116,-1,-1,-1
549,42,1086.49,437.38,89.20,279.15,0.4023,-1,-1,-1
550,23,1553.26,409.06,195.28,655.75,0.7738,-1,-1,-1
550,40,953.67,419.95,106.38,282.68,0.6233,-1,-1,-1
550,46,1080.81,436.01,105.36,281.94,0.4618,-1,-1,-1
550,49,876.70,437.60,76.21,243.66,0.6221,-1,-1,-1
550,74,1683.94,407.88,191.63,609.92,0.7347,-1,-1,-1
550,83,580.62,453.09,33.25,84.18,0.4525,-1,-1,-1
550,88,652.58,455.01,37.60,109.13,0.6713,-1,-1,-1
550,91,714.72,449.88,31.26,96.01,0.5147,-1,-1,-1
550,94,546.70,448.02,31.63,87.51,0.4030,-1,-1,-1
550,42,1078.44,435.81,106.61,282.84,0.4618,-1,-1,-1
551,23,1555.89,409.69,199.02,658.71,0.7708,-1,-1,-1
551,40,961.57,414.89,99.99,286.23,0.6155,-1,-1,-1
551,46,1072.45,437.52,120.62,279.88,0.5124,-1,-1,-1
551,49,879.11,435.73,76.34,246.62,0.6451,-1,-1,-1
551,74,1690.61,404.98,192.54,610.55,0.7086,-1,-1,-1
551,83,580.81,453.72,33.04,83.56,0.5146,-1,-1,-1
551,88,651.99,455.62,37.97,108.02,0.6462,-1,-1,-1
551,91,714.38,449.82,32.24,96.01,0.5345,-1,-1,-1
551,94,547.63,447.84,31.17,87.61,0.4031,-1,-1,-1
551,42,1069.24,437.07,121.73,281.89,0.5124,-1,-1,-1
552,23,1557.99,409.82,207.52,665.24,0.8022,-1,-1,-1
552,40,970.85,416.19,88.91,282.45,0.6094,-1,-1,-1
552,46,1079.36,436.85,120.76,283.01,0.5011,-1,-1,-1
552,49,884.57,433.35,75.44,250.07,0.6798,-1,-1,-1
552,74,1696.82,404.29,190.84,609.61,0.7361,-1,-1,-1
552,83,580.63,452.83,33.36,84.42,0.5238,-1,-1,-1
552,88,650.75,455.48,40.70,109.04,0.6134,-1,-1,-1
552,91,714.83,449.68,32.77,96.26,0.5946,-1,-1,-1
552,94,547.66,445.95,31.35,89.12,0.4410,-1,-1,-1
552,42,1075.62,436.39,122.07,285.16,0.5011,-1,-1,-1
553,23,1560.73,409.36,212.13,666.60,0.7906,-1,-1,-1
553,40,984.19,418.74,78.46,276.86,0.6988,-1,-1,-1
553,46,1084.50,436.72,111.78,284.25,0.4999,-1,-1,-1
553,49,887.05,433.06,81.27,249.99,0.7232,-1,-1,-1
553,74,1702.04,403.49,196.50,614.75,0.6788,-1,-1,-1
553,83,580.30,452.59,33.82,84.93,0.5200,-1,-1,-1
553,88,649.57,455.23,42.19,109.84,0.5780,-1,-1,-1
553,91,715.46,449.05,34.04,96.24,0.5777,-1,-1,-1
553,94,547.43,445.51,30.88,90.05,0.4168,-1,-1,-1
553,42,1080.94,436.27,113.26,286.36,0.4999,-1,-1,-1
554,23,1561.61,409.70,272.34,662.36,0.5397,-1,-1,-1
554,40,988.71,415.02,78.75,284.71,0.6596,-1,-1,-1
554,46,1109.60,438.06,93.03,265.69,0.3419,-1,-1,-1
554,49,887.94,431.94,86.54,251.31,0.7367,-1,-1,-1
554,83,580.60,449.96,33.47,87.45,0.5266,-1,-1,-1
554,88,647.46,455.29,41.53,109.51,0.4870,-1,-1,-1
554,91,715.29,448.46,33.63,95.75,0.5863,-1,-1,-1
554,94,546.87,444.49,30.45,91.33,0.4496,-1,-1,-1
554,42,1078.45,435.38,121.13,287.30,0.5786,-1,-1,-1
555,23,1562.34,408.87,264.29,661.84,0.6170,-1,-1,-1
555,40,993.66,412.04,78.28,287.62,0.6792,-1,-1,-1
555,46,1088.55,435.18,116.59,279.85,0.5959,-1,-1,-1
555,49,888.06,431.91,88.45,251.45,0.7329,-1,-1,-1
555,83,580.90,447.63,33.61,89.76,0.5431,-1,-1,-1
555,88,645.92,456.32,41.36,107.74,0.4913,-1,-1,-1
555,91,714.43,446.64,33.74,98.16,0.5748,-1,-1,-1
555,94,546.43,444.00,31.64,91.97,0.4764,-1,-1,-1
555,42,1077.02,434.06,126.07,288.57,0.5959,-1,-1,-1
555,74,1712.91,402.04,199.96,633.71,0.4130,-1,-1,-1
556,23,1561.84,407.20,270.52,660.79,0.5708,-1,-1,-1
556,40,999.84,411.23,80.20,288.18,0.7243,-1,-1,-1
556,46,1089.15,435.77,119.11,282.71,0.7182,-1,-1,-1
556,49,889.14,432.88,87.84,251.17,0.7684,-1,-1,-1
556,83,581.39,446.38,33.33,90.87,0.5001,-1,-1,-1
556,88,644.16,457.01,42.16,107.18,0.5159,-1,-1,-1
556,91,714.59,446.28,33.65,99.66,0.5957,-1,-1,-1
556,94,546.31,442.25,32.77,93.65,0.4540,-1,-1,-1
556,42,1083.26,435.17,123.19,286.85,0.7182,-1,-1,-1
557,23,1560.84,407.21,263.48,661.75,0.6845,-1,-1,-1
557,40,996.94,420.63,88.05,275.91,0.6698,-1,-1,-1
557,46,1089.87,437.19,118.48,282.43,0.7479,-1,-1,-1
557,49,890.95,434.73,89.26,249.45,0.7572,-1,-1,-1
557,83,581.06,446.41,33.87,91.27,0.5234,-1,-1,-1
557,88,643.58,457.63,41.66,106.59,0.5424,-1,-1,-1
557,91,714.05,445.96,34.21,101.31,0.6253,-1,-1,-1
557,94,546.02,440.91,33.67,95.92,0.4754,-1,-1,-1
557,42,1086.54,436.81,120.26,284.67,0.7479,-1,-1,-1
558,23,1560.60,405.23,288.91,667.81,0.8044,-1,-1,-1
558,40,991.39,430.68,98.82,265.60,0.7064,-1,-1,-1
558,46,1092.14,437.23,117.27,281.92,0.8019,-1,-1,-1
558,49,892.09,435.80,88.38,248.24,0.7481,-1,-1,-1
558,83,582.87,450.31,32.63,88.77,0.5480,-1,-1,-1
558,88,643.00,459.38,40.94,105.08,0.5469,-1,-1,-1
558,91,712.80,445.32,35.72,102.34,0.6486,-1,-1,-1
558,94,546.36,442.11,34.59,94.80,0.5020,-1,-1,-1
558,42,1089.96,436.96,118.14,283.35,0.8019,-1,-1,-1
559,23,1561.56,405.28,295.17,665.85,0.8004,-1,-1,-1
559,40,992.84,430.92,102.37,265.93,0.6419,-1,-1,-1
559,46,1092.76,434.95,119.82,283.33,0.8026,-1,-1,-1
559,49,891.57,436.81,90.47,247.30,0.7451,-1,-1,-1
559,83,583.74,452.35,32.03,87.08,0.5576,-1,-1,-1
559,88,643.40,461.40,39.93,102.00,0.5365,-1,-1,-1
559,91,712.50,444.91,36.18,102.16,0.6461,-1,-1,-1
559,94,546.49,442.57,34.18,94.55,0.5172,-1,-1,-1
559,42,1091.12,434.73,120.33,284.38,0.8026,-1,-1,-1
559,74,1747.04,400.21,174.06,578.72,0.3956,-1,-1,-1
560,23,1562.05,404.17,305.37,670.46,0.8598,-1,-1,-1
560,40,997.37,424.88,104.48,271.72,0.6795,-1,-1,-1
560,46,1096.91,435.51,116.51,282.13,0.7142,-1,-1,-1
560,49,891.04,435.75,92.44,247.17,0.7592,-1,-1,-1
560,83,584.28,453.51,31.57,86.01,0.5229,-1,-1,-1
560,88,643.25,460.93,37.73,101.15,0.5571,-1,-1,-1
560,91,712.85,444.97,36.02,101.90,0.6330,-1,-1,-1
560,94,547.51,444.91,32.84,92.46,0.5051,-1,-1,-1
560,42,1095.55,435.32,116.87,282.98,0.7142,-1,-1,-1
560,74,1752.67,402.80,168.69,405.75,0.3130,-1,-1,-1
561,23,1565.64,403.06,289.46,669.75,0.7232,-1,-1,-1
561,40,1000.26,423.58,110.23,273.03,0.6982,-1,-1,-1
561,46,1101.39,436.76,111.59,278.74,0.6600,-1,-1,-1
561,49,900.01,435.54,88.66,246.59,0.6559,-1,-1,-1
561,83,584.45,453.06,31.79,85.90,0.4891,-1,-1,-1
561,88,642.45,458.76,36.32,102.88,0.5436,-1,-1,-1
561,91,712.21,445.75,37.13,101.74,0.6252,-1,-1,-1
561,94,548.52,442.66,32.18,94.55,0.5227,-1,-1,-1
561,42,1100.25,436.60,111.86,279.47,0.6600,-1,-1,-1
561,74,1749.33,399.30,171.75,513.44,0.3759,-1,-1,-1
562,23,1569.20,404.83,301.41,669.58,0.8117,-1,-1,-1
562,40,1000.91,419.60,112.60,276.68,0.6649,-1,-1,-1
562,46,1105.38,438.22,113.41,277.85,0.7008,-1,-1,-1
562,49,908.40,435.02,84.34,246.02,0.6977,-1,-1,-1
562,83,584.42,452.45,31.84,87.04,0.4987,-1,-1,-1
562,88,642.75,458.51,35.45,102.68,0.5043,-1,-1,-1
562,91,713.78,448.24,35.95,99.10,0.5756,-1,-1,-1
562,94,548.74,441.26,33.37,95.98,0.4866,-1,-1,-1
562,42,1104.42,438.08,113.62,278.47,0.7008,-1,-1,-1
562,74,1758.05,397.71,162.91,556.71,0.3114,-1,-1,-1
563,23,1573.53,405.07,316.29,669.84,0.8042,-1,-1,-1
563,40,1000.08,419.26,117.59,277.09,0.6621,-1,-1,-1
563,46,1109.91,439.53,111.50,275.25,0.6916,-1,-1,-1
563,49,911.74,434.17,83.58,248.69,0.7009,-1,-1,-1
563,83,584.36,452.96,32.54,86.60,0.4489,-1,-1,-1
563,88,642.12,457.96,34.46,102.83,0.5253,-1,-1,-1
563,91,714.39,448.97,36.89,98.69,0.5296,-1,-1,-1
563,94,548.69,441.07,34.46,95.48,0.4629,-1,-1,-1
563,42,1109.06,439.41,111.68,275.79,0.6916,-1,-1,-1
563,74,1765.94,394.00,154.89,548.35,0.3416,-1,-1,-1
564,23,1580.78,402.70,325.41,669.49,0.8679,-1,-1,-1
564,40,1002.47,425.43,117.69,269.93,0.6411,-1,-1,-1
564,46,1113.01,435.69,112.49,277.50,0.7004,-1,-1,-1
564,49,915.08,431.66,82.71,250.23,0.6336,-1,-1,-1
564,83,584.60,454.27,32.23,84.21,0.3943,-1,-1,-1
564,88,641.97,457.39,34.72,103.60,0.4944,-1,-1,-1
564,91,715.47,448.98,36.04,98.42,0.5203,-1,-1,-1
564,94,548.53,441.59,34.82,94.68,0.3780,-1,-1,-1
564,42,1112.27,435.59,112.65,277.97,0.7004,-1,-1,-1
564,74,1780.58,398.28,140.10,494.75,0.4057,-1,-1,-1
565,23,1587.27,400.44,313.88,668.31,0.7039,-1,-1,-1
565,40,1000.94,429.69,122.11,265.10,0.6373,-1,-1,-1
565,46,1117.36,433.20,111.09,279.13,0.6435,-1,-1,-1
565,49,920.06,433.14,79.90,245.86,0.6351,-1,-1,-1
565,83,584.74,455.24,32.32,83.03,0.3990,-1,-1,-1
565,88,641.84,456.48,35.33,104.49,0.5474,-1,-1,-1
565,91,716.22,449.12,35.69,97.45,0.5562,-1,-1,-1
565,94,548.43,441.79,34.38,94.28,0.4263,-1,-1,-1
565,42,1116.71,433.11,111.23,279.54,0.6435,-1,-1,-1
565,74,1783.63,393.55,136.53,615.13,0.6217,-1,-1,-1
566,23,1601.30,399.32,306.31,670.55,0.7344,-1,-1,-1
566,40,1003.99,435.15,122.30,261.22,0.6650,-1,-1,-1
566,46,1123.88,433.03,107.73,281.44,0.5411,-1,-1,-1
566,49,927.30,432.08,84.35,242.71,0.5396,-1,-1,-1
566,83,585.02,455.59,32.49,83.05,0.4354,-1,-1,-1
566,88,641.47,454.78,35.59,106.52,0.5225,-1,-1,-1
566,91,716.96,449.53,35.49,97.06,0.5434,-1,-1,-1
566,94,548.60,442.22,34.09,93.84,0.4298,-1,-1,-1
566,42,1123.31,432.95,107.84,281.81,0.5411,-1,-1,-1
566,74,1790.80,392.17,129.30,648.58,0.6378,-1,-1,-1
567,23,1620.91,399.81,289.12,669.19,0.8356,-1,-1,-1
567,40,1005.48,440.52,126.33,257.12,0.6882,-1,-1,-1
567,46,1124.38,431.49,109.34,283.51,0.6361,-1,-1,-1
567,49,932.10,430.32,84.20,242.47,0.5117,-1,-1,-1
567,83,585.40,455.76,32.28,82.72,0.4653,-1,-1,-1
567,88,641.18,454.60,34.58,106.47,0.4858,-1,-1,-1
567,91,717.73,449.23,35.43,97.72,0.5406,-1,-1,-1
567,94,548.84,442.33,33.76,93.88,0.4384,-1,-1,-1
567,42,1123.89,431.42,109.44,283.83,0.6361,-1,-1,-1
567,74,1797.39,396.38,122.81,645.35,0.6306,-1,-1,-1
568,23,1642.86,400.42,267.92,668.89,0.8225,-1,-1,-1
568,40,1004.98,432.34,136.11,267.06,0.6910,-1,-1,-1
568,46,1129.24,430.63,108.50,282.50,0.6108,-1,-1,-1
568,49,940.81,431.54,78.48,241.38,0.5363,-1,-1,-1
568,83,585.90,456.06,32.13,84.15,0.4904,-1,-1,-1
568,88,641.14,455.61,32.80,105.00,0.4808,-1,-1,-1
568,91,718.15,448.60,36.95,99.14,0.5152,-1,-1,-1
568,94,548.48,441.04,35.16,95.84,0.4365,-1,-1,-1
568,42,1128.80,430.56,108.59,282.79,0.6108,-1,-1,-1
568,74,1801.54,401.16,118.49,656.95,0.6111,-1,-1,-1
569,23,1655.67,400.59,243.31,671.74,0.8117,-1,-1,-1
569,40,1006.28,432.80,139.03,267.39,0.7162,-1,-1,-1
569,46,1132.07,431.28,109.84,281.36,0.5301,-1,-1,-1
569,49,943.09,434.74,79.29,234.25,0.6690,-1,-1,-1
569,83,586.21,455.87,32.25,85.26,0.5297,-1,-1,-1
569,88,641.22,455.46,33.26,104.56,0.5249,-1,-1,-1
569,91,718.35,448.45,37.18,99.84,0.5258,-1,-1,-1
569,94,548.49,442.21,35.49,95.47,0.4209,-1,-1,-1
569,42,1131.69,431.23,109.92,281.61,0.5301,-1,-1,-1
569,74,1800.79,407.61,119.03,653.68,0.4546,-1,-1,-1
570,23,1662.75,402.01,236.25,670.24,0.7783,-1,-1,-1
570,40,1007.02,433.08,138.90,267.38,0.7111,-1,-1,-1
570,46,1135.15,433.30,116.36,280.25,0.6419,-1,-1,-1
570,49,944.34,434.75,81.59,234.19,0.7113,-1,-1,-1
570,83,586.59,455.87,31.79,85.59,0.5236,-1,-1,-1
570,88,640.00,455.26,32.42,104.45,0.5114,-1,-1,-1
570,91,718.10,447.06,37.76,102.07,0.5572,-1,-1,-1
570,94,548.87,442.70,35.62,95.84,0.4398,-1,-1,-1
570,42,1134.81,433.25,116.43,280.48,0.6419,-1,-1,-1
571,23,1667.91,401.56,246.65,671.38,0.8659,-1,-1,-1
571,40,1010.39,428.26,134.58,270.92,0.7018,-1,-1,-1
571,46,1142.82,432.32,126.73,281.48,0.5986,-1,-1,-1
571,49,947.22,435.06,80.37,239.34,0.6902,-1,-1,-1
571,83,586.78,455.89,31.62,85.95,0.5250,-1,-1,-1
571,88,638.88,456.22,30.84,104.23,0.4923,-1,-1,-1
571,91,717.58,445.95,39.06,102.77,0.6080,-1,-1,-1
571,94,549.45,447.24,35.94,91.85,0.4299,-1,-1,-1
571,42,1142.51,432.28,126.79,281.68,0.5986,-1,-1,-1
572,23,1672.07,401.98,247.00,670.88,0.8700,-1,-1,-1
572,40,1012.31,430.75,131.43,268.13,0.6877,-1,-1,-1
572,46,1145.01,433.06,133.41,281.83,0.7603,-1,-1,-1
572,49,948.94,435.72,80.45,239.86,0.6855,-1,-1,-1
572,83,586.90,452.78,31.95,89.14,0.4942,-1,-1,-1
572,88,637.73,456.70,31.94,103.01,0.5209,-1,-1,-1
572,91,717.54,444.87,40.03,104.46,0.6252,-1,-1,-1
572,94,549.44,442.20,37.15,97.40,0.4578,-1,-1,-1
572,42,1144.72,433.03,133.47,282.00,0.7603,-1,-1,-1
573,23,1676.16,402.42,244.87,668.95,0.8860,-1,-1,-1
573,40,1015.99,430.47,126.47,266.04,0.6445,-1,-1,-1
573,46,1149.82,435.86,137.10,279.29,0.7015,-1,-1,-1
573,49,945.74,434.80,89.61,242.48,0.6388,-1,-1,-1
573,83,585.88,453.32,32.21,88.94,0.4887,-1,-1,-1
573,88,636.82,456.76,30.81,102.63,0.5582,-1,-1,-1
573,91,718.11,445.13,40.27,104.81,0.5689,-1,-1,-1
573,94,550.41,449.14,35.46,90.91,0.4049,-1,-1,-1
573,42,1149.56,435.83,137.16,279.44,0.7015,-1,-1,-1
573,95,1110.38,430.43,47.46,146.14,0.3487,-1,-1,-1
574,23,1676.88,399.70,244.79,673.99,0.9003,-1,-1,-1
574,40,1029.17,432.47,112.94,263.62,0.5440,-1,-1,-1
574,46,1150.98,437.48,141.01,278.07,0.7346,-1,-1,-1
574,49,951.26,434.88,101.61,247.70,0.6146,-1,-1,-1
574,83,585.03,454.63,33.04,88.17,0.3407,-1,-1,-1
574,88,636.33,457.08,30.36,101.63,0.5462,-1,-1,-1
574,91,718.04,445.05,40.72,105.23,0.5538,-1,-1,-1
574,94,550.26,450.25,35.73,89.15,0.3871,-1,-1,-1
574,42,1150.74,437.45,141.06,278.21,0.7346,-1,-1,-1
574,95,1112.00,428.41,45.80,149.10,0.3575,-1,-1,-1
574,96,1836.20,429.96,83.62,250.88,0.3402,-1,-1,-1
575,23,1677.13,398.28,244.59,676.30,0.9046,-1,-1,-1
575,40,1037.02,427.76,104.41,268.59,0.5020,-1,-1,-1
575,46,1154.55,438.85,139.87,276.92,0.7004,-1,-1,-1
575,49,955.05,434.56,106.20,248.34,0.5753,-1,-1,-1
575,83,584.71,454.29,33.63,88.70,0.4281,-1,-1,-1
575,88,635.60,456.31,30.54,102.23,0.5654,-1,-1,-1
575,91,718.04,445.35,40.60,104.80,0.5796,-1,-1,-1
575,94,550.50,450.12,35.21,88.76,0.3539,-1,-1,-1
575,42,1154.34,438.82,139.92,277.04,0.7004,-1,-1,-1
575,96,1843.69,430.91,76.15,239.75,0.3096,-1,-1,-1
576,23,1676.27,397.46,245.14,677.19,0.8990,-1,-1,-1
576,40,1041.50,426.93,99.53,269.20,0.6168,-1,-1,-1
576,46,1157.70,438.16,138.20,277.55,0.7311,-1,-1,-1
576,49,956.45,434.20,111.14,248.34,0.6241,-1,-1,-1
576,83,585.31,454.22,33.19,88.79,0.4249,-1,-1,-1
576,88,634.33,456.11,32.67,102.04,0.5207,-1,-1,-1
576,91,719.16,445.97,39.52,104.71,0.6061,-1,-1,-1
576,42,1157.51,438.14,138.24,277.66,0.7311,-1,-1,-1
576,96,1854.41,431.44,65.42,220.67,0.4445,-1,-1,-1
577,23,1675.44,398.38,245.62,676.70,0.9090,-1,-1,-1
577,40,1048.28,424.39,92.45,270.76,0.6272,-1,-1,-1
577,46,1157.71,436.89,138.42,278.68,0.7445,-1,-1,-1
577,49,957.89,434.05,112.01,247.23,0.6657,-1,-1,-1
577,83,585.16,453.07,33.52,90.35,0.3974,-1,-1,-1
577,88,633.39,453.55,33.27,105.26,0.5255,-1,-1,-1
577,91,719.67,446.87,38.93,104.32,0.5856,-1,-1,-1
577,42,1157.54,436.87,138.46,278.77,0.7445,-1,-1,-1
578,23,1673.91,399.07,246.81,676.64,0.9063,-1,-1,-1
578,40,1051.53,426.69,88.89,266.91,0.6190,-1,-1,-1
578,46,1159.17,434.55,134.18,280.39,0.7293,-1,-1,-1
578,49,958.82,438.64,104.17,237.50,0.7227,-1,-1,-1
578,83,584.42,451.77,34.31,92.09,0.3743,-1,-1,-1
578,88,632.91,450.11,33.20,108.35,0.6220,-1,-1,-1
578,91,719.74,445.89,38.83,104.21,0.6293,-1,-1,-1
578,42,1159.02,434.53,134.21,280.47,0.7293,-1,-1,-1
579,23,1673.36,400.32,247.27,676.10,0.8991,-1,-1,-1
579,40,1055.65,431.65,86.07,262.89,0.6592,-1,-1,-1
579,46,1159.86,434.92,132.49,279.22,0.6916,-1,-1,-1
579,49,959.08,439.48,102.36,234.40,0.7531,-1,-1,-1
579,83,583.85,449.28,32.67,93.06,0.3514,-1,-1,-1
579,88,632.40,448.49,33.06,110.02,0.5776,-1,-1,-1
579,91,720.35,446.80,38.59,104.20,0.5932,-1,-1,-1
579,42,1159.73,434.91,132.52,279.29,0.6916,-1,-1,-1
580,23,1673.19,401.90,247.20,675.05,0.9084,-1,-1,-1
580,40,1054.37,436.83,88.54,257.79,0.6683,-1,-1,-1
580,46,1158.89,440.11,133.70,275.13,0.7503,-1,-1,-1
580,49,959.68,437.47,102.10,236.77,0.7575,-1,-1,-1
580,83,584.44,448.79,31.50,92.74,0.3529,-1,-1,-1
580,88,631.03,449.34,35.58,109.15,0.5582,-1,-1,-1
580,91,720.76,446.96,38.31,104.76,0.5716,-1,-1,-1
580,42,1158.78,440.10,133.72,275.19,0.7503,-1,-1,-1
580,94,549.67,441.42,38.38,96.78,0.3505,-1,-1,-1
581,23,1673.09,402.43,247.13,674.86,0.9082,-1,-1,-1
581,40,1055.80,438.78,92.54,256.19,0.6866,-1,-1,-1
581,46,1159.78,440.43,134.76,275.99,0.6988,-1,-1,-1
581,49,959.67,435.68,102.87,237.53,0.7611,-1,-1,-1
581,83,584.52,447.51,33.34,95.41,0.3908,-1,-1,-1
581,88,630.68,452.66,36.40,105.57,0.5503,-1,-1,-1
581,91,721.01,447.19,38.35,104.24,0.5022,-1,-1,-1
581,42,1159.68,440.42,134.78,276.05,0.6988,-1,-1,-1
581,94,549.08,436.60,40.33,101.84,0.3654,-1,-1,-1
582,23,1673.27,402.09,246.80,676.10,0.9088,-1,-1,-1
582,40,1065.50,438.17,86.93,260.56,0.6234,-1,-1,-1
582,46,1180.62,439.64,117.03,275.52,0.6912,-1,-1,-1
582,49,957.95,435.77,109.86,236.85,0.7487,-1,-1,-1
582,83,584.45,446.89,33.95,96.23,0.4203,-1,-1,-1
582,88,631.21,453.04,34.67,105.08,0.5111,-1,-1,-1
582,91,721.50,447.84,37.86,103.44,0.4971,-1,-1,-1
582,42,1180.53,439.63,117.05,275.57,0.6912,-1,-1,-1
582,94,548.58,435.61,40.04,102.48,0.3783,-1,-1,-1
583,23,1674.25,399.43,245.63,679.06,0.9097,-1,-1,-1
583,40,1076.67,434.51,78.72,263.64,0.6309,-1,-1,-1
583,46,1192.88,439.76,107.21,274.32,0.7225,-1,-1,-1
583,49,962.43,436.04,108.75,235.85,0.7285,-1,-1,-1
583,83,584.43,447.96,33.90,95.32,0.4673,-1,-1,-1
583,88,631.06,453.66,34.19,104.45,0.4540,-1,-1,-1
583,91,721.22,446.66,38.76,103.63,0.5274,-1,-1,-1
583,42,1192.81,439.76,107.23,274.37,0.7225,-1,-1,-1
583,94,549.19,438.18,38.92,99.65,0.4176,-1,-1,-1
584,23,1675.99,395.70,243.85,682.03,0.9116,-1,-1,-1
584,40,1083.98,435.46,75.52,261.72,0.6624,-1,-1,-1
584,46,1201.79,440.62,99.99,271.93,0.7220,-1,-1,-1
584,49,966.15,436.75,107.38,235.98,0.7420,-1,-1,-1
584,83,584.81,447.80,33.56,95.72,0.4720,-1,-1,-1
584,88,630.49,454.94,35.13,103.32,0.4307,-1,-1,-1
584,91,722.00,447.19,37.97,104.17,0.5305,-1,-1,-1
584,42,1201.73,440.61,100.00,271.97,0.7220,-1,-1,-1
584,94,550.15,438.65,37.91,99.30,0.3977,-1,-1,-1
585,23,1677.71,394.52,242.18,682.84,0.8981,-1,-1,-1
585,40,1087.79,438.90,74.84,257.22,0.6348,-1,-1,-1
585,46,1204.80,441.08,100.34,267.37,0.7484,-1,-1,-1
585,49,969.31,436.53,105.70,235.66,0.7616,-1,-1,-1
585,83,585.44,447.98,33.23,95.12,0.4598,-1,-1,-1
585,88,628.40,452.07,36.58,105.90,0.3952,-1,-1,-1
585,91,722.81,447.14,37.73,103.47,0.5280,-1,-1,-1
585,42,1204.76,441.08,100.35,267.40,0.7484,-1,-1,-1
585,94,550.23,438.59,38.38,99.42,0.4327,-1,-1,-1
586,23,1681.22,393.19,238.94,683.12,0.8962,-1,-1,-1
586,40,1089.63,436.59,72.96,260.49,0.6900,-1,-1,-1
586,46,1212.27,438.21,100.48,272.17,0.7542,-1,-1,-1
586,49,976.14,440.46,100.82,233.28,0.7689,-1,-1,-1
586,83,585.01,445.39,34.61,98.11,0.4493,-1,-1,-1
586,88,626.95,452.37,37.35,105.36,0.4268,-1,-1,-1
586,91,723.58,445.25,37.77,103.71,0.5442,-1,-1,-1
586,42,1212.23,438.21,100.49,272.20,0.7542,-1,-1,-1
586,94,549.89,439.93,37.78,98.62,0.4356,-1,-1,-1
587,23,1684.95,390.03,235.26,685.58,0.8695,-1,-1,-1
587,40,1090.74,429.96,73.37,267.37,0.7210,-1,-1,-1
587,46,1216.50,434.57,99.58,276.19,0.6136,-1,-1,-1
587,49,981.35,443.45,96.76,228.01,0.7385,-1,-1,-1
587,83,584.61,444.61,35.16,98.67,0.4196,-1,-1,-1
587,88,625.55,452.27,38.25,105.53,0.4829,-1,-1,-1
587,91,724.32,444.39,37.50,104.70,0.5523,-1,-1,-1
587,42,1216.46,434.57,99.59,276.22,0.6136,-1,-1,-1
587,94,550.09,441.00,37.27,98.20,0.4674,-1,-1,-1
587,97,665.19,452.71,32.95,101.25,0.3699,-1,-1,-1
588,23,1692.30,387.60,227.71,687.85,0.8556,-1,-1,-1
588,40,1092.07,423.53,77.98,273.50,0.7357,-1,-1,-1
588,46,1215.35,434.52,102.56,277.66,0.7925,-1,-1,-1
588,49,987.83,445.47,91.13,223.87,0.7004,-1,-1,-1
588,83,584.03,445.45,35.78,98.62,0.4143,-1,-1,-1
588,88,625.25,453.02,36.64,104.51,0.5080,-1,-1,-1
588,91,726.18,442.93,34.90,106.34,0.5568,-1,-1,-1
588,42,1215.32,434.52,102.57,277.68,0.7925,-1,-1,-1
588,94,551.09,445.80,36.17,94.05,0.4326,-1,-1,-1
588,97,664.26,452.05,30.88,104.97,0.3579,-1,-1,-1
589,23,1700.56,390.17,219.23,683.63,0.7503,-1,-1,-1
589,40,1092.99,420.54,86.16,276.31,0.7103,-1,-1,-1
589,46,1216.64,434.78,102.62,277.12,0.7780,-1,-1,-1
589,49,995.83,446.09,85.06,222.89,0.7049,-1,-1,-1
589,83,583.35,446.65,36.76,98.67,0.3779,-1,-1,-1
589,88,624.73,452.02,35.94,105.63,0.5819,-1,-1,-1
589,91,725.06,443.26,36.40,106.26,0.5504,-1,-1,-1
589,42,1216.61,434.78,102.62,277.14,0.7780,-1,-1,-1
589,94,551.00,447.03,36.60,93.55,0.4277,-1,-1,-1
589,97,663.71,450.82,30.94,108.11,0.4620,-1,-1,-1
589,98,1183.72,438.54,58.57,234.73,0.3399,-1,-1,-1
590,23,1711.74,410.19,207.93,663.57,0.7420,-1,-1,-1
590,40,1092.66,426.66,88.05,270.51,0.6573,-1,-1,-1
590,46,1219.82,433.94,101.70,277.47,0.7845,-1,-1,-1
590,49,1005.22,446.98,79.18,221.39,0.7374,-1,-1,-1
590,83,583.94,448.05,36.00,97.89,0.3173,-1,-1,-1
590,88,624.16,450.98,35.26,106.39,0.5152,-1,-1,-1
590,91,726.20,442.78,35.21,106.80,0.5676,-1,-1,-1
590,42,1219.80,433.93,101.70,277.49,0.7845,-1,-1,-1
590,94,551.09,447.64,37.11,92.90,0.3676,-1,-1,-1
590,97,663.51,451.56,31.42,107.96,0.4667,-1,-1,-1
590,98,1184.92,437.68,59.03,238.96,0.3700,-1,-1,-1
591,23,1731.23,461.52,188.36,612.73,0.5598,-1,-1,-1
591,40,1091.52,418.64,92.24,278.04,0.6517,-1,-1,-1
591,46,1222.93,434.36,103.82,276.87,0.7445,-1,-1,-1
591,49,1011.02,444.71,78.28,222.67,0.7132,-1,-1,-1
591,83,585.12,449.46,33.29,94.79,0.3405,-1,-1,-1
591,88,623.99,449.67,34.00,107.88,0.5364,-1,-1,-1
591,91,727.36,442.56,33.59,107.14,0.5751,-1,-1,-1
591,42,1222.91,434.36,103.83,276.89,0.7445,-1,-1,-1
591,94,550.82,445.00,37.56,95.26,0.3387,-1,-1,-1
591,97,663.37,451.71,32.13,108.17,0.5344,-1,-1,-1
591,98,1188.73,435.24,60.36,241.22,0.3291,-1,-1,-1
592,23,1753.22,490.25,166.22,582.56,0.6784,-1,-1,-1
592,40,1091.43,416.83,102.14,279.73,0.6761,-1,-1,-1
592,46,1226.53,436.86,108.14,274.46,0.7288,-1,-1,-1
592,49,1013.09,443.91,77.60,222.07,0.7364,-1,-1,-1
592,83,585.51,450.16,32.22,93.45,0.3120,-1,-1,-1
592,88,623.99,449.03,34.47,108.88,0.5153,-1,-1,-1
592,91,728.11,443.13,32.30,107.00,0.5665,-1,-1,-1
592,42,1226.51,436.85,108.14,274.47,0.7288,-1,-1,-1
592,94,550.03,444.31,38.55,95.41,0.3230,-1,-1,-1
592,97,662.63,452.01,33.08,108.12,0.5617,-1,-1,-1
593,23,1777.07,500.19,142.38,572.95,0.3894,-1,-1,-1
593,40,1092.14,413.44,101.35,282.94,0.6917,-1,-1,-1
593,46,1230.95,439.26,110.44,273.65,0.7525,-1,-1,-1
593,49,1014.58,439.82,79.30,226.25,0.6584,-1,-1,-1
593,83,584.39,450.86,32.35,91.29,0.3165,-1,-1,-1
593,88,623.21,449.23,35.85,108.57,0.4954,-1,-1,-1
593,91,728.29,443.40,32.74,107.39,0.5412,-1,-1,-1
593,42,1230.93,439.26,110.45,273.66,0.7525,-1,-1,-1
593,94,550.60,446.38,35.77,93.13,0.3091,-1,-1,-1
593,97,661.67,451.85,33.90,108.18,0.5480,-1,-1,-1
594,23,1809.96,520.45,109.49,557.23,0.3174,-1,-1,-1
594,40,1092.25,412.56,101.78,285.31,0.6997,-1,-1,-1
594,46,1234.35,441.87,112.76,270.79,0.7833,-1,-1,-1
594,49,1020.66,436.68,76.87,228.98,0.6272,-1,-1,-1
594,83,584.08,451.35,32.39,90.54,0.3223,-1,-1,-1
594,88,622.89,448.76,36.21,107.98,0.5040,-1,-1,-1
594,91,726.99,444.59,35.69,106.73,0.5126,-1,-1,-1
594,42,1234.33,441.87,112.76,270.81,0.7833,-1,-1,-1
594,94,549.70,447.97,36.68,91.39,0.3501,-1,-1,-1
594,97,660.47,451.54,35.15,108.98,0.5314,-1,-1,-1
594,98,1191.16,437.85,76.07,241.07,0.3647,-1,-1,-1
595,40,1094.27,413.64,101.15,283.20,0.7179,-1,-1,-1
595,46,1239.41,439.17,112.20,273.26,0.8187,-1,-1,-1
595,49,1023.15,436.19,76.04,228.81,0.6711,-1,-1,-1
595,88,622.52,449.17,36.98,106.85,0.5525,-1,-1,-1
595,91,728.52,444.08,33.43,106.69,0.5410,-1,-1,-1
595,42,1239.39,439.17,112.20,273.27,0.8187,-1,-1,-1
595,97,660.49,452.31,35.15,108.53,0.4744,-1,-1,-1
595,98,1189.92,440.89,75.91,238.70,0.4697,-1,-1,-1
596,40,1095.80,418.95,100.45,278.89,0.7373,-1,-1,-1
596,46,1242.53,437.42,112.91,275.32,0.8095,-1,-1,-1
596,49,1024.88,440.07,76.57,224.72,0.7102,-1,-1,-1
596,88,623.04,450.08,36.94,104.91,0.5693,-1,-1,-1
596,91,727.06,445.13,35.88,105.55,0.5615,-1,-1,-1
596,42,1242.52,437.42,112.91,275.32,0.8095,-1,-1,-1
596,97,660.73,453.75,35.18,107.11,0.4561,-1,-1,-1
596,98,1190.69,442.22,76.74,238.43,0.5269,-1,-1,-1
597,40,1097.54,422.10,98.43,275.91,0.7591,-1,-1,-1
597,46,1244.55,437.64,113.12,275.69,0.8033,-1,-1,-1
597,49,1026.35,441.77,76.62,223.90,0.7389,-1,-1,-1
597,88,623.71,451.70,35.49,103.25,0.5128,-1,-1,-1
597,91,726.23,445.09,37.58,106.47,0.6070,-1,-1,-1
597,42,1244.54,437.63,113.13,275.69,0.8033,-1,-1,-1
597,97,659.81,453.97,37.76,106.94,0.4251,-1,-1,-1
597,98,1191.35,455.32,77.32,226.75,0.5317,-1,-1,-1
598,40,1099.10,427.41,98.03,270.22,0.7212,-1,-1,-1
598,46,1248.06,437.69,111.21,275.57,0.8136,-1,-1,-1
598,49,1026.51,441.73,79.37,224.42,0.7391,-1,-1,-1
598,88,624.44,453.12,33.67,101.77,0.4817,-1,-1,-1
598,91,725.89,445.40,38.54,107.39,0.5875,-1,-1,-1
598,42,1248.05,437.69,111.22,275.58,0.8136,-1,-1,-1
598,97,659.04,455.67,37.11,105.20,0.4315,-1,-1,-1
598,98,1193.05,452.40,77.04,230.30,0.5217,-1,-1,-1
598,83,584.07,451.60,32.23,89.31,0.3397,-1,-1,-1
598,94,550.27,449.45,34.89,90.33,0.3664,-1,-1,-1
599,40,1101.66,430.55,97.22,265.59,0.7001,-1,-1,-1
599,46,1252.34,437.24,107.72,275.81,0.7811,-1,-1,-1
599,49,1027.55,442.21,85.05,224.69,0.7390,-1,-1,-1
599,88,624.64,454.24,33.48,100.86,0.4792,-1,-1,-1
599,91,726.42,445.89,37.76,106.52,0.5702,-1,-1,-1
599,42,1252.33,437.23,107.73,275.82,0.7811,-1,-1,-1
599,97,657.73,455.06,39.46,105.90,0.4082,-1,-1,-1
599,98,1191.39,444.08,79.30,238.72,0.5727,-1,-1,-1
599,100,378.25,467.31,47.76,109.13,0.3767,-1,-1,-1
599,83,583.64,452.56,33.72,90.47,0.3280,-1,-1,-1
599,94,551.23,449.05,33.39,90.90,0.3356,-1,-1,-1
600,40,1106.74,431.04,94.14,263.56,0.7026,-1,-1,-1
600,46,1256.30,437.17,104.88,275.83,0.8178,-1,-1,-1
600,49,1028.49,441.86,88.08,223.94,0.7547,-1,-1,-1
600,88,624.88,454.95,33.13,100.85,0.5052,-1,-1,-1
600,91,726.48,444.66,37.21,108.09,0.5853,-1,-1,-1
600,42,1256.29,437.17,104.88,275.84,0.8178,-1,-1,-1
600,97,657.07,455.60,39.72,105.34,0.3589,-1,-1,-1
600,98,1197.03,447.54,73.69,228.52,0.6025,-1,-1,-1
600,100,378.91,465.15,46.28,111.64,0.3490,-1,-1,-1
600,83,583.37,455.92,32.82,85.83,0.3145,-1,-1,-1
600,94,550.82,451.59,35.93,88.67,0.3185,-1,-1,-1
