1,2,16.00,148.78,74.72,190.82,0.8157,-1,-1,-1
1,1,118.00,157.54,79.99,171.14,0.8483,-1,-1,-1
2,2,18.03,145.04,73.99,194.98,0.8564,-1,-1,-1
2,1,118.11,154.67,82.43,174.85,0.8474,-1,-1,-1
3,2,22.25,136.40,73.96,204.87,0.8291,-1,-1,-1
3,1,125.30,153.65,64.38,177.55,0.7127,-1,-1,-1
4,3,252.54,192.52,25.44,68.49,0.4794,-1,-1,-1
4,2,27.41,144.09,72.50,199.24,0.8195,-1,-1,-1
4,1,129.75,154.35,81.51,179.31,0.8464,-1,-1,-1
5,3,263.99,199.79,22.90,63.74,0.5434,-1,-1,-1
5,2,35.18,139.73,73.38,208.34,0.8696,-1,-1,-1
5,1,135.54,157.35,85.26,180.10,0.8144,-1,-1,-1
6,5,251.01,197.54,22.10,66.49,0.4315,-1,-1,-1
6,4,222.27,197.43,24.84,67.70,0.6153,-1,-1,-1
6,3,269.01,197.76,25.40,66.95,0.5851,-1,-1,-1
6,2,33.48,141.13,79.78,208.89,0.8531,-1,-1,-1
6,1,141.04,154.78,86.84,184.58,0.8337,-1,-1,-1
7,5,257.26,196.16,21.42,61.87,0.6035,-1,-1,-1
7,4,226.07,198.46,25.26,65.83,0.6562,-1,-1,-1
7,3,274.44,199.36,26.26,62.82,0.6750,-1,-1,-1
7,2,39.10,140.46,76.27,209.45,0.8356,-1,-1,-1
7,1,144.28,152.05,87.81,187.61,0.8595,-1,-1,-1
8,5,264.99,198.19,20.34,64.70,0.5559,-1,-1,-1
8,4,234.81,200.26,24.39,65.49,0.6828,-1,-1,-1
8,3,280.74,200.74,26.68,65.42,0.5865,-1,-1,-1
8,2,42.17,140.22,78.57,213.55,0.8246,-1,-1,-1
8,1,152.26,152.72,88.68,190.76,0.8705,-1,-1,-1
9,5,269.82,198.91,22.67,66.64,0.6479,-1,-1,-1
9,4,240.75,203.74,25.04,62.58,0.5643,-1,-1,-1
9,3,288.27,199.47,25.28,66.11,0.7193,-1,-1,-1
9,2,47.47,140.29,77.90,213.27,0.8303,-1,-1,-1
9,1,156.61,151.64,87.55,193.24,0.8672,-1,-1,-1
10,5,278.72,196.60,21.72,67.12,0.4568,-1,-1,-1
10,4,250.61,196.75,25.47,68.86,0.6486,-1,-1,-1
10,3,296.07,201.55,25.54,64.69,0.6356,-1,-1,-1
10,2,48.26,134.85,86.25,221.29,0.8570,-1,-1,-1
10,1,164.69,147.69,87.98,198.30,0.8700,-1,-1,-1
11,11,142.24,195.46,29.63,69.94,0.5643,-1,-1,-1
11,5,285.00,198.00,23.29,67.42,0.6967,-1,-1,-1
11,4,255.50,201.24,21.79,64.13,0.4892,-1,-1,-1
11,3,306.28,201.06,21.45,64.58,0.6470,-1,-1,-1
11,2,54.73,135.50,85.27,221.80,0.8677,-1,-1,-1
11,1,170.95,147.20,88.75,201.14,0.8610,-1,-1,-1
12,11,153.65,198.37,29.97,68.83,0.5754,-1,-1,-1
12,4,269.34,199.55,24.77,68.66,0.6254,-1,-1,-1
12,3,316.22,205.73,22.55,62.62,0.5012,-1,-1,-1
12,2,64.76,130.19,83.61,233.83,0.8809,-1,-1,-1
12,1,181.95,147.81,92.42,205.49,0.8704,-1,-1,-1
13,11,159.03,196.49,30.48,71.15,0.5696,-1,-1,-1
13,5,304.12,204.01,20.63,62.73,0.4759,-1,-1,-1
13,4,275.68,200.24,23.82,68.25,0.5114,-1,-1,-1
13,3,321.07,194.02,25.31,73.79,0.4622,-1,-1,-1
13,2,67.43,142.99,85.98,222.28,0.8562,-1,-1,-1
13,1,183.00,147.34,97.41,209.38,0.8587,-1,-1,-1
14,11,170.77,195.92,29.59,71.31,0.5990,-1,-1,-1
14,5,316.76,201.45,22.06,65.24,0.5774,-1,-1,-1
14,4,287.01,204.24,23.49,62.61,0.5901,-1,-1,-1
14,3,335.03,205.99,21.09,61.90,0.3741,-1,-1,-1
14,2,83.27,127.70,81.05,239.34,0.8714,-1,-1,-1
14,1,198.54,145.06,93.46,212.05,0.8290,-1,-1,-1
15,14,0.09,144.76,42.27,166.74,0.5382,-1,-1,-1
15,11,182.53,197.98,28.53,70.69,0.6605,-1,-1,-1
15,5,326.00,200.19,23.34,67.72,0.5192,-1,-1,-1
15,4,297.35,202.31,22.50,66.95,0.5778,-1,-1,-1
15,3,346.35,205.29,26.82,64.42,0.6198,-1,-1,-1
15,2,85.29,138.89,86.48,232.00,0.8601,-1,-1,-1
15,1,209.88,145.28,95.30,216.21,0.8599,-1,-1,-1
16,14,0.23,143.04,46.79,154.27,0.4313,-1,-1,-1
16,11,185.54,193.32,30.26,71.77,0.6427,-1,-1,-1
16,5,330.81,194.93,24.36,71.16,0.5518,-1,-1,-1
16,4,300.81,198.23,24.15,66.78,0.6870,-1,-1,-1
16,3,352.52,199.41,27.45,67.77,0.5445,-1,-1,-1
16,2,78.11,123.42,96.97,246.71,0.8776,-1,-1,-1
16,1,211.57,144.66,100.15,215.84,0.8453,-1,-1,-1
17,14,0.14,140.90,65.12,148.59,0.3774,-1,-1,-1
17,11,189.15,192.90,28.59,71.69,0.6425,-1,-1,-1
17,5,334.86,195.46,23.16,69.61,0.4475,-1,-1,-1
17,4,306.40,195.80,24.12,69.86,0.5982,-1,-1,-1
17,3,353.60,186.35,25.65,78.20,0.4918,-1,-1,-1
17,2,85.10,124.09,92.81,247.66,0.8981,-1,-1,-1
17,1,213.39,139.66,108.32,223.44,0.7740,-1,-1,-1
18,14,0.11,140.73,47.99,157.31,0.4976,-1,-1,-1
18,11,193.74,195.02,27.42,69.78,0.5469,-1,-1,-1
18,4,312.04,195.09,21.92,71.23,0.7058,-1,-1,-1
18,2,83.47,124.55,97.06,252.59,0.9012,-1,-1,-1
18,1,215.75,137.59,111.30,230.31,0.8571,-1,-1,-1
19,14,0.10,137.70,44.32,157.17,0.3073,-1,-1,-1
19,11,193.96,192.78,29.05,70.09,0.5151,-1,-1,-1
19,4,311.08,192.43,25.54,71.09,0.6220,-1,-1,-1
19,2,81.28,118.62,98.10,257.50,0.9063,-1,-1,-1
19,1,217.42,132.74,112.83,235.01,0.8666,-1,-1,-1
20,11,192.26,187.30,28.85,72.94,0.5811,-1,-1,-1
20,2,76.62,113.00,99.10,265.29,0.9029,-1,-1,-1
20,1,214.28,128.39,113.98,241.08,0.8877,-1,-1,-1
21,16,43.00,186.44,24.71,69.58,0.5717,-1,-1,-1
21,14,0.05,131.95,37.81,165.56,0.5209,-1,-1,-1
21,11,192.25,186.22,27.95,74.55,0.6607,-1,-1,-1
21,2,72.84,107.12,102.23,275.10,0.8987,-1,-1,-1
21,1,213.93,126.38,116.71,247.78,0.8791,-1,-1,-1
22,16,41.68,183.03,28.63,71.11,0.4110,-1,-1,-1
22,14,0.04,128.84,38.12,225.64,0.3496,-1,-1,-1
22,11,194.27,185.84,27.00,73.36,0.3512,-1,-1,-1
22,2,68.14,103.45,105.82,281.00,0.8849,-1,-1,-1
22,1,214.45,122.68,117.92,253.72,0.8830,-1,-1,-1
23,16,50.58,191.46,22.27,67.16,0.3664,-1,-1,-1
23,14,0.00,133.34,39.24,228.85,0.3570,-1,-1,-1
23,11,198.42,190.57,25.85,73.23,0.5796,-1,-1,-1
23,2,68.10,104.66,106.88,290.01,0.8965,-1,-1,-1
23,1,215.09,123.43,118.36,261.29,0.8813,-1,-1,-1
24,17,0.00,133.60,23.48,88.96,0.3390,-1,-1,-1
24,14,0.31,133.16,40.33,164.56,0.4358,-1,-1,-1
24,2,65.07,104.26,111.97,294.78,0.8601,-1,-1,-1
24,1,221.39,121.38,114.77,265.53,0.7986,-1,-1,-1
25,14,0.13,134.22,38.15,170.39,0.3620,-1,-1,-1
25,2,61.22,103.05,116.34,304.21,0.8911,-1,-1,-1
25,1,231.81,120.72,109.30,276.01,0.8810,-1,-1,-1
26,14,0.14,132.76,37.43,171.72,0.3656,-1,-1,-1
26,2,57.57,100.38,118.97,309.60,0.8824,-1,-1,-1
26,1,230.69,116.22,110.18,281.83,0.8712,-1,-1,-1
27,14,0.19,130.48,38.38,169.96,0.4626,-1,-1,-1
27,2,55.26,95.62,121.65,315.96,0.8972,-1,-1,-1
27,1,236.82,112.99,110.48,288.71,0.8808,-1,-1,-1
28,14,0.12,129.84,39.15,170.21,0.3373,-1,-1,-1
28,2,54.28,94.28,123.38,323.27,0.9022,-1,-1,-1
28,1,240.80,111.12,110.19,294.89,0.8850,-1,-1,-1
29,2,51.31,85.89,127.94,339.06,0.8816,-1,-1,-1
29,1,232.61,105.08,124.45,303.34,0.8658,-1,-1,-1
30,14,0.13,125.05,36.65,179.74,0.3055,-1,-1,-1
30,2,47.88,83.84,132.21,345.74,0.8888,-1,-1,-1
30,1,234.42,103.20,124.31,310.31,0.8839,-1,-1,-1
31,19,392.86,175.88,20.94,35.07,0.3311,-1,-1,-1
31,18,142.19,81.16,48.90,171.11,0.4196,-1,-1,-1
31,2,42.23,80.17,140.04,353.66,0.8946,-1,-1,-1
31,1,246.17,98.28,119.45,321.50,0.8791,-1,-1,-1
32,18,147.41,80.02,47.44,177.02,0.5285,-1,-1,-1
32,4,408.28,190.83,25.90,75.44,0.6677,-1,-1,-1
32,2,44.75,77.67,139.67,364.69,0.8790,-1,-1,-1
32,1,254.42,96.54,120.03,332.52,0.8770,-1,-1,-1
33,18,153.36,76.81,46.45,183.01,0.3761,-1,-1,-1
33,9,360.95,186.77,26.99,75.26,0.6282,-1,-1,-1
33,4,418.41,188.93,26.62,75.16,0.6741,-1,-1,-1
33,2,53.85,70.24,137.08,374.54,0.8887,-1,-1,-1
33,1,259.20,89.68,127.62,339.11,0.8614,-1,-1,-1
34,18,158.83,75.04,54.93,179.84,0.5100,-1,-1,-1
34,14,0.13,116.17,28.68,100.75,0.5160,-1,-1,-1
34,9,368.31,186.99,29.79,76.95,0.6829,-1,-1,-1
34,4,425.93,187.47,27.09,79.15,0.6606,-1,-1,-1
34,2,60.38,70.62,140.43,381.34,0.8852,-1,-1,-1
34,1,270.25,88.96,130.60,352.16,0.8579,-1,-1,-1
35,21,410.21,189.36,24.56,76.19,0.4801,-1,-1,-1
35,14,0.14,119.09,37.09,104.41,0.6112,-1,-1,-1
35,9,377.30,189.66,28.10,76.97,0.7057,-1,-1,-1
35,4,434.95,190.55,28.38,78.29,0.6582,-1,-1,-1
35,2,65.83,70.71,139.90,387.11,0.9043,-1,-1,-1
35,1,269.71,88.39,147.57,360.96,0.8551,-1,-1,-1
36,22,420.72,181.39,26.32,83.69,0.4859,-1,-1,-1
36,18,174.66,71.40,55.57,182.91,0.5571,-1,-1,-1
36,9,387.62,189.34,27.58,75.91,0.5829,-1,-1,-1
36,4,447.67,189.76,28.31,77.94,0.6643,-1,-1,-1
36,2,71.90,62.11,145.94,400.47,0.8947,-1,-1,-1
36,1,270.51,80.76,163.25,370.24,0.8937,-1,-1,-1
37,21,425.05,188.28,23.76,77.78,0.3206,-1,-1,-1
37,18,177.53,71.23,53.74,186.12,0.4357,-1,-1,-1
37,9,391.56,189.42,28.38,76.19,0.6551,-1,-1,-1
37,4,452.27,190.29,26.81,78.51,0.6198,-1,-1,-1
37,2,72.20,61.20,148.35,405.58,0.9015,-1,-1,-1
37,1,271.54,78.06,167.84,378.76,0.8907,-1,-1,-1
38,21,430.11,189.79,27.09,78.66,0.5464,-1,-1,-1
38,18,181.03,70.95,57.55,196.30,0.4527,-1,-1,-1
38,9,398.01,194.88,29.04,72.68,0.4971,-1,-1,-1
38,4,456.84,189.65,29.03,80.89,0.7280,-1,-1,-1
38,2,70.66,58.89,153.26,416.20,0.8759,-1,-1,-1
38,1,278.85,76.50,176.55,388.75,0.8878,-1,-1,-1
39,21,434.69,186.90,26.12,78.02,0.5784,-1,-1,-1
39,18,182.56,63.48,57.41,195.58,0.5565,-1,-1,-1
39,9,403.58,195.87,26.71,70.00,0.5584,-1,-1,-1
39,4,460.15,187.37,33.27,82.03,0.6730,-1,-1,-1
39,2,69.38,53.46,158.08,424.70,0.8789,-1,-1,-1
39,1,284.52,70.33,178.43,398.17,0.8903,-1,-1,-1
40,21,438.90,185.93,28.04,82.57,0.5366,-1,-1,-1
40,18,185.35,63.01,55.86,200.51,0.6959,-1,-1,-1
40,9,409.61,199.88,23.29,69.75,0.4664,-1,-1,-1
40,4,465.03,188.42,31.37,83.40,0.7034,-1,-1,-1
40,2,67.65,52.75,162.42,427.25,0.8846,-1,-1,-1
40,1,285.41,65.82,187.17,412.91,0.8876,-1,-1,-1
41,21,440.00,188.56,26.90,79.48,0.5488,-1,-1,-1
41,18,183.08,63.08,57.60,198.71,0.7385,-1,-1,-1
41,17,0.00,114.38,49.47,153.99,0.3847,-1,-1,-1
41,4,468.32,189.00,31.19,46.58,0.6164,-1,-1,-1
41,2,64.01,48.68,166.26,431.32,0.8903,-1,-1,-1
41,1,289.64,63.05,191.42,416.70,0.8832,-1,-1,-1
42,18,177.51,55.40,60.28,209.32,0.6335,-1,-1,-1
42,4,465.11,187.50,33.99,38.64,0.5376,-1,-1,-1
42,2,49.75,41.68,173.68,438.32,0.8915,-1,-1,-1
42,1,283.00,56.10,199.33,423.90,0.8998,-1,-1,-1
43,18,175.18,50.88,58.65,206.80,0.6477,-1,-1,-1
43,11,265.84,186.82,24.77,76.70,0.3263,-1,-1,-1
43,4,463.99,190.29,30.43,31.67,0.5274,-1,-1,-1
43,2,46.89,35.96,174.26,443.94,0.8963,-1,-1,-1
43,1,281.48,53.22,206.08,426.78,0.9045,-1,-1,-1
44,18,174.67,48.49,59.78,212.35,0.6432,-1,-1,-1
44,11,266.53,186.80,26.07,77.78,0.3631,-1,-1,-1
44,2,43.02,30.72,178.19,448.73,0.8976,-1,-1,-1
44,1,280.32,50.45,210.73,429.55,0.9040,-1,-1,-1
45,18,176.05,47.57,61.64,215.55,0.6473,-1,-1,-1
45,17,0.12,99.84,39.38,325.70,0.3612,-1,-1,-1
45,11,267.56,185.81,28.05,77.84,0.4537,-1,-1,-1
45,2,41.68,27.66,178.89,450.68,0.8951,-1,-1,-1
45,1,283.93,46.69,213.79,432.70,0.8964,-1,-1,-1
46,18,174.38,45.26,62.83,218.35,0.6942,-1,-1,-1
46,17,0.23,97.61,37.00,329.64,0.4201,-1,-1,-1
46,2,35.49,19.78,185.22,459.65,0.8835,-1,-1,-1
46,1,277.21,42.80,224.93,437.20,0.9093,-1,-1,-1
47,18,173.95,41.22,61.73,216.84,0.6581,-1,-1,-1
47,17,0.18,93.95,37.26,334.86,0.3056,-1,-1,-1
47,11,269.56,183.33,27.35,79.36,0.3718,-1,-1,-1
47,2,32.48,14.98,186.97,464.03,0.8725,-1,-1,-1
47,1,284.04,38.02,222.66,441.98,0.9064,-1,-1,-1
48,18,176.79,38.41,63.93,223.29,0.6423,-1,-1,-1
48,17,0.06,93.08,40.58,341.20,0.3444,-1,-1,-1
48,2,29.48,11.85,193.43,468.15,0.8635,-1,-1,-1
48,1,289.86,29.61,222.73,449.62,0.8999,-1,-1,-1
49,18,176.26,36.63,65.95,226.81,0.6405,-1,-1,-1
49,14,0.07,93.23,30.97,113.28,0.3330,-1,-1,-1
49,2,26.91,9.92,200.87,466.86,0.8603,-1,-1,-1
49,1,286.49,29.10,230.50,450.90,0.8895,-1,-1,-1
50,18,173.85,34.65,67.06,237.15,0.6501,-1,-1,-1
50,14,0.08,90.33,29.67,117.44,0.5213,-1,-1,-1
50,2,20.07,3.03,204.93,475.56,0.8585,-1,-1,-1
50,1,285.26,22.88,233.39,456.15,0.8995,-1,-1,-1
51,18,174.24,33.53,70.98,238.26,0.7359,-1,-1,-1
51,14,0.07,89.53,30.90,117.92,0.4484,-1,-1,-1
51,2,22.51,1.62,201.03,474.76,0.8588,-1,-1,-1
51,1,285.16,19.72,239.01,459.60,0.9086,-1,-1,-1
52,18,173.37,30.07,71.11,240.08,0.5960,-1,-1,-1
52,14,0.03,87.19,31.20,161.52,0.4839,-1,-1,-1
52,2,16.72,0.71,204.80,477.18,0.8465,-1,-1,-1
52,1,290.78,16.21,238.04,462.54,0.9018,-1,-1,-1
53,18,173.52,28.34,70.36,239.69,0.6310,-1,-1,-1
53,14,0.02,86.41,37.46,162.30,0.3696,-1,-1,-1
53,2,13.20,0.40,211.43,479.17,0.8605,-1,-1,-1
53,1,287.70,14.36,248.92,464.66,0.9044,-1,-1,-1
54,18,173.33,28.62,71.36,240.93,0.5767,-1,-1,-1
54,14,0.07,87.45,36.05,113.84,0.4176,-1,-1,-1
54,2,13.88,1.13,210.79,475.89,0.8424,-1,-1,-1
54,1,290.28,12.61,249.76,467.39,0.9116,-1,-1,-1
55,18,175.39,26.16,71.58,243.86,0.5492,-1,-1,-1
55,14,0.16,86.28,37.05,197.19,0.4514,-1,-1,-1
55,2,11.50,1.17,214.05,478.13,0.8571,-1,-1,-1
55,1,293.97,8.18,256.97,469.28,0.8857,-1,-1,-1
56,18,176.30,24.80,71.44,246.91,0.5892,-1,-1,-1
56,14,0.08,84.20,36.76,166.14,0.4635,-1,-1,-1
56,2,12.59,0.32,215.60,478.22,0.8620,-1,-1,-1
56,1,290.18,5.97,262.33,472.28,0.8458,-1,-1,-1
57,18,176.32,23.06,73.61,289.48,0.6122,-1,-1,-1
57,14,0.08,83.56,35.99,165.79,0.5689,-1,-1,-1
57,2,7.91,1.26,219.95,475.51,0.8577,-1,-1,-1
57,1,300.89,2.85,262.11,476.58,0.9115,-1,-1,-1
58,18,176.06,20.67,76.17,380.43,0.4967,-1,-1,-1
58,14,0.09,83.52,34.58,165.49,0.4868,-1,-1,-1
58,2,8.04,1.23,219.54,475.94,0.8593,-1,-1,-1
58,1,302.03,2.63,264.43,477.37,0.8997,-1,-1,-1
59,18,177.24,20.75,75.82,332.84,0.7052,-1,-1,-1
59,14,0.07,84.46,32.17,163.45,0.4013,-1,-1,-1
59,2,6.17,1.29,222.85,475.99,0.8446,-1,-1,-1
59,1,302.97,1.51,273.80,477.86,0.9035,-1,-1,-1
60,18,174.68,19.07,79.85,407.76,0.5706,-1,-1,-1
60,14,0.17,79.65,29.87,219.38,0.3766,-1,-1,-1
60,2,5.43,0.65,224.83,476.93,0.8185,-1,-1,-1
60,1,303.41,0.10,280.93,477.30,0.9006,-1,-1,-1
61,18,175.40,18.34,78.89,402.83,0.6080,-1,-1,-1
61,14,0.11,80.12,28.50,213.28,0.3825,-1,-1,-1
61,2,2.04,1.41,225.83,475.33,0.8557,-1,-1,-1
61,1,307.59,0.00,284.29,479.07,0.8971,-1,-1,-1
62,18,178.11,16.49,78.71,414.94,0.7275,-1,-1,-1
62,14,0.28,78.47,31.49,226.90,0.4521,-1,-1,-1
62,2,1.77,1.26,225.23,475.73,0.8613,-1,-1,-1
62,1,312.29,0.09,285.94,474.10,0.8306,-1,-1,-1
63,21,565.04,192.85,20.96,51.33,0.3509,-1,-1,-1
63,18,176.92,15.07,80.71,419.13,0.7195,-1,-1,-1
63,14,0.22,75.47,37.56,361.93,0.3738,-1,-1,-1
63,2,0.90,1.57,225.56,475.74,0.7899,-1,-1,-1
63,1,313.11,0.14,286.18,479.86,0.8857,-1,-1,-1
64,18,175.82,15.29,83.41,411.98,0.5741,-1,-1,-1
64,14,0.26,75.39,33.82,383.56,0.3601,-1,-1,-1
64,2,1.26,2.26,227.97,476.16,0.8100,-1,-1,-1
64,1,317.48,0.00,286.51,480.00,0.8756,-1,-1,-1
65,24,501.67,192.99,26.21,76.47,0.6449,-1,-1,-1
65,18,178.09,14.39,83.25,347.89,0.5249,-1,-1,-1
65,14,0.33,74.61,35.30,353.20,0.3513,-1,-1,-1
65,2,0.88,1.54,236.02,474.65,0.7659,-1,-1,-1
65,1,316.99,0.00,288.10,480.00,0.8766,-1,-1,-1
66,25,0.12,78.63,22.01,128.42,0.3764,-1,-1,-1
66,24,502.25,192.04,26.50,76.79,0.6828,-1,-1,-1
66,18,177.44,13.18,85.57,329.65,0.6341,-1,-1,-1
66,14,0.20,74.97,33.52,376.51,0.3685,-1,-1,-1
66,2,0.50,1.45,230.63,472.86,0.8418,-1,-1,-1
66,1,312.45,0.25,293.48,479.75,0.8840,-1,-1,-1
67,24,503.61,192.63,24.53,76.40,0.6499,-1,-1,-1
67,21,574.01,197.39,18.90,41.95,0.4010,-1,-1,-1
67,18,179.92,11.68,83.36,414.36,0.7479,-1,-1,-1
67,14,0.22,75.51,32.07,380.14,0.5351,-1,-1,-1
67,2,0.53,1.30,226.20,476.83,0.8087,-1,-1,-1
67,1,310.63,0.00,300.04,479.79,0.8852,-1,-1,-1
68,24,505.93,192.78,23.09,76.87,0.6044,-1,-1,-1
68,18,178.95,11.22,84.91,432.47,0.6783,-1,-1,-1
68,14,0.15,75.27,33.97,335.59,0.3686,-1,-1,-1
68,2,0.07,3.04,225.50,474.68,0.7490,-1,-1,-1
68,1,316.68,0.51,294.78,479.49,0.8942,-1,-1,-1
69,25,0.12,77.88,22.38,129.64,0.3677,-1,-1,-1
69,24,505.85,193.53,22.11,75.42,0.6366,-1,-1,-1
69,21,576.60,198.02,22.60,50.94,0.3180,-1,-1,-1
69,18,179.10,10.03,85.54,434.09,0.6042,-1,-1,-1
69,14,0.28,73.78,34.54,361.74,0.3951,-1,-1,-1
69,2,0.23,2.97,225.26,475.41,0.7383,-1,-1,-1
69,1,317.89,0.66,292.38,479.34,0.8914,-1,-1,-1
70,26,295.48,176.94,26.65,85.11,0.5261,-1,-1,-1
70,25,0.13,77.69,22.62,128.23,0.3833,-1,-1,-1
70,24,506.31,193.06,22.89,76.00,0.6176,-1,-1,-1
70,21,577.29,194.17,23.98,53.06,0.3084,-1,-1,-1
70,18,183.25,9.34,83.67,423.99,0.8348,-1,-1,-1
70,14,0.27,74.76,34.80,356.37,0.4044,-1,-1,-1
70,2,0.07,1.30,223.14,478.59,0.8236,-1,-1,-1
70,1,317.57,0.53,292.54,479.47,0.8924,-1,-1,-1
71,26,292.86,176.68,28.65,84.63,0.5886,-1,-1,-1
71,25,0.12,78.20,22.56,125.87,0.4384,-1,-1,-1
71,24,506.53,193.28,22.51,74.72,0.5617,-1,-1,-1
71,18,183.93,8.28,84.59,425.11,0.8365,-1,-1,-1
71,14,0.27,74.05,33.69,368.56,0.3859,-1,-1,-1
71,2,0.16,1.35,222.43,478.65,0.8285,-1,-1,-1
71,1,317.50,0.00,291.04,480.00,0.8761,-1,-1,-1
72,26,290.35,176.73,31.83,85.17,0.6208,-1,-1,-1
72,25,0.11,78.25,22.84,126.62,0.4064,-1,-1,-1
72,24,506.68,192.76,22.68,76.37,0.5836,-1,-1,-1
72,21,586.43,196.48,22.64,50.66,0.5861,-1,-1,-1
72,18,184.57,7.90,85.04,425.83,0.8376,-1,-1,-1
72,14,0.26,75.44,33.07,369.09,0.4920,-1,-1,-1
72,2,0.08,1.25,223.05,478.75,0.8600,-1,-1,-1
72,1,315.71,0.49,294.32,479.51,0.8826,-1,-1,-1
73,26,289.86,177.24,30.83,82.45,0.6044,-1,-1,-1
73,25,0.12,78.09,22.49,128.36,0.4074,-1,-1,-1
73,24,505.55,192.11,23.13,78.17,0.5065,-1,-1,-1
73,21,586.24,196.17,23.22,52.09,0.5507,-1,-1,-1
73,18,184.88,10.68,87.61,422.76,0.8394,-1,-1,-1
73,14,0.27,73.88,34.44,360.45,0.3457,-1,-1,-1
73,2,0.09,1.34,223.14,478.66,0.8543,-1,-1,-1
73,1,313.19,0.41,297.56,479.59,0.8920,-1,-1,-1
74,26,290.20,177.05,30.30,82.26,0.5461,-1,-1,-1
74,25,0.12,78.29,22.63,125.92,0.4141,-1,-1,-1
74,24,505.16,193.32,22.63,75.68,0.5657,-1,-1,-1
74,18,185.19,9.19,88.91,423.49,0.8486,-1,-1,-1
74,14,0.29,73.27,34.13,352.42,0.3473,-1,-1,-1
74,2,0.20,1.33,223.36,477.62,0.8475,-1,-1,-1
74,1,312.65,0.04,294.97,479.96,0.8502,-1,-1,-1
75,26,290.13,177.34,31.25,82.03,0.6052,-1,-1,-1
75,25,0.10,77.62,22.95,125.38,0.3665,-1,-1,-1
75,18,186.87,9.84,88.77,422.36,0.8458,-1,-1,-1
75,14,0.24,73.75,35.38,367.69,0.3002,-1,-1,-1
75,2,1.00,0.89,222.12,478.32,0.8280,-1,-1,-1
75,1,306.73,0.57,295.04,479.43,0.8711,-1,-1,-1
76,26,290.36,176.91,30.24,81.45,0.6552,-1,-1,-1
76,25,0.13,78.26,22.58,128.69,0.3269,-1,-1,-1
76,18,186.97,10.16,89.28,422.55,0.8553,-1,-1,-1
76,2,1.14,0.81,221.88,478.15,0.8185,-1,-1,-1
76,1,305.41,0.00,297.43,478.59,0.8883,-1,-1,-1
77,26,289.87,176.70,32.24,81.37,0.6552,-1,-1,-1
77,25,0.12,78.72,22.77,117.44,0.3557,-1,-1,-1
77,18,187.47,9.78,89.05,421.52,0.8453,-1,-1,-1
77,2,1.42,0.83,222.30,476.76,0.8268,-1,-1,-1
77,1,303.70,0.00,295.22,477.40,0.8743,-1,-1,-1
78,26,289.39,177.29,30.92,80.98,0.4948,-1,-1,-1
78,25,0.16,78.89,22.72,111.66,0.4590,-1,-1,-1
78,18,189.04,9.11,86.46,422.01,0.8443,-1,-1,-1
78,2,1.07,1.18,223.17,478.82,0.8335,-1,-1,-1
78,1,301.75,0.00,297.48,476.72,0.8932,-1,-1,-1
79,26,288.66,177.83,33.38,80.52,0.4671,-1,-1,-1
79,25,0.13,79.14,23.00,125.21,0.3721,-1,-1,-1
79,18,188.63,10.25,84.90,422.18,0.8372,-1,-1,-1
79,2,1.48,0.69,222.86,478.21,0.8323,-1,-1,-1
79,1,305.55,0.00,287.88,480.00,0.8717,-1,-1,-1
80,25,0.12,79.67,23.12,118.20,0.3802,-1,-1,-1
80,18,188.65,11.22,85.00,423.13,0.8294,-1,-1,-1
80,14,0.22,76.00,31.99,351.53,0.3052,-1,-1,-1
80,2,0.88,1.30,224.22,478.70,0.8517,-1,-1,-1
80,1,314.92,0.00,272.24,480.00,0.8758,-1,-1,-1
81,25,0.14,79.39,23.82,118.95,0.3808,-1,-1,-1
81,18,188.91,11.22,84.08,417.90,0.7936,-1,-1,-1
81,14,0.19,75.82,32.50,371.62,0.4112,-1,-1,-1
81,2,0.86,1.27,226.89,478.36,0.8432,-1,-1,-1
81,1,312.85,0.00,276.03,480.00,0.8797,-1,-1,-1
82,25,0.13,79.61,22.96,114.69,0.4134,-1,-1,-1
82,18,188.94,12.29,83.96,418.70,0.7393,-1,-1,-1
82,14,0.23,75.31,33.33,357.35,0.3537,-1,-1,-1
82,2,0.72,1.32,230.92,476.43,0.8403,-1,-1,-1
82,1,318.56,0.00,267.97,480.00,0.8624,-1,-1,-1
83,25,0.12,79.05,22.70,119.86,0.4513,-1,-1,-1
83,18,187.62,13.51,83.99,423.48,0.8171,-1,-1,-1
83,14,0.23,73.78,32.83,379.62,0.3465,-1,-1,-1
83,2,0.52,1.47,225.20,477.80,0.8172,-1,-1,-1
83,1,305.21,0.00,282.20,474.59,0.8781,-1,-1,-1
84,25,0.10,79.09,21.19,123.27,0.4581,-1,-1,-1
84,18,183.30,11.89,86.57,426.76,0.7985,-1,-1,-1
84,2,0.26,1.53,224.65,476.27,0.7691,-1,-1,-1
84,1,307.28,0.00,274.95,479.49,0.9027,-1,-1,-1
85,25,0.12,79.08,22.06,124.78,0.3612,-1,-1,-1
85,18,181.74,15.09,84.09,422.72,0.7474,-1,-1,-1
85,2,0.36,1.64,231.34,474.79,0.7585,-1,-1,-1
85,1,308.51,0.06,279.57,478.30,0.8922,-1,-1,-1
86,28,615.92,193.49,23.88,56.61,0.4653,-1,-1,-1
86,25,0.11,79.84,22.39,126.05,0.3755,-1,-1,-1
86,18,177.68,17.35,84.86,422.40,0.7511,-1,-1,-1
86,14,0.25,73.47,33.58,370.35,0.3097,-1,-1,-1
86,2,0.61,1.73,228.95,476.42,0.7409,-1,-1,-1
86,1,307.76,0.07,279.88,476.16,0.8678,-1,-1,-1
87,28,615.18,193.32,24.61,56.04,0.4914,-1,-1,-1
87,25,0.12,80.02,21.09,122.34,0.3265,-1,-1,-1
87,24,503.72,193.11,23.70,75.82,0.6591,-1,-1,-1
87,18,173.71,17.14,85.04,409.43,0.6690,-1,-1,-1
87,14,0.23,74.91,32.63,366.41,0.4769,-1,-1,-1
87,2,0.15,1.78,232.70,475.10,0.7021,-1,-1,-1
87,1,310.79,0.08,276.51,479.92,0.8879,-1,-1,-1
88,25,0.13,80.71,22.01,123.43,0.4351,-1,-1,-1
88,24,505.37,193.08,23.24,77.38,0.5265,-1,-1,-1
88,18,174.28,22.16,82.08,410.51,0.7454,-1,-1,-1
88,14,0.25,73.30,32.92,382.95,0.3272,-1,-1,-1
88,2,0.20,1.76,226.35,475.96,0.8130,-1,-1,-1
88,1,306.67,0.93,280.96,479.07,0.8988,-1,-1,-1
89,25,0.12,81.06,21.94,123.51,0.3758,-1,-1,-1
89,24,506.13,192.70,21.84,77.07,0.5061,-1,-1,-1
89,18,171.78,23.26,84.13,404.27,0.7136,-1,-1,-1
89,14,0.28,75.42,32.30,343.56,0.3444,-1,-1,-1
89,2,0.13,1.72,226.26,476.81,0.8041,-1,-1,-1
89,1,312.26,0.49,275.43,479.51,0.8954,-1,-1,-1
90,24,506.06,192.96,20.96,77.06,0.4286,-1,-1,-1
90,18,168.82,23.52,87.72,402.59,0.7517,-1,-1,-1
90,14,0.22,77.97,31.70,369.45,0.4350,-1,-1,-1
90,2,0.00,1.46,223.33,477.56,0.7955,-1,-1,-1
90,1,308.46,0.69,279.40,479.31,0.8977,-1,-1,-1
91,29,544.55,205.63,13.54,32.64,0.3147,-1,-1,-1
91,25,0.04,83.65,21.92,130.32,0.4229,-1,-1,-1
91,24,505.42,192.19,21.10,76.40,0.3005,-1,-1,-1
91,18,167.65,23.69,90.30,402.73,0.7205,-1,-1,-1
91,14,0.23,78.90,31.81,378.92,0.4682,-1,-1,-1
91,2,0.08,1.37,222.65,477.44,0.7910,-1,-1,-1
91,1,308.59,0.96,280.51,479.03,0.8943,-1,-1,-1
92,28,595.98,172.29,43.84,92.33,0.4478,-1,-1,-1
92,26,299.83,179.59,24.38,71.27,0.4457,-1,-1,-1
92,24,506.78,192.83,20.60,76.84,0.3293,-1,-1,-1
92,18,167.00,24.25,93.94,399.96,0.6930,-1,-1,-1
92,14,0.27,80.22,33.10,359.48,0.4244,-1,-1,-1
92,2,0.46,1.47,233.71,475.76,0.7655,-1,-1,-1
92,1,304.79,0.54,283.50,478.87,0.9044,-1,-1,-1
93,28,552.17,171.19,70.63,92.38,0.4666,-1,-1,-1
93,26,299.22,180.66,25.81,77.59,0.4506,-1,-1,-1
93,25,0.00,84.74,21.57,125.86,0.3355,-1,-1,-1
93,18,167.55,23.44,104.66,410.23,0.7886,-1,-1,-1
93,14,0.20,79.19,33.09,359.18,0.3031,-1,-1,-1
93,2,0.15,1.42,223.02,474.81,0.8434,-1,-1,-1
93,1,306.06,0.38,279.09,478.75,0.8917,-1,-1,-1
94,30,266.74,190.81,17.60,57.63,0.4873,-1,-1,-1
94,26,299.73,179.01,25.75,79.08,0.4526,-1,-1,-1
94,18,168.27,23.65,105.60,410.08,0.7891,-1,-1,-1
94,14,0.21,79.58,33.01,367.06,0.3180,-1,-1,-1
94,2,0.08,1.54,223.65,475.10,0.8470,-1,-1,-1
94,1,306.64,0.00,278.04,479.96,0.9027,-1,-1,-1
95,30,266.47,193.34,15.84,55.25,0.5572,-1,-1,-1
95,26,301.37,178.77,23.73,81.16,0.5134,-1,-1,-1
95,18,171.11,21.48,103.57,413.17,0.7887,-1,-1,-1
95,14,0.22,78.77,34.01,372.12,0.4199,-1,-1,-1
95,2,0.39,1.48,222.93,475.16,0.8602,-1,-1,-1
95,1,307.62,0.00,276.26,477.37,0.9008,-1,-1,-1
96,31,282.17,179.85,28.39,77.88,0.3070,-1,-1,-1
96,30,265.48,191.84,16.79,56.97,0.5346,-1,-1,-1
96,26,301.86,177.79,22.41,80.75,0.5027,-1,-1,-1
96,18,173.06,21.63,100.87,411.08,0.7916,-1,-1,-1
96,14,0.08,83.49,34.65,363.20,0.4160,-1,-1,-1
96,2,0.41,1.65,222.64,474.35,0.8360,-1,-1,-1
96,1,307.09,0.00,275.78,480.00,0.9001,-1,-1,-1
97,31,282.84,179.78,25.05,78.44,0.3717,-1,-1,-1
97,30,262.25,191.94,16.88,58.78,0.5798,-1,-1,-1
97,26,301.79,179.00,23.20,80.86,0.5726,-1,-1,-1
97,24,504.86,192.35,23.61,81.18,0.3295,-1,-1,-1
97,18,176.18,20.37,97.10,412.51,0.8179,-1,-1,-1
97,14,0.04,84.41,33.72,310.55,0.3739,-1,-1,-1
97,2,0.54,1.43,222.43,472.09,0.8640,-1,-1,-1
97,1,307.55,0.04,276.15,476.88,0.9031,-1,-1,-1
98,26,302.10,177.96,22.84,82.89,0.5935,-1,-1,-1
98,24,506.63,192.54,21.46,76.59,0.5054,-1,-1,-1
98,18,182.88,20.02,91.00,412.57,0.8351,-1,-1,-1
98,14,0.00,82.48,32.70,348.90,0.5058,-1,-1,-1
98,2,0.58,1.24,222.61,473.03,0.8745,-1,-1,-1
98,1,308.89,0.00,275.15,478.11,0.9063,-1,-1,-1
99,31,279.59,179.61,26.28,79.42,0.3558,-1,-1,-1
99,26,300.91,177.75,24.22,80.35,0.5371,-1,-1,-1
99,24,506.85,192.34,21.97,76.77,0.3768,-1,-1,-1
99,18,185.60,20.85,90.31,411.25,0.8484,-1,-1,-1
99,14,0.24,77.97,35.47,372.84,0.4610,-1,-1,-1
99,2,0.61,1.03,222.48,474.68,0.8856,-1,-1,-1
99,1,309.24,0.00,274.88,478.11,0.9089,-1,-1,-1
100,31,279.35,178.24,26.39,80.50,0.5720,-1,-1,-1
100,26,300.77,178.47,25.63,79.68,0.5877,-1,-1,-1
100,24,505.78,192.54,22.07,75.74,0.5336,-1,-1,-1
100,18,187.72,18.01,89.82,413.82,0.8406,-1,-1,-1
100,14,0.03,81.92,34.72,336.15,0.4246,-1,-1,-1
100,2,0.59,1.00,221.46,475.53,0.8821,-1,-1,-1
100,1,309.86,0.00,273.58,477.45,0.9027,-1,-1,-1
101,31,279.45,179.06,26.37,79.59,0.4011,-1,-1,-1
101,27,557.14,201.73,17.20,42.77,0.3068,-1,-1,-1
101,26,300.67,177.98,24.02,81.76,0.4527,-1,-1,-1
101,24,507.24,192.68,21.71,76.30,0.3763,-1,-1,-1
101,18,189.95,16.90,92.09,413.67,0.8510,-1,-1,-1
101,14,0.05,81.36,33.52,358.47,0.4263,-1,-1,-1
101,2,0.58,0.88,221.69,475.21,0.8768,-1,-1,-1
101,1,310.25,0.00,274.23,480.00,0.9086,-1,-1,-1
102,18,189.57,15.80,94.37,412.99,0.8479,-1,-1,-1
102,14,0.03,81.82,34.05,346.29,0.4417,-1,-1,-1
102,2,0.47,0.84,221.77,475.67,0.8733,-1,-1,-1
102,1,312.40,0.04,271.44,477.97,0.9022,-1,-1,-1
103,29,540.91,202.64,11.95,37.08,0.4240,-1,-1,-1
103,24,508.63,192.99,18.25,75.28,0.3146,-1,-1,-1
103,18,191.07,17.32,93.34,414.79,0.8402,-1,-1,-1
103,14,0.02,82.26,33.97,320.29,0.3840,-1,-1,-1
103,2,0.36,1.04,221.84,476.59,0.8701,-1,-1,-1
103,1,313.58,0.00,271.68,480.00,0.9121,-1,-1,-1
104,29,541.03,202.51,11.08,36.45,0.3310,-1,-1,-1
104,25,0.14,81.37,28.85,117.82,0.3105,-1,-1,-1
104,24,507.63,193.17,19.79,74.96,0.3210,-1,-1,-1
104,18,192.08,17.77,89.77,414.81,0.8419,-1,-1,-1
104,14,0.14,79.81,33.66,342.59,0.3364,-1,-1,-1
104,2,0.20,0.82,222.67,476.90,0.8892,-1,-1,-1
104,1,314.42,0.00,274.28,480.00,0.9107,-1,-1,-1
105,29,540.95,203.77,12.14,35.68,0.4038,-1,-1,-1
105,25,0.10,84.08,24.34,119.72,0.3018,-1,-1,-1
105,18,191.72,17.05,88.97,410.12,0.8375,-1,-1,-1
105,14,0.05,83.85,31.07,354.15,0.3771,-1,-1,-1
105,2,0.16,0.56,223.00,476.64,0.8626,-1,-1,-1
105,1,314.07,0.00,274.92,480.00,0.9087,-1,-1,-1
106,31,279.26,178.80,25.49,81.43,0.5833,-1,-1,-1
106,29,540.68,203.83,12.36,36.08,0.4062,-1,-1,-1
106,26,300.87,178.72,23.94,82.19,0.6320,-1,-1,-1
106,18,192.33,16.54,85.94,415.23,0.8269,-1,-1,-1
106,14,0.03,82.31,32.71,362.76,0.4088,-1,-1,-1
106,2,0.22,0.40,223.39,477.86,0.8801,-1,-1,-1
106,1,314.04,0.00,276.74,479.10,0.9044,-1,-1,-1
107,31,279.79,179.51,25.54,79.19,0.5654,-1,-1,-1
107,29,541.47,204.27,11.77,35.55,0.3814,-1,-1,-1
107,26,301.01,178.50,24.41,82.09,0.5894,-1,-1,-1
107,18,192.24,16.81,86.22,414.80,0.8185,-1,-1,-1
107,14,0.04,82.42,31.39,362.80,0.3580,-1,-1,-1
107,2,0.20,0.25,224.79,478.20,0.8803,-1,-1,-1
107,1,313.50,0.36,279.86,478.51,0.8953,-1,-1,-1
108,31,279.51,181.15,24.84,77.27,0.5113,-1,-1,-1
108,29,541.08,201.94,12.18,38.12,0.4674,-1,-1,-1
108,26,301.19,178.82,24.21,81.13,0.6025,-1,-1,-1
108,24,511.13,196.45,16.25,71.95,0.3207,-1,-1,-1
108,18,191.62,16.14,86.23,415.45,0.8234,-1,-1,-1
108,2,0.00,0.09,225.63,477.53,0.8739,-1,-1,-1
108,1,312.02,0.00,284.54,477.06,0.8995,-1,-1,-1
109,31,279.19,180.42,26.01,78.28,0.5031,-1,-1,-1
109,26,301.21,178.29,23.87,82.42,0.5540,-1,-1,-1
109,18,189.27,16.94,88.54,413.55,0.8310,-1,-1,-1
109,2,0.04,0.00,224.37,478.88,0.8856,-1,-1,-1
109,1,312.64,0.00,285.02,475.16,0.8305,-1,-1,-1
110,26,300.63,178.18,24.66,82.21,0.4512,-1,-1,-1
110,18,187.95,16.93,91.46,413.72,0.8394,-1,-1,-1
110,2,0.00,0.14,223.29,478.32,0.9071,-1,-1,-1
110,1,312.66,0.00,288.45,478.13,0.7576,-1,-1,-1
111,18,187.87,17.30,93.01,414.30,0.8443,-1,-1,-1
111,2,0.00,0.10,222.61,479.20,0.8960,-1,-1,-1
111,1,310.85,0.00,291.19,476.86,0.7972,-1,-1,-1
112,26,298.21,177.41,27.21,83.33,0.3513,-1,-1,-1
112,18,187.70,16.92,96.04,416.04,0.8492,-1,-1,-1
112,2,0.00,0.12,222.79,479.31,0.9071,-1,-1,-1
112,1,330.60,0.00,273.63,479.67,0.7949,-1,-1,-1
113,18,187.80,18.11,94.15,416.81,0.8531,-1,-1,-1
113,2,0.00,0.09,222.68,478.83,0.9027,-1,-1,-1
113,1,311.06,0.19,285.12,479.43,0.8646,-1,-1,-1
114,18,187.41,19.61,94.81,413.05,0.8538,-1,-1,-1
114,2,0.00,0.00,222.09,478.50,0.8954,-1,-1,-1
114,1,308.73,0.00,288.90,479.32,0.8970,-1,-1,-1
115,18,188.38,20.24,94.81,415.40,0.8666,-1,-1,-1
115,2,0.00,0.07,222.32,479.07,0.8897,-1,-1,-1
115,1,308.86,0.00,284.12,477.29,0.8815,-1,-1,-1
116,18,191.60,20.57,92.89,415.76,0.8596,-1,-1,-1
116,2,0.00,0.00,221.54,478.51,0.8793,-1,-1,-1
116,1,305.45,0.00,286.44,479.69,0.8953,-1,-1,-1
117,18,192.46,20.21,95.17,416.97,0.8547,-1,-1,-1
117,2,0.00,0.20,223.01,478.06,0.8703,-1,-1,-1
117,1,305.57,0.00,282.75,479.01,0.8834,-1,-1,-1
118,27,562.41,200.31,14.54,41.05,0.3048,-1,-1,-1
118,18,193.61,19.96,93.29,417.95,0.8590,-1,-1,-1
118,2,0.00,0.39,224.64,478.75,0.8678,-1,-1,-1
118,1,303.80,0.00,278.22,478.08,0.8899,-1,-1,-1
119,25,0.13,80.19,22.98,105.49,0.3711,-1,-1,-1
119,24,498.82,193.28,29.87,78.27,0.6997,-1,-1,-1
119,18,197.40,19.74,91.56,413.16,0.8164,-1,-1,-1
119,14,0.00,79.91,30.44,341.96,0.4012,-1,-1,-1
119,2,0.00,0.48,228.79,479.52,0.8854,-1,-1,-1
119,1,302.69,0.00,279.53,480.00,0.9114,-1,-1,-1
120,25,0.06,79.10,23.44,112.64,0.3262,-1,-1,-1
120,24,498.77,193.13,29.55,79.00,0.7206,-1,-1,-1
120,18,200.85,21.23,87.46,410.89,0.8096,-1,-1,-1
120,2,0.13,0.59,231.75,479.38,0.8726,-1,-1,-1
120,1,301.87,0.00,280.47,480.00,0.9103,-1,-1,-1
121,24,498.71,192.76,30.07,79.63,0.6618,-1,-1,-1
121,18,199.84,21.14,88.56,415.76,0.8197,-1,-1,-1
121,2,0.20,0.43,236.47,479.57,0.8772,-1,-1,-1
121,1,303.04,0.57,280.77,479.43,0.8873,-1,-1,-1
122,24,499.07,194.11,29.38,77.83,0.6643,-1,-1,-1
122,18,202.39,22.00,82.90,417.77,0.8233,-1,-1,-1
122,14,0.21,75.09,35.30,400.96,0.3793,-1,-1,-1
122,2,0.99,0.18,239.99,479.82,0.8575,-1,-1,-1
122,1,306.92,0.25,281.78,477.55,0.8887,-1,-1,-1
123,24,499.25,194.16,30.44,77.78,0.6807,-1,-1,-1
123,18,201.81,21.13,84.45,414.43,0.8339,-1,-1,-1
123,14,0.25,75.87,38.82,402.87,0.5532,-1,-1,-1
123,2,0.88,1.24,243.58,478.76,0.8720,-1,-1,-1
123,1,301.95,0.92,282.43,479.08,0.8961,-1,-1,-1
124,27,560.32,200.96,16.58,39.38,0.4115,-1,-1,-1
124,26,295.37,177.85,30.85,80.95,0.3174,-1,-1,-1
124,24,499.76,194.25,29.70,77.74,0.6533,-1,-1,-1
124,18,202.89,22.51,82.32,407.75,0.8398,-1,-1,-1
124,14,0.20,75.83,38.87,401.54,0.5487,-1,-1,-1
124,2,0.90,0.86,246.22,478.13,0.8645,-1,-1,-1
124,1,304.64,0.18,279.09,479.29,0.9042,-1,-1,-1
125,31,286.57,183.00,24.65,75.34,0.3002,-1,-1,-1
125,29,534.81,197.28,16.67,44.56,0.3237,-1,-1,-1
125,27,561.35,202.23,16.08,37.64,0.4812,-1,-1,-1
125,26,297.46,178.55,27.29,79.12,0.3566,-1,-1,-1
125,24,500.75,193.64,28.51,77.64,0.6407,-1,-1,-1
125,18,202.99,22.71,81.45,405.59,0.8190,-1,-1,-1
125,14,0.17,76.69,42.31,403.31,0.5966,-1,-1,-1
125,2,0.64,0.77,248.57,478.03,0.8533,-1,-1,-1
125,1,305.20,0.66,277.07,478.88,0.9025,-1,-1,-1
126,31,286.75,180.10,26.05,78.32,0.3463,-1,-1,-1
126,27,561.30,202.47,16.27,37.33,0.4964,-1,-1,-1
126,24,501.11,194.06,27.76,77.84,0.6275,-1,-1,-1
126,18,203.78,22.48,80.29,406.28,0.7896,-1,-1,-1
126,14,0.21,76.62,43.06,400.70,0.4521,-1,-1,-1
126,2,0.00,0.71,251.59,464.72,0.7895,-1,-1,-1
126,1,305.64,0.56,275.69,479.13,0.8998,-1,-1,-1
127,32,549.55,198.70,13.00,40.91,0.4051,-1,-1,-1
127,29,533.57,202.29,14.51,39.35,0.3153,-1,-1,-1
127,27,562.64,203.15,15.08,37.01,0.5214,-1,-1,-1
127,24,502.74,193.04,26.77,77.70,0.5889,-1,-1,-1
127,18,205.51,22.69,78.56,406.32,0.8088,-1,-1,-1
127,14,0.16,77.90,45.76,402.10,0.4108,-1,-1,-1
127,2,0.98,0.97,249.34,475.52,0.8427,-1,-1,-1
127,1,306.91,0.37,276.15,479.39,0.8968,-1,-1,-1
128,31,294.51,178.21,30.98,79.86,0.3227,-1,-1,-1
128,29,534.13,202.94,14.07,40.26,0.3203,-1,-1,-1
128,27,562.05,203.39,16.01,37.63,0.4792,-1,-1,-1
128,24,502.96,194.10,26.27,76.56,0.6027,-1,-1,-1
128,18,204.95,22.61,79.65,407.01,0.7368,-1,-1,-1
128,14,0.21,77.37,47.30,402.63,0.5872,-1,-1,-1
128,2,0.39,0.68,253.85,473.37,0.8327,-1,-1,-1
128,1,306.16,0.60,276.92,478.86,0.9035,-1,-1,-1
129,31,287.41,187.75,21.65,70.49,0.3244,-1,-1,-1
129,27,561.20,203.98,16.43,37.04,0.4411,-1,-1,-1
129,24,502.97,194.00,26.35,77.10,0.5897,-1,-1,-1
129,18,204.82,22.91,79.53,407.64,0.7420,-1,-1,-1
129,14,0.17,80.00,47.71,400.00,0.6343,-1,-1,-1
129,2,0.57,0.84,253.19,474.00,0.8553,-1,-1,-1
129,1,307.25,0.23,274.93,478.64,0.8964,-1,-1,-1
130,32,542.57,195.66,17.20,51.99,0.3489,-1,-1,-1
130,31,288.97,189.81,20.41,68.22,0.3442,-1,-1,-1
130,27,561.25,202.92,16.34,38.12,0.4589,-1,-1,-1
130,24,504.11,193.56,26.38,76.96,0.6029,-1,-1,-1
130,18,204.88,23.91,79.29,407.08,0.7663,-1,-1,-1
130,14,0.22,80.35,48.87,399.65,0.6947,-1,-1,-1
130,2,2.21,0.80,248.07,472.68,0.8324,-1,-1,-1
130,1,306.31,0.29,276.46,478.91,0.9091,-1,-1,-1
131,31,288.49,191.28,20.60,66.84,0.3439,-1,-1,-1
131,29,530.18,198.82,17.47,46.29,0.3020,-1,-1,-1
131,27,559.86,203.49,17.45,36.81,0.4565,-1,-1,-1
131,24,501.89,193.58,27.94,77.74,0.6517,-1,-1,-1
131,18,203.95,23.11,80.52,404.57,0.7974,-1,-1,-1
131,14,0.19,80.13,48.95,231.82,0.3747,-1,-1,-1
131,2,12.56,0.90,236.33,470.33,0.8092,-1,-1,-1
131,1,306.15,0.51,275.58,478.73,0.8996,-1,-1,-1
132,31,282.15,189.40,21.13,67.73,0.3157,-1,-1,-1
132,26,295.84,177.68,26.98,81.23,0.5030,-1,-1,-1
132,24,502.19,192.64,27.44,77.81,0.6415,-1,-1,-1
132,18,201.64,22.79,82.15,405.96,0.8254,-1,-1,-1
132,2,11.20,0.58,235.74,471.69,0.7881,-1,-1,-1
132,1,306.76,0.09,273.19,479.26,0.8962,-1,-1,-1
133,31,280.00,187.35,22.16,68.40,0.3832,-1,-1,-1
133,26,294.62,177.90,29.79,80.86,0.5440,-1,-1,-1
133,24,501.96,192.90,28.09,78.54,0.5939,-1,-1,-1
133,18,200.91,22.59,82.99,406.95,0.8321,-1,-1,-1
133,14,0.06,82.06,38.93,223.95,0.3316,-1,-1,-1
133,2,8.81,0.53,236.69,475.38,0.8359,-1,-1,-1
133,1,306.19,0.00,273.20,476.31,0.8985,-1,-1,-1
134,32,537.34,190.86,19.60,56.91,0.4867,-1,-1,-1
134,31,280.08,188.05,20.53,66.24,0.3155,-1,-1,-1
134,27,557.80,200.23,19.46,40.36,0.4415,-1,-1,-1
134,26,295.10,178.42,29.86,80.23,0.5869,-1,-1,-1
134,24,500.97,192.63,29.06,79.40,0.6291,-1,-1,-1
134,18,201.29,22.74,81.22,411.63,0.8372,-1,-1,-1
134,14,0.13,80.79,46.77,397.38,0.4220,-1,-1,-1
134,2,9.90,0.74,234.00,477.63,0.8550,-1,-1,-1
134,1,305.29,0.27,270.75,476.37,0.9033,-1,-1,-1
135,32,537.03,192.84,19.11,55.07,0.5083,-1,-1,-1
135,26,295.05,177.44,29.92,81.79,0.5325,-1,-1,-1
135,25,0.09,79.73,36.85,224.30,0.3092,-1,-1,-1
135,24,500.69,192.94,27.96,78.75,0.6264,-1,-1,-1
135,18,202.17,22.76,80.90,412.45,0.8360,-1,-1,-1
135,14,0.17,80.03,43.43,396.15,0.4015,-1,-1,-1
135,2,7.36,0.83,234.45,477.97,0.8786,-1,-1,-1
135,1,306.48,0.00,269.65,480.00,0.8891,-1,-1,-1
136,32,534.87,190.76,21.06,58.30,0.3703,-1,-1,-1
136,26,297.28,178.46,26.99,80.62,0.4175,-1,-1,-1
136,24,500.33,192.54,28.71,79.48,0.6371,-1,-1,-1
136,18,199.81,23.82,83.23,410.14,0.8289,-1,-1,-1
136,14,0.10,77.85,43.61,393.20,0.4067,-1,-1,-1
136,2,5.68,0.92,231.03,477.36,0.8580,-1,-1,-1
136,1,305.72,0.11,269.55,479.89,0.8891,-1,-1,-1
137,32,534.20,191.07,22.07,58.01,0.4995,-1,-1,-1
137,26,297.72,178.02,26.80,80.76,0.5055,-1,-1,-1
137,25,0.01,79.78,41.03,389.38,0.4124,-1,-1,-1
137,24,500.70,193.28,28.51,78.62,0.6004,-1,-1,-1
137,18,194.65,22.90,89.06,409.18,0.8277,-1,-1,-1
137,2,6.45,0.76,225.03,478.27,0.8566,-1,-1,-1
137,1,305.76,0.00,269.57,480.00,0.8919,-1,-1,-1
138,32,533.20,190.03,24.23,58.19,0.4714,-1,-1,-1
138,26,292.72,178.47,33.91,80.96,0.6005,-1,-1,-1
138,24,501.95,192.88,27.82,78.85,0.5741,-1,-1,-1
138,18,191.62,23.37,92.10,412.22,0.8409,-1,-1,-1
138,2,5.40,0.39,222.01,479.61,0.8710,-1,-1,-1
138,1,304.15,0.00,272.05,479.92,0.9060,-1,-1,-1
139,27,556.39,201.63,17.38,40.29,0.4002,-1,-1,-1
139,26,291.54,178.13,35.09,81.23,0.6246,-1,-1,-1
139,24,502.02,193.64,27.61,77.88,0.5518,-1,-1,-1
139,18,190.34,22.39,93.55,410.16,0.8469,-1,-1,-1
139,2,3.75,0.38,222.77,479.62,0.8712,-1,-1,-1
139,1,304.96,0.00,272.70,480.00,0.9105,-1,-1,-1
140,27,556.39,203.48,16.50,38.33,0.3281,-1,-1,-1
140,26,292.92,177.02,32.01,82.25,0.6006,-1,-1,-1
140,24,502.71,192.71,27.94,78.54,0.5442,-1,-1,-1
140,18,189.27,22.30,95.13,410.38,0.8525,-1,-1,-1
140,2,2.29,0.66,220.31,478.98,0.8796,-1,-1,-1
140,1,305.42,0.66,274.24,478.91,0.9103,-1,-1,-1
141,27,554.76,204.02,15.71,38.00,0.3273,-1,-1,-1
141,26,293.13,178.48,32.06,80.13,0.4773,-1,-1,-1
141,24,502.18,192.89,27.34,78.24,0.5855,-1,-1,-1
141,18,187.55,20.92,97.08,412.39,0.8562,-1,-1,-1
141,2,1.87,0.77,217.70,478.50,0.8872,-1,-1,-1
141,1,304.15,0.00,276.66,474.55,0.8996,-1,-1,-1
142,27,555.87,203.28,18.01,39.19,0.3903,-1,-1,-1
142,26,294.54,178.21,27.81,80.16,0.4531,-1,-1,-1
142,24,502.66,192.23,27.05,79.01,0.5661,-1,-1,-1
142,18,187.49,20.63,96.99,413.65,0.8585,-1,-1,-1
142,2,1.48,0.96,215.81,479.04,0.8835,-1,-1,-1
142,1,304.13,0.33,277.41,479.29,0.9093,-1,-1,-1
143,27,555.44,207.00,14.00,35.54,0.3285,-1,-1,-1
143,26,291.70,178.19,32.93,81.45,0.5430,-1,-1,-1
143,24,504.31,191.97,24.39,78.33,0.5973,-1,-1,-1
143,18,185.38,20.25,99.55,414.14,0.8618,-1,-1,-1
143,2,0.59,0.97,216.31,479.03,0.8861,-1,-1,-1
143,1,305.58,0.00,278.23,479.86,0.9058,-1,-1,-1
144,27,554.07,202.80,16.95,39.52,0.4361,-1,-1,-1
144,26,293.29,178.20,29.80,80.16,0.5568,-1,-1,-1
144,24,504.52,191.31,23.62,78.79,0.5346,-1,-1,-1
144,18,185.03,20.57,99.76,413.26,0.8556,-1,-1,-1
144,2,0.24,1.03,216.83,478.42,0.8927,-1,-1,-1
144,1,305.08,0.00,282.08,480.00,0.9140,-1,-1,-1
145,27,555.39,201.69,20.92,59.35,0.4486,-1,-1,-1
145,26,294.01,178.45,28.91,79.86,0.5817,-1,-1,-1
145,24,505.81,192.22,22.88,77.79,0.5534,-1,-1,-1
145,18,182.45,20.19,102.55,412.94,0.8543,-1,-1,-1
145,2,0.24,1.04,215.37,478.11,0.9011,-1,-1,-1
145,1,307.01,0.00,286.76,480.00,0.9005,-1,-1,-1
146,26,295.97,178.10,26.45,80.34,0.6034,-1,-1,-1
146,18,182.67,20.32,102.29,412.30,0.8513,-1,-1,-1
146,2,0.14,1.25,215.57,477.45,0.8963,-1,-1,-1
146,1,308.49,0.00,285.75,479.71,0.8602,-1,-1,-1
147,26,296.68,177.26,24.05,83.12,0.3729,-1,-1,-1
147,18,183.63,20.49,100.69,412.53,0.8539,-1,-1,-1
147,2,0.36,1.38,216.10,476.69,0.8911,-1,-1,-1
147,1,324.03,0.00,281.82,477.14,0.8400,-1,-1,-1
148,26,298.96,178.20,23.82,83.25,0.3984,-1,-1,-1
148,18,186.35,20.38,97.80,412.42,0.8583,-1,-1,-1
148,2,1.14,0.98,217.18,478.21,0.8647,-1,-1,-1
148,1,315.54,0.00,293.53,476.59,0.8729,-1,-1,-1
149,33,289.36,200.74,19.19,59.03,0.4408,-1,-1,-1
149,26,300.67,178.64,21.96,84.57,0.4510,-1,-1,-1
149,18,189.35,20.84,94.72,411.14,0.8565,-1,-1,-1
149,2,2.02,0.47,221.88,479.53,0.8583,-1,-1,-1
149,1,315.69,0.00,296.10,477.46,0.8849,-1,-1,-1
150,18,190.45,21.69,93.81,413.06,0.8527,-1,-1,-1
150,2,2.26,0.92,223.45,478.77,0.8665,-1,-1,-1
150,1,315.32,0.00,298.61,479.31,0.8775,-1,-1,-1
151,18,193.24,21.97,90.48,414.55,0.8592,-1,-1,-1
151,2,3.81,0.75,224.52,478.91,0.8560,-1,-1,-1
151,1,316.60,0.00,295.10,479.64,0.8436,-1,-1,-1
152,18,193.69,21.88,89.81,413.17,0.8665,-1,-1,-1
152,2,8.38,0.54,222.94,479.46,0.8585,-1,-1,-1
152,1,316.39,0.00,288.77,478.92,0.7838,-1,-1,-1
153,18,193.43,21.54,89.83,412.02,0.8636,-1,-1,-1
153,14,0.29,79.58,45.38,386.04,0.3110,-1,-1,-1
153,2,8.80,0.64,225.20,475.69,0.8398,-1,-1,-1
153,1,310.75,0.00,291.33,476.40,0.8182,-1,-1,-1
154,27,554.02,206.40,15.27,36.14,0.4254,-1,-1,-1
154,24,502.98,188.66,26.01,79.54,0.6722,-1,-1,-1
154,18,192.92,21.49,90.78,414.08,0.8524,-1,-1,-1
154,14,0.29,79.49,45.24,386.06,0.3546,-1,-1,-1
154,2,5.91,0.60,228.40,475.09,0.8284,-1,-1,-1
154,1,306.22,0.63,288.60,479.37,0.8768,-1,-1,-1
155,27,553.92,204.85,16.35,37.54,0.3844,-1,-1,-1
155,25,0.04,79.97,36.40,173.97,0.3232,-1,-1,-1
155,24,500.64,192.75,27.65,76.50,0.6322,-1,-1,-1
155,18,192.69,21.98,90.29,414.58,0.8440,-1,-1,-1
155,14,0.24,78.67,43.61,387.47,0.3341,-1,-1,-1
155,2,8.19,0.63,226.12,476.79,0.8269,-1,-1,-1
155,1,305.29,0.47,284.63,479.53,0.8916,-1,-1,-1
156,27,552.66,208.27,15.46,34.35,0.3117,-1,-1,-1
156,25,0.14,80.18,35.81,119.15,0.3463,-1,-1,-1
156,24,499.24,195.04,28.22,74.72,0.5658,-1,-1,-1
156,18,192.23,21.73,90.09,413.92,0.8660,-1,-1,-1
156,2,6.52,0.70,228.38,478.10,0.8637,-1,-1,-1
156,1,305.10,0.00,280.25,480.00,0.9023,-1,-1,-1
157,27,555.01,210.22,14.15,32.66,0.3181,-1,-1,-1
157,25,0.02,80.24,35.11,175.12,0.3270,-1,-1,-1
157,24,497.98,194.45,29.55,76.88,0.5837,-1,-1,-1
157,18,191.28,20.84,89.34,415.97,0.8652,-1,-1,-1
157,2,7.23,0.38,226.51,475.23,0.8366,-1,-1,-1
157,1,302.82,0.01,261.16,479.99,0.9151,-1,-1,-1
158,34,589.35,0.77,50.53,255.47,0.4959,-1,-1,-1
158,29,526.23,194.41,20.97,57.49,0.4344,-1,-1,-1
158,27,552.36,208.98,16.90,34.34,0.4270,-1,-1,-1
158,25,0.15,79.29,33.04,117.88,0.3704,-1,-1,-1
158,24,497.85,195.98,29.88,75.26,0.5189,-1,-1,-1
158,18,191.05,19.37,89.54,419.09,0.8586,-1,-1,-1
158,2,6.11,0.15,225.17,478.04,0.8399,-1,-1,-1
158,1,304.66,0.00,231.24,480.00,0.9171,-1,-1,-1
159,34,587.49,0.00,52.35,251.65,0.3502,-1,-1,-1
159,29,527.28,195.26,20.48,56.09,0.4938,-1,-1,-1
159,27,549.27,205.06,17.64,39.27,0.3321,-1,-1,-1
159,24,496.80,183.99,31.41,88.32,0.7016,-1,-1,-1
159,18,190.55,18.80,92.05,418.11,0.8467,-1,-1,-1
159,14,0.07,76.41,39.53,394.23,0.4555,-1,-1,-1
159,2,3.77,0.26,227.29,478.34,0.8462,-1,-1,-1
159,1,299.95,0.00,218.38,480.00,0.9095,-1,-1,-1
160,31,282.42,183.00,22.98,75.30,0.3037,-1,-1,-1
160,24,496.46,184.87,32.24,87.15,0.7206,-1,-1,-1
160,18,190.06,18.87,91.21,419.66,0.8496,-1,-1,-1
160,14,0.04,76.54,40.19,393.88,0.4355,-1,-1,-1
160,2,0.11,1.01,228.58,478.18,0.8644,-1,-1,-1
160,1,302.56,0.57,200.24,474.14,0.9183,-1,-1,-1
161,34,585.66,0.65,54.21,249.84,0.3891,-1,-1,-1
161,24,495.85,186.13,32.28,86.00,0.6951,-1,-1,-1
161,18,188.89,18.15,91.71,420.57,0.8480,-1,-1,-1
161,14,0.11,76.32,36.32,392.35,0.4433,-1,-1,-1
161,2,0.35,0.78,228.20,479.22,0.8620,-1,-1,-1
161,1,294.87,0.00,206.28,480.00,0.9106,-1,-1,-1
162,34,588.89,0.81,50.97,248.36,0.3283,-1,-1,-1
162,29,524.88,193.22,19.58,59.07,0.4757,-1,-1,-1
162,24,496.87,184.21,32.22,88.17,0.7160,-1,-1,-1
162,18,187.90,15.53,94.87,421.91,0.8529,-1,-1,-1
162,14,0.09,72.80,35.29,389.49,0.3516,-1,-1,-1
162,2,0.00,0.50,229.47,478.37,0.8340,-1,-1,-1
162,1,289.69,0.58,212.83,474.49,0.9057,-1,-1,-1
163,34,589.64,0.84,50.22,248.43,0.3869,-1,-1,-1
163,24,496.87,183.76,33.74,88.35,0.7192,-1,-1,-1
163,18,187.70,15.42,93.68,426.48,0.8500,-1,-1,-1
163,14,0.21,70.74,35.44,372.96,0.3303,-1,-1,-1
163,2,0.24,0.41,227.89,474.67,0.8297,-1,-1,-1
163,1,288.50,0.40,213.77,475.25,0.9063,-1,-1,-1
164,24,495.84,182.67,32.64,89.81,0.7225,-1,-1,-1
164,18,186.61,13.65,93.93,428.45,0.8366,-1,-1,-1
164,14,0.10,72.31,32.87,364.27,0.3537,-1,-1,-1
164,2,0.15,0.68,224.61,475.08,0.8044,-1,-1,-1
164,1,289.70,0.71,211.72,474.47,0.9039,-1,-1,-1
165,24,496.24,183.26,33.27,89.20,0.7146,-1,-1,-1
165,18,187.09,13.65,93.32,428.07,0.8456,-1,-1,-1
165,14,0.00,78.65,29.44,346.28,0.3303,-1,-1,-1
165,2,0.00,0.46,223.55,475.42,0.8192,-1,-1,-1
165,1,295.05,0.00,206.80,480.00,0.9196,-1,-1,-1
166,24,496.46,182.76,33.04,89.51,0.7195,-1,-1,-1
166,18,185.50,12.06,94.91,430.84,0.8413,-1,-1,-1
166,2,0.00,0.08,222.78,476.78,0.8162,-1,-1,-1
166,1,296.03,0.00,206.51,480.00,0.9216,-1,-1,-1
167,27,547.31,202.84,17.26,42.58,0.3512,-1,-1,-1
167,24,496.13,183.74,33.92,88.65,0.7214,-1,-1,-1
167,18,184.66,10.70,94.57,432.34,0.8182,-1,-1,-1
167,2,0.00,0.48,221.14,472.75,0.7953,-1,-1,-1
167,1,294.84,0.00,207.18,480.00,0.9167,-1,-1,-1
168,29,525.32,189.70,19.14,62.30,0.3096,-1,-1,-1
168,27,547.50,200.83,20.70,45.08,0.3975,-1,-1,-1
168,24,496.05,182.83,34.11,89.40,0.7233,-1,-1,-1
168,18,183.65,10.65,94.85,432.21,0.8437,-1,-1,-1
168,2,0.00,0.42,220.87,474.53,0.8190,-1,-1,-1
168,1,293.73,0.00,207.58,480.00,0.9130,-1,-1,-1
169,27,548.23,202.91,20.13,42.03,0.3260,-1,-1,-1
169,24,496.54,183.97,33.33,89.00,0.7324,-1,-1,-1
169,18,183.16,10.57,96.02,433.54,0.8433,-1,-1,-1
169,2,0.00,0.32,220.68,474.27,0.7544,-1,-1,-1
169,1,286.03,1.13,215.44,473.80,0.9026,-1,-1,-1
170,29,526.71,188.77,17.71,63.87,0.3595,-1,-1,-1
170,24,496.41,182.75,33.65,89.92,0.7141,-1,-1,-1
170,18,182.87,10.02,96.31,435.81,0.8439,-1,-1,-1
170,2,0.00,0.26,220.02,471.72,0.7596,-1,-1,-1
170,1,280.68,0.84,220.49,473.94,0.8991,-1,-1,-1
171,18,182.32,9.88,96.89,437.38,0.8462,-1,-1,-1
171,2,0.02,0.00,219.26,473.95,0.7943,-1,-1,-1
171,1,279.81,0.67,221.06,474.78,0.9022,-1,-1,-1
172,18,182.57,9.99,96.61,437.78,0.8467,-1,-1,-1
172,2,0.00,0.24,219.05,476.01,0.8444,-1,-1,-1
172,1,281.83,0.80,219.10,475.66,0.8971,-1,-1,-1
173,18,181.55,10.07,97.90,436.64,0.8486,-1,-1,-1
173,2,0.10,0.12,218.88,477.03,0.8153,-1,-1,-1
173,1,283.51,0.70,216.39,476.90,0.8991,-1,-1,-1
174,18,181.12,10.23,97.99,436.76,0.8488,-1,-1,-1
174,2,0.00,0.12,218.68,476.12,0.8272,-1,-1,-1
174,1,283.13,0.90,216.19,477.10,0.9030,-1,-1,-1
175,18,179.88,10.96,100.12,442.70,0.8491,-1,-1,-1
175,2,0.06,0.06,218.52,477.05,0.8592,-1,-1,-1
175,1,281.00,0.87,218.22,477.46,0.8519,-1,-1,-1
176,18,180.73,11.36,99.60,439.14,0.8400,-1,-1,-1
176,2,0.00,0.00,218.90,476.87,0.8270,-1,-1,-1
176,1,283.81,0.00,215.39,479.17,0.8984,-1,-1,-1
177,18,181.04,11.69,97.98,438.76,0.8552,-1,-1,-1
177,2,0.00,0.00,218.66,474.45,0.7938,-1,-1,-1
177,1,282.88,0.61,216.19,475.29,0.8925,-1,-1,-1
178,27,547.43,202.93,18.86,42.92,0.5525,-1,-1,-1
178,24,495.85,183.47,34.64,89.44,0.7170,-1,-1,-1
178,18,180.13,11.10,99.72,436.73,0.8605,-1,-1,-1
178,2,0.07,0.09,218.18,477.56,0.8278,-1,-1,-1
178,1,282.10,0.00,219.29,478.33,0.9043,-1,-1,-1
179,27,548.70,204.53,17.96,40.92,0.4062,-1,-1,-1
179,24,496.40,183.29,33.78,89.63,0.7315,-1,-1,-1
179,18,181.01,11.29,98.32,440.21,0.8658,-1,-1,-1
179,2,0.11,0.10,218.13,475.80,0.8363,-1,-1,-1
179,1,266.93,0.60,233.73,477.00,0.8600,-1,-1,-1
180,27,549.80,206.32,17.13,39.94,0.3469,-1,-1,-1
180,24,496.34,183.27,33.28,89.47,0.7048,-1,-1,-1
180,18,180.43,11.39,98.89,437.79,0.8560,-1,-1,-1
180,2,0.00,0.18,218.42,477.62,0.8416,-1,-1,-1
180,1,283.66,0.00,217.50,479.26,0.9031,-1,-1,-1
181,27,549.77,206.56,17.29,40.09,0.3747,-1,-1,-1
181,24,496.57,183.50,32.82,89.32,0.7023,-1,-1,-1
181,18,182.15,11.73,96.89,437.25,0.8608,-1,-1,-1
181,2,0.00,0.04,218.22,476.73,0.8204,-1,-1,-1
181,1,281.87,0.00,219.96,479.92,0.9067,-1,-1,-1
182,24,496.60,183.72,32.60,88.53,0.7114,-1,-1,-1
182,18,181.32,11.14,97.24,435.40,0.8436,-1,-1,-1
182,2,0.00,0.25,217.86,474.26,0.8312,-1,-1,-1
182,1,282.73,0.62,220.96,475.22,0.9032,-1,-1,-1
183,29,523.25,188.65,23.89,68.38,0.5397,-1,-1,-1
183,27,548.71,205.75,16.04,40.58,0.3512,-1,-1,-1
183,24,497.07,184.60,31.17,87.77,0.7192,-1,-1,-1
183,18,182.04,11.69,96.38,435.96,0.8514,-1,-1,-1
183,2,0.01,0.44,218.84,476.08,0.8450,-1,-1,-1
183,1,283.13,0.55,221.26,475.93,0.9035,-1,-1,-1
184,29,524.06,187.48,25.54,69.69,0.5914,-1,-1,-1
184,24,497.94,184.12,29.75,88.57,0.7046,-1,-1,-1
184,18,181.15,11.58,97.25,435.25,0.8483,-1,-1,-1
184,2,0.16,0.47,218.44,474.84,0.8219,-1,-1,-1
184,1,285.34,0.85,220.75,475.28,0.9052,-1,-1,-1
185,29,522.84,189.08,25.59,66.93,0.4274,-1,-1,-1
185,27,546.78,202.69,18.39,44.32,0.3311,-1,-1,-1
185,24,498.52,184.45,29.36,87.56,0.7023,-1,-1,-1
185,18,180.71,11.57,97.54,435.18,0.8490,-1,-1,-1
185,2,0.06,0.34,218.49,475.43,0.8312,-1,-1,-1
185,1,288.78,0.78,219.00,474.78,0.8970,-1,-1,-1
186,29,522.74,187.79,22.65,68.81,0.5189,-1,-1,-1
186,27,548.44,205.07,18.08,42.14,0.3172,-1,-1,-1
186,24,498.65,185.52,28.73,85.97,0.6990,-1,-1,-1
186,18,181.25,11.45,97.23,435.86,0.8525,-1,-1,-1
186,2,0.00,0.36,218.73,476.51,0.8592,-1,-1,-1
186,1,294.84,1.14,214.52,474.37,0.9136,-1,-1,-1
187,29,522.91,191.96,20.90,64.84,0.5343,-1,-1,-1
187,24,499.37,185.66,27.98,85.40,0.6710,-1,-1,-1
187,18,182.37,11.46,96.00,435.76,0.8491,-1,-1,-1
187,2,0.08,0.28,218.68,475.84,0.8708,-1,-1,-1
187,1,294.77,1.05,215.40,474.78,0.9097,-1,-1,-1
188,31,292.85,178.64,23.70,77.07,0.4594,-1,-1,-1
188,29,522.65,192.09,19.52,67.56,0.4158,-1,-1,-1
188,27,549.48,206.60,16.36,40.52,0.3239,-1,-1,-1
188,24,499.78,185.18,28.15,86.52,0.6812,-1,-1,-1
188,18,181.10,11.35,97.34,435.54,0.8515,-1,-1,-1
188,2,0.06,0.39,218.67,475.90,0.8589,-1,-1,-1
188,1,295.99,0.98,214.18,474.19,0.9124,-1,-1,-1
189,31,293.80,177.88,23.32,76.10,0.3296,-1,-1,-1
189,29,523.86,189.16,20.52,70.20,0.5311,-1,-1,-1
189,24,499.39,184.41,28.80,87.17,0.6823,-1,-1,-1
189,18,181.33,10.92,96.78,435.87,0.8536,-1,-1,-1
189,2,0.07,0.27,218.70,475.43,0.8381,-1,-1,-1
189,1,296.59,0.87,213.29,473.87,0.9132,-1,-1,-1
190,31,293.70,178.21,23.21,78.45,0.4625,-1,-1,-1
190,29,523.40,188.88,20.25,70.94,0.5012,-1,-1,-1
190,24,499.07,185.56,29.07,85.83,0.6714,-1,-1,-1
190,18,181.76,11.05,96.32,434.63,0.8424,-1,-1,-1
190,2,0.08,0.30,218.53,475.34,0.8496,-1,-1,-1
190,1,296.47,0.78,213.47,474.71,0.9128,-1,-1,-1
191,31,294.67,178.00,22.94,78.24,0.5037,-1,-1,-1
191,29,524.99,189.46,21.23,69.72,0.4344,-1,-1,-1
191,24,498.89,184.73,29.50,87.46,0.6867,-1,-1,-1
191,18,181.56,10.88,96.63,435.82,0.8468,-1,-1,-1
191,2,0.11,0.42,218.40,475.72,0.8551,-1,-1,-1
191,1,296.65,0.94,212.90,474.62,0.9146,-1,-1,-1
192,31,294.33,178.37,23.07,77.53,0.4821,-1,-1,-1
192,24,498.88,184.45,29.49,87.03,0.6720,-1,-1,-1
192,18,180.84,11.10,97.54,435.72,0.8523,-1,-1,-1
192,2,0.07,0.39,218.36,475.57,0.8473,-1,-1,-1
192,1,295.51,0.96,214.17,474.41,0.9103,-1,-1,-1
193,31,293.17,177.23,23.93,77.76,0.3573,-1,-1,-1
193,29,525.07,188.96,24.84,72.05,0.3451,-1,-1,-1
193,24,499.08,184.74,29.10,87.50,0.6924,-1,-1,-1
193,18,181.50,11.16,96.81,436.36,0.8511,-1,-1,-1
193,2,0.13,0.35,217.90,474.34,0.8332,-1,-1,-1
193,1,294.42,0.69,215.28,474.59,0.9085,-1,-1,-1
194,29,523.14,188.74,26.97,73.07,0.3124,-1,-1,-1
194,24,499.32,184.61,29.01,87.71,0.6951,-1,-1,-1
194,18,180.30,10.99,97.78,436.79,0.8553,-1,-1,-1
194,2,0.21,0.36,217.32,475.85,0.8346,-1,-1,-1
194,1,290.13,0.44,219.21,475.76,0.8971,-1,-1,-1
195,24,498.91,184.17,28.55,88.50,0.6763,-1,-1,-1
195,18,180.16,10.98,97.40,436.84,0.8556,-1,-1,-1
195,2,0.28,0.54,217.10,475.64,0.8488,-1,-1,-1
195,1,285.37,0.43,223.65,476.15,0.8811,-1,-1,-1
196,29,526.51,189.98,28.65,72.02,0.3369,-1,-1,-1
196,24,499.67,183.62,28.84,89.14,0.6645,-1,-1,-1
196,18,178.95,10.94,98.83,436.86,0.8554,-1,-1,-1
196,2,0.35,0.40,216.72,474.13,0.7972,-1,-1,-1
196,1,282.57,0.48,226.38,476.24,0.8900,-1,-1,-1
197,29,526.52,189.63,26.84,73.30,0.3976,-1,-1,-1
197,24,499.00,184.52,29.31,87.76,0.6448,-1,-1,-1
197,18,178.15,10.32,99.29,437.56,0.8518,-1,-1,-1
197,2,0.30,0.43,217.16,474.29,0.8442,-1,-1,-1
197,1,281.16,0.49,228.73,476.66,0.8978,-1,-1,-1
198,29,527.56,188.13,36.56,75.07,0.3534,-1,-1,-1
198,24,499.18,184.76,30.11,87.66,0.6917,-1,-1,-1
198,18,177.31,10.43,98.84,438.50,0.8591,-1,-1,-1
198,2,0.29,0.50,216.32,474.69,0.8635,-1,-1,-1
198,1,281.10,0.69,228.14,475.90,0.9113,-1,-1,-1
199,29,540.13,187.21,23.35,73.74,0.3566,-1,-1,-1
199,24,498.15,184.67,30.79,86.41,0.6873,-1,-1,-1
199,18,175.91,11.40,98.58,437.71,0.8503,-1,-1,-1
199,2,0.12,1.57,216.73,473.37,0.8072,-1,-1,-1
199,1,279.38,0.67,229.72,476.63,0.9095,-1,-1,-1
200,29,529.24,185.72,35.97,74.35,0.4083,-1,-1,-1
200,24,498.19,185.21,30.77,87.31,0.7195,-1,-1,-1
200,18,174.55,11.99,96.52,437.68,0.8485,-1,-1,-1
200,2,0.07,5.30,216.31,469.01,0.7861,-1,-1,-1
200,1,277.00,0.74,231.66,475.70,0.9050,-1,-1,-1
201,24,497.58,185.19,30.12,87.47,0.7009,-1,-1,-1
201,18,169.54,12.92,99.15,438.69,0.8343,-1,-1,-1
201,2,0.14,3.17,216.42,471.06,0.7745,-1,-1,-1
201,1,274.17,0.00,233.53,480.00,0.9074,-1,-1,-1
202,35,524.82,189.14,26.84,75.67,0.3486,-1,-1,-1
202,31,291.76,178.62,19.84,43.46,0.3215,-1,-1,-1
202,24,497.31,185.33,29.85,87.23,0.6885,-1,-1,-1
202,18,164.06,15.32,100.60,435.67,0.8106,-1,-1,-1
202,2,0.11,7.18,216.80,468.84,0.7267,-1,-1,-1
202,1,273.48,0.00,233.38,480.00,0.9086,-1,-1,-1
203,35,524.10,188.05,27.98,77.01,0.5201,-1,-1,-1
203,24,496.91,184.76,29.76,88.21,0.7033,-1,-1,-1
203,18,155.46,16.90,106.56,432.35,0.7761,-1,-1,-1
203,2,0.43,14.27,215.16,462.01,0.6435,-1,-1,-1
203,1,273.35,0.00,232.78,478.58,0.8959,-1,-1,-1
204,35,519.68,189.45,31.57,76.79,0.5684,-1,-1,-1
204,24,495.18,186.33,29.60,86.99,0.7613,-1,-1,-1
204,18,155.88,18.92,101.98,419.88,0.8095,-1,-1,-1
204,2,0.23,1.44,214.43,470.12,0.6953,-1,-1,-1
204,1,273.15,0.82,232.42,474.41,0.8901,-1,-1,-1
205,35,521.86,187.77,30.23,78.62,0.5856,-1,-1,-1
205,27,546.58,207.68,15.30,42.55,0.3068,-1,-1,-1
205,24,496.22,186.50,28.63,85.96,0.7397,-1,-1,-1
205,18,154.15,20.90,97.61,412.72,0.8104,-1,-1,-1
205,2,0.15,0.97,214.17,470.10,0.6693,-1,-1,-1
205,1,272.15,1.01,234.57,473.69,0.8817,-1,-1,-1
206,35,523.67,186.72,29.65,78.24,0.4722,-1,-1,-1
206,27,548.92,204.32,13.42,45.95,0.3125,-1,-1,-1
206,24,495.21,186.48,29.39,85.43,0.7056,-1,-1,-1
206,18,153.42,23.29,95.33,406.62,0.7806,-1,-1,-1
206,2,0.11,1.90,212.20,471.31,0.6222,-1,-1,-1
206,1,269.52,0.73,236.97,474.02,0.8895,-1,-1,-1
207,35,519.46,185.50,31.45,80.06,0.5190,-1,-1,-1
207,27,548.09,202.04,14.00,48.51,0.3132,-1,-1,-1
207,24,495.27,185.96,28.63,86.25,0.7397,-1,-1,-1
207,18,156.28,25.01,92.12,396.09,0.7154,-1,-1,-1
207,2,0.19,2.12,211.48,469.60,0.5662,-1,-1,-1
207,1,271.86,0.94,234.47,474.16,0.8838,-1,-1,-1
208,35,519.52,187.10,34.97,78.17,0.4416,-1,-1,-1
208,24,493.67,186.65,29.86,87.15,0.7037,-1,-1,-1
208,18,166.67,30.07,85.08,374.34,0.7923,-1,-1,-1
208,2,0.17,0.31,210.95,474.11,0.7752,-1,-1,-1
208,1,263.39,0.59,243.59,475.05,0.8868,-1,-1,-1
209,35,521.20,185.82,33.90,81.94,0.4616,-1,-1,-1
209,24,494.49,185.95,29.07,86.76,0.7296,-1,-1,-1
209,18,169.97,33.66,81.06,365.33,0.7932,-1,-1,-1
209,2,0.00,0.35,209.15,474.43,0.7689,-1,-1,-1
209,1,261.22,0.83,246.08,475.41,0.8914,-1,-1,-1
210,35,519.84,186.45,24.43,80.65,0.4354,-1,-1,-1
210,24,492.52,185.60,30.56,88.31,0.7283,-1,-1,-1
210,18,173.09,44.93,79.66,352.95,0.8382,-1,-1,-1
210,2,0.25,1.03,204.15,474.47,0.8731,-1,-1,-1
210,1,256.54,0.76,248.78,476.52,0.8625,-1,-1,-1
211,35,524.68,184.99,24.84,80.49,0.4123,-1,-1,-1
211,24,491.65,183.53,31.57,89.75,0.7399,-1,-1,-1
211,18,171.83,48.12,84.59,349.30,0.8473,-1,-1,-1
211,2,0.17,1.42,201.06,475.69,0.8797,-1,-1,-1
211,1,267.97,1.21,237.03,476.53,0.8114,-1,-1,-1
212,35,524.90,187.07,34.01,78.66,0.3883,-1,-1,-1
212,24,491.15,185.97,30.02,89.49,0.7198,-1,-1,-1
212,18,169.79,54.39,93.42,345.29,0.8593,-1,-1,-1
212,2,0.41,0.75,197.27,472.21,0.8258,-1,-1,-1
212,1,264.31,1.09,240.44,476.46,0.8356,-1,-1,-1
213,35,520.76,186.01,24.30,80.23,0.4456,-1,-1,-1
213,24,490.15,184.71,29.26,89.40,0.6660,-1,-1,-1
213,18,167.57,53.62,103.73,344.85,0.8614,-1,-1,-1
213,2,0.47,2.47,188.25,473.75,0.7969,-1,-1,-1
213,1,252.20,1.24,250.90,477.02,0.8697,-1,-1,-1
214,35,517.74,185.27,26.65,83.24,0.5570,-1,-1,-1
214,24,489.69,184.75,28.57,90.00,0.7141,-1,-1,-1
214,18,154.72,56.12,121.85,354.10,0.8708,-1,-1,-1
214,2,0.37,0.58,183.46,477.29,0.8094,-1,-1,-1
214,1,254.55,0.78,245.16,476.73,0.8786,-1,-1,-1
215,35,516.15,184.50,26.49,83.61,0.5477,-1,-1,-1
215,27,539.13,198.53,20.22,54.35,0.4532,-1,-1,-1
215,24,485.34,185.06,33.07,89.38,0.7068,-1,-1,-1
215,18,161.61,56.35,117.85,345.47,0.8817,-1,-1,-1
215,2,0.54,0.19,182.72,476.36,0.7633,-1,-1,-1
215,1,256.26,0.65,241.33,475.24,0.8979,-1,-1,-1
216,35,520.95,187.16,19.77,79.79,0.4104,-1,-1,-1
216,27,536.89,197.70,20.78,53.22,0.4401,-1,-1,-1
216,24,488.00,184.36,28.18,90.06,0.7332,-1,-1,-1
216,18,168.01,59.12,114.36,341.10,0.8861,-1,-1,-1
216,2,0.52,0.34,179.18,474.10,0.7167,-1,-1,-1
216,1,255.97,0.28,239.09,476.27,0.8769,-1,-1,-1
217,35,522.59,184.99,19.06,79.83,0.5046,-1,-1,-1
217,27,538.27,196.32,19.25,54.54,0.4279,-1,-1,-1
217,24,485.50,182.36,31.58,91.77,0.7298,-1,-1,-1
217,18,170.47,61.78,115.00,339.38,0.8841,-1,-1,-1
217,2,0.55,0.22,179.04,477.26,0.8020,-1,-1,-1
217,1,289.37,1.16,204.93,478.84,0.8184,-1,-1,-1
218,35,521.77,190.98,18.57,75.58,0.3869,-1,-1,-1
218,24,482.23,181.68,31.34,95.01,0.7212,-1,-1,-1
218,18,173.72,69.06,113.98,331.45,0.8689,-1,-1,-1
218,2,0.55,0.38,181.13,478.33,0.7898,-1,-1,-1
218,1,264.12,1.06,225.90,478.94,0.7991,-1,-1,-1
219,35,506.36,184.69,30.45,83.54,0.4138,-1,-1,-1
219,27,535.06,198.35,21.71,53.93,0.3232,-1,-1,-1
219,24,481.35,180.45,30.87,94.29,0.7534,-1,-1,-1
219,18,181.16,74.77,110.23,325.71,0.8703,-1,-1,-1
219,2,0.44,0.37,182.86,476.07,0.8154,-1,-1,-1
219,1,294.36,0.10,193.39,479.70,0.8277,-1,-1,-1
220,35,509.85,184.27,27.40,84.75,0.5777,-1,-1,-1
220,27,537.79,199.00,21.58,52.15,0.3208,-1,-1,-1
220,24,480.02,180.24,31.16,95.99,0.7702,-1,-1,-1
220,18,186.38,80.18,105.38,316.98,0.8614,-1,-1,-1
220,2,0.27,0.30,186.84,476.18,0.8099,-1,-1,-1
220,1,292.97,9.81,191.19,468.50,0.7506,-1,-1,-1
221,35,506.76,184.31,29.44,84.57,0.6155,-1,-1,-1
221,27,537.78,200.05,21.18,52.09,0.3598,-1,-1,-1
221,24,483.83,181.74,25.65,93.55,0.7414,-1,-1,-1
221,18,189.48,87.93,104.32,301.21,0.8712,-1,-1,-1
221,2,0.10,0.98,193.16,475.60,0.7589,-1,-1,-1
221,1,268.14,22.37,218.49,456.95,0.8680,-1,-1,-1
222,35,506.69,182.39,30.43,86.60,0.6742,-1,-1,-1
222,27,538.50,204.06,21.04,49.37,0.4664,-1,-1,-1
222,24,486.75,182.99,24.00,91.57,0.6508,-1,-1,-1
222,18,196.76,90.58,102.22,290.10,0.8688,-1,-1,-1
222,2,0.12,2.44,199.07,477.56,0.5466,-1,-1,-1
222,1,282.46,28.42,209.59,450.90,0.9130,-1,-1,-1
223,35,506.60,183.73,29.17,88.15,0.4508,-1,-1,-1
223,27,537.77,203.85,22.17,49.77,0.5082,-1,-1,-1
223,24,488.83,182.56,21.75,97.69,0.4531,-1,-1,-1
223,18,203.11,92.75,96.52,273.25,0.8623,-1,-1,-1
223,2,0.06,0.70,211.93,472.07,0.7692,-1,-1,-1
223,1,290.19,32.72,206.03,447.28,0.8906,-1,-1,-1
224,35,508.96,185.75,25.22,86.53,0.3174,-1,-1,-1
224,27,538.06,202.93,22.06,50.89,0.5161,-1,-1,-1
224,24,488.76,182.60,23.49,95.53,0.5212,-1,-1,-1
224,18,208.24,95.03,92.81,271.21,0.8636,-1,-1,-1
224,2,0.00,0.92,216.08,474.95,0.6625,-1,-1,-1
224,1,291.57,35.19,205.32,444.81,0.9123,-1,-1,-1
225,37,561.15,204.53,15.75,39.10,0.3295,-1,-1,-1
225,27,538.62,201.01,22.50,53.34,0.5126,-1,-1,-1
225,24,486.00,184.25,28.88,94.55,0.6247,-1,-1,-1
225,18,214.05,101.82,89.21,266.21,0.8741,-1,-1,-1
225,2,0.00,0.00,220.20,478.10,0.8387,-1,-1,-1
225,1,292.67,38.84,202.26,440.07,0.9178,-1,-1,-1
226,35,510.96,189.71,21.28,82.53,0.4371,-1,-1,-1
226,27,539.18,202.00,23.27,53.55,0.5079,-1,-1,-1
226,24,484.31,180.16,30.27,98.50,0.6675,-1,-1,-1
226,18,219.82,107.78,85.64,260.60,0.8761,-1,-1,-1
226,2,0.00,2.22,227.05,473.81,0.8230,-1,-1,-1
226,1,295.27,43.37,193.17,436.63,0.9126,-1,-1,-1
227,35,510.30,188.50,21.49,83.96,0.4050,-1,-1,-1
227,27,540.09,201.03,21.94,54.01,0.5445,-1,-1,-1
227,24,481.07,180.29,33.21,100.34,0.7182,-1,-1,-1
227,18,222.02,111.16,87.21,249.63,0.8699,-1,-1,-1
227,2,0.13,1.15,227.09,475.70,0.8145,-1,-1,-1
227,1,299.19,49.69,182.94,430.31,0.9026,-1,-1,-1
228,37,563.11,195.22,15.99,49.81,0.3400,-1,-1,-1
228,35,510.69,185.27,21.93,87.06,0.3761,-1,-1,-1
228,27,542.25,201.72,21.28,55.00,0.5634,-1,-1,-1
228,24,481.86,180.39,34.12,102.84,0.7394,-1,-1,-1
228,18,231.01,111.20,84.07,245.88,0.8428,-1,-1,-1
228,2,0.09,1.36,231.34,475.80,0.9134,-1,-1,-1
228,1,302.78,55.03,172.52,423.92,0.9123,-1,-1,-1
229,37,564.73,202.66,17.50,44.51,0.3110,-1,-1,-1
229,27,543.12,199.78,23.74,58.31,0.5928,-1,-1,-1
229,24,484.75,183.84,31.70,100.96,0.6984,-1,-1,-1
229,18,236.82,109.73,86.18,231.55,0.8608,-1,-1,-1
229,2,0.80,1.53,225.49,475.93,0.9023,-1,-1,-1
229,1,306.42,61.61,158.02,418.39,0.9038,-1,-1,-1
230,38,454.11,169.04,33.40,123.16,0.6905,-1,-1,-1
230,27,545.68,199.48,21.22,59.11,0.6461,-1,-1,-1
230,24,485.96,182.97,32.05,102.89,0.6962,-1,-1,-1
230,18,239.36,110.21,84.67,229.97,0.8485,-1,-1,-1
230,2,0.14,1.41,223.27,477.80,0.8906,-1,-1,-1
230,1,309.13,66.15,151.38,413.21,0.8854,-1,-1,-1
231,38,453.14,165.29,38.56,126.46,0.7729,-1,-1,-1
231,35,515.39,184.59,22.73,88.93,0.4091,-1,-1,-1
231,27,552.04,199.51,22.32,59.03,0.6642,-1,-1,-1
231,24,489.27,183.52,29.31,103.02,0.7234,-1,-1,-1
231,18,244.97,110.41,83.42,229.55,0.8647,-1,-1,-1
231,2,0.24,4.95,222.38,470.25,0.7193,-1,-1,-1
231,1,308.35,66.13,148.31,413.87,0.8866,-1,-1,-1
232,40,575.07,156.52,64.83,201.62,0.6590,-1,-1,-1
232,38,456.23,162.70,42.03,130.49,0.7573,-1,-1,-1
232,35,514.66,184.00,25.05,92.78,0.5440,-1,-1,-1
232,27,552.91,199.62,26.76,60.48,0.5284,-1,-1,-1
232,24,494.26,183.14,25.00,101.45,0.6567,-1,-1,-1
232,18,251.81,113.69,81.08,227.95,0.8517,-1,-1,-1
232,2,0.53,5.66,221.60,472.98,0.8021,-1,-1,-1
232,1,325.25,65.41,135.50,413.53,0.8691,-1,-1,-1
233,40,576.65,164.32,63.28,190.50,0.3396,-1,-1,-1
233,38,467.04,160.12,38.08,133.31,0.6892,-1,-1,-1
233,35,522.10,184.88,20.34,92.35,0.5430,-1,-1,-1
233,27,557.65,198.82,25.36,61.40,0.6123,-1,-1,-1
233,24,503.06,178.73,19.72,98.11,0.3929,-1,-1,-1
233,18,258.22,119.08,79.03,223.27,0.8269,-1,-1,-1
233,2,0.25,2.49,221.33,470.53,0.5823,-1,-1,-1
233,1,332.58,64.23,131.68,415.40,0.8698,-1,-1,-1
234,40,585.96,167.53,53.93,216.44,0.4547,-1,-1,-1
234,38,477.32,160.48,37.20,132.04,0.5223,-1,-1,-1
234,37,566.57,202.98,21.08,57.41,0.5035,-1,-1,-1
234,35,519.76,184.53,26.20,92.68,0.4935,-1,-1,-1
234,24,492.41,162.47,29.47,130.00,0.3093,-1,-1,-1
234,18,265.98,121.56,75.71,216.86,0.8079,-1,-1,-1
234,2,0.48,1.56,223.05,470.63,0.6600,-1,-1,-1
234,1,322.56,70.27,164.62,409.73,0.8999,-1,-1,-1
235,38,484.55,158.98,36.72,129.50,0.3944,-1,-1,-1
235,35,526.88,187.07,23.19,92.83,0.4079,-1,-1,-1
235,27,570.04,198.27,28.09,63.60,0.4998,-1,-1,-1
235,18,270.37,121.67,77.36,213.18,0.8103,-1,-1,-1
235,2,6.09,0.81,219.98,477.72,0.8442,-1,-1,-1
235,1,334.49,74.74,168.31,405.15,0.8957,-1,-1,-1
236,41,0.05,115.13,44.46,181.63,0.5008,-1,-1,-1
236,40,609.59,168.16,30.28,273.08,0.5694,-1,-1,-1
236,38,505.86,173.85,28.45,114.05,0.3176,-1,-1,-1
236,35,530.31,192.04,26.15,85.59,0.4806,-1,-1,-1
236,27,574.95,190.70,29.28,70.13,0.5559,-1,-1,-1
236,18,278.74,117.47,73.58,205.99,0.7915,-1,-1,-1
236,2,6.98,0.80,224.01,477.20,0.8866,-1,-1,-1
236,1,343.23,79.37,169.46,400.63,0.8976,-1,-1,-1
237,41,0.52,119.94,57.22,153.35,0.5860,-1,-1,-1
237,40,610.33,202.53,29.53,276.44,0.6427,-1,-1,-1
237,38,490.99,163.07,44.86,156.87,0.3035,-1,-1,-1
237,35,541.66,182.79,18.90,96.53,0.4479,-1,-1,-1
237,27,584.68,192.62,27.44,69.29,0.5674,-1,-1,-1
237,18,286.73,118.90,74.57,204.36,0.8394,-1,-1,-1
237,2,8.11,7.14,232.39,471.98,0.8754,-1,-1,-1
237,1,361.95,88.23,164.67,391.31,0.9058,-1,-1,-1
238,42,241.89,170.44,30.03,102.72,0.5702,-1,-1,-1
238,41,0.19,116.74,66.82,156.43,0.4620,-1,-1,-1
238,40,609.25,205.83,30.64,274.00,0.5993,-1,-1,-1
238,35,545.57,185.33,20.53,97.52,0.3528,-1,-1,-1
238,27,589.25,195.34,29.46,67.98,0.5369,-1,-1,-1
238,18,290.05,120.11,77.08,202.92,0.8210,-1,-1,-1
238,2,9.86,7.22,235.96,472.78,0.8706,-1,-1,-1
238,1,373.61,85.62,162.76,394.38,0.9026,-1,-1,-1
239,43,364.96,175.66,23.45,86.77,0.5244,-1,-1,-1
239,42,248.04,163.23,32.88,115.52,0.5147,-1,-1,-1
239,41,0.00,115.51,81.17,348.45,0.4076,-1,-1,-1
239,40,597.50,216.04,42.34,263.84,0.3968,-1,-1,-1
239,27,595.06,200.28,29.56,63.13,0.3599,-1,-1,-1
239,18,305.71,124.69,65.02,198.79,0.7860,-1,-1,-1
239,2,3.04,14.13,249.23,465.49,0.8336,-1,-1,-1
239,1,391.54,88.33,156.17,391.20,0.8984,-1,-1,-1
240,44,0.00,166.25,45.30,96.87,0.5306,-1,-1,-1
240,43,366.05,180.75,24.73,79.68,0.4234,-1,-1,-1
240,42,252.64,158.72,38.14,116.23,0.7077,-1,-1,-1
240,27,596.56,189.49,31.52,72.53,0.5215,-1,-1,-1
240,18,304.69,124.91,69.41,194.32,0.7560,-1,-1,-1
240,2,18.83,15.13,243.37,463.52,0.7602,-1,-1,-1
240,1,398.25,85.22,160.29,373.10,0.8861,-1,-1,-1
241,43,366.19,180.76,24.09,79.82,0.3868,-1,-1,-1
241,41,0.25,110.77,105.12,327.15,0.3259,-1,-1,-1
241,27,598.02,198.65,30.65,56.62,0.3109,-1,-1,-1
241,18,308.79,123.35,76.79,194.29,0.7988,-1,-1,-1
241,2,0.00,14.71,265.82,460.72,0.7139,-1,-1,-1
241,1,410.56,83.13,154.28,376.24,0.8927,-1,-1,-1
242,45,392.54,180.84,25.26,80.30,0.5067,-1,-1,-1
242,41,3.37,114.74,104.96,324.82,0.4650,-1,-1,-1
242,40,591.26,167.05,48.56,312.16,0.7153,-1,-1,-1
242,18,290.02,121.98,94.52,192.76,0.8221,-1,-1,-1
242,2,47.82,9.18,225.46,470.82,0.8341,-1,-1,-1
242,1,414.02,86.86,149.09,377.89,0.8768,-1,-1,-1
243,45,391.18,180.89,26.73,81.04,0.5727,-1,-1,-1
243,44,17.93,165.87,45.96,86.27,0.6017,-1,-1,-1
243,41,9.55,115.51,101.62,326.06,0.3916,-1,-1,-1
243,40,575.85,19.38,64.01,460.62,0.7334,-1,-1,-1
243,38,531.02,139.29,37.29,177.94,0.3252,-1,-1,-1
243,18,304.18,121.71,78.24,189.37,0.8473,-1,-1,-1
243,2,51.73,6.85,224.94,471.09,0.8378,-1,-1,-1
243,1,415.00,88.79,146.23,380.99,0.8920,-1,-1,-1
244,45,393.76,178.83,25.16,83.35,0.5859,-1,-1,-1
244,44,10.15,168.58,57.30,85.90,0.7446,-1,-1,-1
244,40,543.15,2.21,96.63,477.79,0.8332,-1,-1,-1
244,38,536.89,135.14,34.79,84.65,0.3437,-1,-1,-1
244,18,316.53,120.40,66.03,189.70,0.7014,-1,-1,-1
244,2,76.33,6.89,205.72,468.75,0.7838,-1,-1,-1
244,1,424.31,90.36,141.42,378.75,0.8873,-1,-1,-1
245,47,413.45,172.73,31.06,106.68,0.4906,-1,-1,-1
245,45,391.62,179.57,25.58,82.39,0.6205,-1,-1,-1
245,40,530.97,0.00,108.91,478.60,0.7261,-1,-1,-1
245,18,310.87,121.16,72.12,192.89,0.7878,-1,-1,-1
245,2,69.55,9.69,214.38,449.49,0.8552,-1,-1,-1
245,1,428.75,87.38,133.81,385.17,0.8594,-1,-1,-1
246,47,411.44,169.23,39.23,109.47,0.7346,-1,-1,-1
246,45,387.89,174.87,28.17,86.97,0.5738,-1,-1,-1
246,44,0.22,162.61,34.65,90.88,0.7543,-1,-1,-1
246,40,533.56,0.00,106.32,479.04,0.7503,-1,-1,-1
246,18,306.08,121.01,75.73,190.42,0.8130,-1,-1,-1
246,2,74.24,9.01,212.91,468.23,0.9022,-1,-1,-1
246,1,434.08,86.28,119.00,381.85,0.8572,-1,-1,-1
247,48,28.41,195.34,18.77,38.50,0.5783,-1,-1,-1
247,47,408.75,171.63,32.84,106.78,0.7498,-1,-1,-1
247,45,386.33,176.33,25.92,84.66,0.6350,-1,-1,-1
247,44,0.35,165.79,15.96,87.93,0.6919,-1,-1,-1
247,40,504.09,0.80,135.41,477.30,0.8080,-1,-1,-1
247,18,307.05,122.25,72.15,190.04,0.8133,-1,-1,-1
247,2,80.60,9.97,206.90,466.33,0.9033,-1,-1,-1
247,1,436.81,85.19,116.66,364.12,0.8352,-1,-1,-1
248,49,285.42,168.74,28.10,93.46,0.5171,-1,-1,-1
248,48,27.18,194.72,18.77,38.93,0.6145,-1,-1,-1
248,47,407.51,170.31,34.70,110.02,0.7695,-1,-1,-1
248,45,383.84,174.47,28.39,87.24,0.6754,-1,-1,-1
248,40,524.96,0.98,114.87,479.02,0.8616,-1,-1,-1
248,18,306.41,122.66,73.31,190.09,0.8410,-1,-1,-1
248,2,87.56,8.73,201.93,469.66,0.8322,-1,-1,-1
248,1,436.23,87.81,130.13,353.16,0.8476,-1,-1,-1
249,49,290.34,169.59,24.37,92.33,0.6559,-1,-1,-1
249,48,29.19,195.41,17.11,38.11,0.5666,-1,-1,-1
249,47,410.46,170.11,34.94,110.91,0.7719,-1,-1,-1
249,45,386.05,173.95,29.48,88.02,0.6866,-1,-1,-1
249,42,311.68,121.75,72.89,186.70,0.8361,-1,-1,-1
249,40,497.68,0.74,141.94,477.06,0.8527,-1,-1,-1
249,2,97.72,7.10,197.30,471.65,0.8886,-1,-1,-1
249,1,446.27,86.50,122.94,360.16,0.7633,-1,-1,-1
250,49,297.54,172.87,21.54,91.63,0.5936,-1,-1,-1
250,48,32.93,197.06,18.39,39.56,0.5372,-1,-1,-1
250,47,414.20,171.91,35.24,113.30,0.7796,-1,-1,-1
250,45,390.20,175.02,30.28,91.06,0.6793,-1,-1,-1
250,42,318.83,123.09,71.51,181.99,0.8529,-1,-1,-1
250,40,502.77,0.63,137.06,479.37,0.8214,-1,-1,-1
250,2,109.98,7.91,193.75,470.44,0.9174,-1,-1,-1
250,1,459.87,87.54,122.79,366.26,0.6551,-1,-1,-1
251,51,78.35,177.38,41.42,89.74,0.5204,-1,-1,-1
251,48,35.05,197.01,17.10,40.61,0.5068,-1,-1,-1
251,47,414.90,170.53,36.98,116.27,0.7774,-1,-1,-1
251,45,394.74,175.10,27.06,91.35,0.6133,-1,-1,-1
251,42,324.52,123.92,67.33,182.28,0.8604,-1,-1,-1
251,40,511.29,0.26,128.54,479.66,0.8438,-1,-1,-1
251,2,120.57,10.14,189.08,469.86,0.9129,-1,-1,-1
252,51,66.50,179.66,50.94,90.39,0.6006,-1,-1,-1
252,48,37.08,199.30,16.25,40.55,0.4359,-1,-1,-1
252,47,416.44,174.51,35.92,116.94,0.7353,-1,-1,-1
252,45,397.37,177.33,27.16,92.26,0.5380,-1,-1,-1
252,42,327.88,128.65,65.94,181.58,0.8591,-1,-1,-1
252,40,519.09,3.26,120.62,470.73,0.8710,-1,-1,-1
252,24,465.68,149.22,54.83,172.59,0.5294,-1,-1,-1
252,2,126.86,17.09,189.76,462.91,0.8902,-1,-1,-1
253,51,65.78,180.13,49.93,93.81,0.7020,-1,-1,-1
253,48,42.91,202.34,14.84,39.12,0.4386,-1,-1,-1
253,47,420.55,174.23,36.97,120.32,0.6897,-1,-1,-1
253,45,401.08,174.01,27.36,95.45,0.5321,-1,-1,-1
253,42,333.69,130.63,68.27,182.52,0.8572,-1,-1,-1
253,40,523.30,5.41,116.53,466.94,0.8818,-1,-1,-1
253,24,460.98,142.34,57.69,179.05,0.7373,-1,-1,-1
253,2,137.71,28.19,186.01,451.67,0.8998,-1,-1,-1
254,51,67.99,179.93,44.73,93.16,0.6663,-1,-1,-1
254,48,44.37,203.03,14.73,39.17,0.3575,-1,-1,-1
254,47,421.61,171.39,37.94,123.54,0.6799,-1,-1,-1
254,45,405.01,175.60,25.99,95.12,0.4113,-1,-1,-1
254,42,338.89,133.79,63.29,179.87,0.8497,-1,-1,-1
254,40,529.04,4.03,110.51,473.27,0.8783,-1,-1,-1
254,24,459.93,141.41,56.71,181.82,0.7379,-1,-1,-1
254,2,147.43,28.71,182.30,450.72,0.8914,-1,-1,-1
255,55,111.35,143.08,55.35,160.49,0.7456,-1,-1,-1
255,54,504.20,146.30,39.57,151.80,0.3810,-1,-1,-1
255,51,59.27,180.54,40.40,97.34,0.6408,-1,-1,-1
255,47,418.80,171.91,37.93,126.17,0.6409,-1,-1,-1
255,42,342.41,137.17,60.12,178.68,0.8386,-1,-1,-1
255,40,527.86,3.99,111.64,475.18,0.8990,-1,-1,-1
255,24,440.47,142.26,74.29,187.26,0.8487,-1,-1,-1
255,2,129.10,37.82,211.78,442.07,0.8652,-1,-1,-1
256,55,81.44,134.49,73.19,169.11,0.6307,-1,-1,-1
256,54,495.41,168.36,46.25,134.33,0.5901,-1,-1,-1
256,51,37.96,178.07,48.06,100.71,0.6235,-1,-1,-1
256,47,415.70,168.10,36.28,130.49,0.5575,-1,-1,-1
256,42,344.42,134.22,58.52,177.16,0.7650,-1,-1,-1
256,40,525.63,0.78,114.10,477.28,0.9070,-1,-1,-1
256,24,427.44,141.49,86.09,190.57,0.8101,-1,-1,-1
256,2,166.54,35.40,186.31,443.81,0.8961,-1,-1,-1
257,55,58.08,131.54,84.88,176.53,0.7949,-1,-1,-1
257,54,489.25,167.58,51.72,143.55,0.6821,-1,-1,-1
257,51,14.77,178.95,64.86,101.52,0.6378,-1,-1,-1
257,42,345.71,132.76,52.41,176.25,0.7826,-1,-1,-1
257,40,524.23,0.35,115.45,478.76,0.9038,-1,-1,-1
257,24,426.96,139.06,84.25,196.22,0.8733,-1,-1,-1
257,2,168.62,35.85,185.80,442.20,0.8837,-1,-1,-1
258,55,32.85,132.32,99.08,180.09,0.8588,-1,-1,-1
258,54,483.58,163.97,53.50,149.13,0.6870,-1,-1,-1
258,51,0.72,183.41,52.18,95.81,0.3842,-1,-1,-1
258,42,343.09,133.20,55.87,179.67,0.7985,-1,-1,-1
258,40,483.43,0.60,156.45,479.40,0.8379,-1,-1,-1
258,24,412.40,132.01,78.58,207.70,0.8205,-1,-1,-1
258,2,151.71,27.48,202.99,449.83,0.8613,-1,-1,-1
259,55,11.44,129.12,111.37,184.90,0.8813,-1,-1,-1
259,54,480.35,163.23,58.63,149.86,0.6149,-1,-1,-1
259,51,0.56,176.08,43.46,99.05,0.4513,-1,-1,-1
259,42,344.52,136.49,50.99,177.09,0.7993,-1,-1,-1
259,40,472.71,0.00,167.16,480.00,0.8552,-1,-1,-1
259,24,397.90,128.36,72.94,213.25,0.8711,-1,-1,-1
259,2,150.71,28.49,200.53,449.96,0.8739,-1,-1,-1
260,55,0.00,127.24,104.65,192.60,0.8998,-1,-1,-1
260,54,473.13,141.69,58.20,177.82,0.6939,-1,-1,-1
260,42,335.99,141.20,53.45,173.76,0.7813,-1,-1,-1
260,40,498.57,1.22,141.16,478.78,0.8915,-1,-1,-1
260,24,391.22,127.50,72.18,224.96,0.7486,-1,-1,-1
260,2,143.40,27.45,197.75,452.55,0.9072,-1,-1,-1
261,55,0.15,124.19,78.98,195.54,0.8625,-1,-1,-1
261,54,466.61,146.63,46.65,178.65,0.6195,-1,-1,-1
261,42,323.73,145.80,58.06,171.78,0.8074,-1,-1,-1
261,40,488.76,1.42,151.07,477.67,0.9111,-1,-1,-1
261,24,359.98,129.39,99.73,232.71,0.8354,-1,-1,-1
261,2,134.08,26.73,193.25,453.27,0.8996,-1,-1,-1
262,51,0.05,157.62,40.38,162.69,0.3286,-1,-1,-1
262,42,317.46,146.56,56.35,168.79,0.6462,-1,-1,-1
262,40,459.25,1.81,180.51,475.67,0.8910,-1,-1,-1
262,24,332.48,128.39,111.80,240.56,0.8338,-1,-1,-1
262,2,117.78,21.87,195.33,457.56,0.8416,-1,-1,-1
263,43,388.21,165.33,58.01,151.06,0.3996,-1,-1,-1
263,40,442.95,0.83,196.79,477.61,0.9250,-1,-1,-1
263,24,320.73,120.98,102.37,257.71,0.8725,-1,-1,-1
263,2,108.96,11.76,196.10,468.24,0.8954,-1,-1,-1
264,40,437.74,0.56,201.99,478.99,0.9049,-1,-1,-1
264,24,318.18,117.17,106.55,264.02,0.8486,-1,-1,-1
264,2,103.14,10.58,194.33,468.10,0.8476,-1,-1,-1
265,40,431.31,0.84,208.33,476.67,0.9103,-1,-1,-1
265,24,287.81,107.71,78.37,279.98,0.7722,-1,-1,-1
265,18,374.52,160.70,47.22,156.48,0.8163,-1,-1,-1
265,2,72.93,8.07,219.40,471.54,0.8510,-1,-1,-1
266,42,336.29,147.34,41.72,157.44,0.7443,-1,-1,-1
266,40,424.85,0.77,214.84,476.09,0.8700,-1,-1,-1
266,24,284.18,99.29,63.73,287.54,0.7700,-1,-1,-1
266,18,370.66,156.03,46.84,159.78,0.7848,-1,-1,-1
266,2,80.38,9.30,212.11,470.24,0.8523,-1,-1,-1
267,42,315.26,140.39,51.16,158.34,0.8247,-1,-1,-1
267,40,422.74,0.89,217.12,476.41,0.9144,-1,-1,-1
267,24,256.53,88.73,82.83,293.50,0.7857,-1,-1,-1
267,18,359.97,146.92,63.13,165.32,0.7855,-1,-1,-1
267,2,57.86,6.79,229.15,471.65,0.8255,-1,-1,-1
268,56,285.54,159.88,29.89,101.68,0.3469,-1,-1,-1
268,42,308.81,134.02,54.44,161.47,0.8497,-1,-1,-1
268,40,423.30,0.61,216.46,476.11,0.9181,-1,-1,-1
268,24,242.45,77.40,90.84,300.98,0.4998,-1,-1,-1
268,18,355.61,141.18,66.34,166.40,0.7797,-1,-1,-1
268,2,36.41,0.91,246.71,479.09,0.7728,-1,-1,-1
269,56,275.98,145.46,34.69,130.46,0.3933,-1,-1,-1
269,42,308.06,130.08,53.18,158.68,0.7997,-1,-1,-1
269,40,419.36,0.91,220.64,474.09,0.9117,-1,-1,-1
269,18,347.26,135.54,60.23,171.11,0.7767,-1,-1,-1
269,2,32.69,0.00,262.87,480.00,0.8080,-1,-1,-1
269,1,592.29,146.55,47.57,287.12,0.4695,-1,-1,-1
270,42,311.00,110.69,40.84,160.21,0.7389,-1,-1,-1
270,40,405.00,0.73,235.00,476.45,0.9088,-1,-1,-1
270,18,337.52,114.73,56.96,176.86,0.7992,-1,-1,-1
270,2,37.08,0.65,255.32,479.16,0.8813,-1,-1,-1
270,1,589.61,179.37,50.29,228.12,0.6830,-1,-1,-1
271,49,298.57,110.83,23.63,122.65,0.3442,-1,-1,-1
271,42,315.71,83.80,34.62,162.11,0.5843,-1,-1,-1
271,40,400.30,0.65,239.64,479.35,0.9133,-1,-1,-1
271,18,328.21,86.35,60.01,182.11,0.7888,-1,-1,-1
271,2,31.89,0.48,258.87,474.91,0.8834,-1,-1,-1
271,1,591.68,93.87,48.25,274.09,0.5438,-1,-1,-1
272,56,271.00,67.61,39.21,138.28,0.4072,-1,-1,-1
272,41,21.15,0.20,122.17,386.70,0.3726,-1,-1,-1
272,40,396.88,0.20,242.67,479.80,0.9158,-1,-1,-1
272,18,314.65,47.74,67.38,192.06,0.8085,-1,-1,-1
272,2,32.44,0.61,245.16,441.29,0.7820,-1,-1,-1
272,1,590.43,39.31,49.45,299.65,0.4047,-1,-1,-1
273,56,252.47,61.18,61.42,147.16,0.7549,-1,-1,-1
273,41,0.72,5.07,101.95,372.37,0.3711,-1,-1,-1
273,40,397.48,0.18,242.14,479.75,0.9118,-1,-1,-1
273,18,311.24,41.22,65.63,195.05,0.7508,-1,-1,-1
273,2,24.90,0.96,247.11,446.43,0.6986,-1,-1,-1
273,1,585.34,138.00,54.49,180.48,0.3695,-1,-1,-1
274,56,258.63,80.78,51.08,142.42,0.7571,-1,-1,-1
274,41,0.00,1.04,66.57,263.52,0.4689,-1,-1,-1
274,40,396.93,0.48,241.83,473.21,0.9034,-1,-1,-1
274,18,306.12,54.78,69.16,199.07,0.7753,-1,-1,-1
274,2,81.93,0.00,180.55,478.76,0.7079,-1,-1,-1
274,1,585.94,59.47,53.96,264.82,0.4812,-1,-1,-1
275,56,265.24,100.53,38.77,139.43,0.6516,-1,-1,-1
275,41,0.00,82.97,53.23,236.40,0.6452,-1,-1,-1
275,40,394.70,0.30,241.50,475.35,0.8676,-1,-1,-1
275,18,297.14,73.21,65.94,203.08,0.7900,-1,-1,-1
275,2,33.21,0.22,221.22,476.21,0.8453,-1,-1,-1
275,1,599.87,5.85,40.04,324.71,0.5051,-1,-1,-1
276,56,260.08,133.33,47.24,131.68,0.4938,-1,-1,-1
276,44,0.15,169.84,28.28,99.11,0.4698,-1,-1,-1
276,40,404.10,0.42,234.52,478.23,0.9043,-1,-1,-1
276,18,292.53,102.06,71.43,204.51,0.8093,-1,-1,-1
276,2,39.37,0.63,210.53,466.99,0.8090,-1,-1,-1
276,1,604.40,132.92,35.12,224.73,0.4002,-1,-1,-1
277,56,261.40,140.85,36.49,136.26,0.3700,-1,-1,-1
277,40,404.62,0.31,234.42,479.69,0.9186,-1,-1,-1
277,18,283.65,112.37,69.74,210.22,0.7235,-1,-1,-1
277,2,45.70,0.01,198.83,436.17,0.8311,-1,-1,-1
277,1,596.47,41.28,43.39,327.97,0.4075,-1,-1,-1
278,58,238.80,148.04,37.08,127.33,0.5451,-1,-1,-1
278,40,401.31,0.18,219.56,479.82,0.9041,-1,-1,-1
278,18,269.94,112.95,72.16,218.71,0.7791,-1,-1,-1
278,2,24.72,0.00,209.24,478.06,0.8501,-1,-1,-1
278,1,590.42,107.47,49.51,260.06,0.4627,-1,-1,-1
279,60,188.38,143.18,64.27,194.88,0.7390,-1,-1,-1
279,59,315.39,148.48,54.74,144.25,0.6582,-1,-1,-1
279,40,381.09,0.05,218.59,479.23,0.8974,-1,-1,-1
279,18,254.04,129.08,74.78,223.87,0.7787,-1,-1,-1
279,2,8.79,22.17,204.97,454.64,0.8794,-1,-1,-1
279,1,578.59,62.57,61.34,314.39,0.8093,-1,-1,-1
280,60,168.91,144.84,72.51,201.90,0.8065,-1,-1,-1
280,59,298.41,149.43,54.13,146.48,0.8051,-1,-1,-1
280,54,350.87,121.18,54.83,209.74,0.3091,-1,-1,-1
280,40,359.22,0.00,221.98,477.94,0.8896,-1,-1,-1
280,18,232.46,126.58,74.57,228.30,0.7875,-1,-1,-1
280,2,0.47,20.67,184.84,456.56,0.8899,-1,-1,-1
280,1,565.34,60.95,74.66,314.79,0.8291,-1,-1,-1
281,60,140.01,132.47,74.13,200.77,0.8364,-1,-1,-1
281,59,269.12,138.30,51.50,145.03,0.8329,-1,-1,-1
281,54,317.29,101.72,57.82,220.06,0.6758,-1,-1,-1
281,40,330.89,0.48,233.48,479.52,0.9069,-1,-1,-1
281,18,193.78,105.64,78.38,243.67,0.7881,-1,-1,-1
281,2,0.14,3.08,146.85,476.92,0.9054,-1,-1,-1
281,1,543.46,58.45,83.83,307.32,0.8293,-1,-1,-1
282,60,137.38,135.07,37.68,189.04,0.6082,-1,-1,-1
282,59,259.35,145.04,42.82,143.91,0.8065,-1,-1,-1
282,54,291.31,73.75,75.23,299.56,0.5351,-1,-1,-1
282,40,329.27,0.58,238.41,479.42,0.9030,-1,-1,-1
282,18,162.48,106.82,82.92,256.16,0.8021,-1,-1,-1
282,2,0.17,11.10,117.44,466.30,0.8911,-1,-1,-1
282,1,531.97,96.95,80.34,293.45,0.4131,-1,-1,-1
283,60,110.68,166.77,45.23,150.04,0.6088,-1,-1,-1
283,56,263.19,158.24,36.82,144.54,0.7235,-1,-1,-1
283,54,289.98,88.03,62.93,189.30,0.5577,-1,-1,-1
283,40,349.98,0.00,234.27,480.00,0.8831,-1,-1,-1
283,18,147.80,115.36,92.70,266.11,0.8315,-1,-1,-1
283,2,0.25,21.50,117.95,455.77,0.8594,-1,-1,-1
283,1,529.33,136.56,76.45,279.20,0.3843,-1,-1,-1
284,62,317.93,129.25,83.02,289.30,0.7438,-1,-1,-1
284,60,117.49,164.92,43.47,152.37,0.7253,-1,-1,-1
284,56,274.57,160.29,40.37,144.52,0.7296,-1,-1,-1
284,54,297.66,85.42,69.00,232.38,0.5069,-1,-1,-1
284,40,380.62,0.66,226.53,479.34,0.8912,-1,-1,-1
284,18,149.39,113.10,94.70,272.53,0.8489,-1,-1,-1
284,2,0.23,17.15,127.22,461.90,0.8170,-1,-1,-1
285,62,338.23,84.79,88.86,332.58,0.8513,-1,-1,-1
285,60,121.79,160.61,47.05,158.86,0.6722,-1,-1,-1
285,58,241.06,171.04,32.69,127.62,0.4863,-1,-1,-1
285,56,290.04,158.98,36.83,141.79,0.7031,-1,-1,-1
285,54,311.25,74.12,69.07,279.91,0.7348,-1,-1,-1
285,40,412.33,0.62,225.34,479.38,0.9175,-1,-1,-1
285,18,159.90,105.44,89.56,277.52,0.8550,-1,-1,-1
285,2,0.22,17.70,134.29,461.85,0.8867,-1,-1,-1
286,62,354.01,77.29,104.09,360.08,0.8755,-1,-1,-1
286,60,129.71,164.60,41.78,160.95,0.6716,-1,-1,-1
286,58,252.01,173.08,34.26,129.41,0.4763,-1,-1,-1
286,54,316.95,72.37,77.24,284.68,0.6257,-1,-1,-1
286,40,442.56,0.67,197.34,478.66,0.9101,-1,-1,-1
286,18,164.93,105.36,92.07,283.74,0.8644,-1,-1,-1
286,2,0.18,29.28,141.38,450.72,0.9023,-1,-1,-1
287,62,367.66,66.59,121.33,383.44,0.8854,-1,-1,-1
287,60,136.63,162.54,39.49,166.15,0.6261,-1,-1,-1
287,58,265.50,172.91,33.61,128.26,0.4463,-1,-1,-1
287,54,328.84,72.27,80.10,293.80,0.7644,-1,-1,-1
287,40,472.10,0.00,167.66,479.36,0.8891,-1,-1,-1
287,18,168.54,104.24,100.01,289.51,0.8161,-1,-1,-1
287,2,0.17,37.40,146.10,442.60,0.8946,-1,-1,-1
288,62,383.65,56.50,142.42,404.98,0.8844,-1,-1,-1
288,59,138.31,160.08,46.46,166.24,0.6094,-1,-1,-1
288,58,277.80,168.47,31.49,132.31,0.5890,-1,-1,-1
288,54,339.43,64.54,85.00,303.22,0.8194,-1,-1,-1
288,40,503.11,0.00,136.69,479.60,0.8588,-1,-1,-1
288,18,173.77,99.12,95.18,303.04,0.8311,-1,-1,-1
288,2,0.07,39.52,149.87,440.48,0.8995,-1,-1,-1
289,63,260.28,157.91,47.42,177.01,0.6807,-1,-1,-1
289,62,406.30,51.79,150.13,422.29,0.8817,-1,-1,-1
289,59,146.89,158.43,60.30,175.33,0.6040,-1,-1,-1
289,56,294.33,169.83,33.58,132.90,0.5496,-1,-1,-1
289,54,356.93,60.41,86.32,314.72,0.7688,-1,-1,-1
289,40,556.98,6.01,82.88,471.60,0.8153,-1,-1,-1
289,18,185.07,101.33,99.34,316.44,0.8151,-1,-1,-1
289,2,0.31,51.32,160.15,428.38,0.9023,-1,-1,-1
289,1,525.34,75.87,57.29,362.43,0.5403,-1,-1,-1
290,62,431.08,38.34,163.40,441.66,0.8746,-1,-1,-1
290,59,158.73,156.34,47.20,177.90,0.6927,-1,-1,-1
290,56,288.71,160.42,42.00,178.92,0.5814,-1,-1,-1
290,54,375.29,51.74,90.01,339.08,0.8409,-1,-1,-1
290,42,316.90,173.15,32.31,125.50,0.4800,-1,-1,-1
290,40,559.20,65.22,72.69,362.22,0.5655,-1,-1,-1
290,18,196.53,98.98,103.08,327.96,0.8002,-1,-1,-1
290,2,0.73,59.30,173.50,420.38,0.8948,-1,-1,-1
291,62,449.64,25.17,178.88,450.12,0.8855,-1,-1,-1
291,59,166.44,151.69,49.75,179.73,0.7068,-1,-1,-1
291,54,391.02,42.34,107.49,352.62,0.8330,-1,-1,-1
291,42,306.98,161.75,50.55,176.52,0.6886,-1,-1,-1
291,40,587.68,56.01,51.99,397.27,0.6428,-1,-1,-1
291,18,211.17,91.56,104.47,345.48,0.8386,-1,-1,-1
291,2,3.47,56.42,178.17,423.58,0.8692,-1,-1,-1
292,64,359.33,183.01,24.56,116.26,0.3411,-1,-1,-1
292,62,471.85,11.97,168.01,466.80,0.8919,-1,-1,-1
292,59,170.53,156.64,56.16,176.50,0.7095,-1,-1,-1
292,54,406.92,36.95,112.52,371.99,0.8805,-1,-1,-1
292,42,322.65,167.03,58.35,174.55,0.7874,-1,-1,-1
292,18,222.06,88.31,112.76,364.44,0.8385,-1,-1,-1
292,2,11.01,53.88,180.03,425.49,0.8848,-1,-1,-1
293,62,488.37,0.00,151.59,479.57,0.8871,-1,-1,-1
293,59,167.17,150.25,63.57,183.65,0.5393,-1,-1,-1
293,54,417.47,25.52,122.59,402.14,0.8618,-1,-1,-1
293,42,332.24,168.44,63.63,173.85,0.8566,-1,-1,-1
293,18,231.32,76.87,111.14,373.60,0.8477,-1,-1,-1
293,2,12.74,45.18,181.74,434.82,0.9074,-1,-1,-1
294,62,513.97,1.58,125.80,476.30,0.8177,-1,-1,-1
294,54,430.18,17.18,133.16,423.24,0.8433,-1,-1,-1
294,42,349.29,166.50,65.24,175.73,0.8113,-1,-1,-1
294,18,238.75,68.16,118.10,394.74,0.8386,-1,-1,-1
294,2,24.84,46.07,178.43,433.93,0.8777,-1,-1,-1
295,65,214.00,192.66,38.14,114.65,0.7580,-1,-1,-1
295,62,536.69,69.62,102.69,410.00,0.8525,-1,-1,-1
295,54,443.15,8.49,142.98,442.23,0.8817,-1,-1,-1
295,42,370.50,165.06,59.48,172.34,0.7780,-1,-1,-1
295,41,1.20,130.22,64.42,291.35,0.3214,-1,-1,-1
295,18,244.90,57.77,122.62,414.14,0.8833,-1,-1,-1
295,2,39.34,47.07,178.66,432.66,0.7476,-1,-1,-1
296,66,219.82,194.96,40.56,114.65,0.7646,-1,-1,-1
296,62,556.59,63.04,83.25,416.96,0.7012,-1,-1,-1
296,54,452.14,1.38,153.55,460.17,0.8691,-1,-1,-1
296,42,385.49,163.92,56.76,177.28,0.8128,-1,-1,-1
296,41,11.26,131.69,60.02,181.03,0.6202,-1,-1,-1
296,18,250.52,50.30,124.63,425.46,0.8884,-1,-1,-1
296,2,1.84,55.30,219.57,422.99,0.8217,-1,-1,-1
297,66,222.88,195.39,37.52,111.47,0.4865,-1,-1,-1
297,54,460.20,0.00,165.52,465.59,0.8798,-1,-1,-1
297,42,387.21,161.94,68.43,176.19,0.8625,-1,-1,-1
297,41,0.21,125.48,69.76,213.19,0.7806,-1,-1,-1
297,40,590.59,108.18,49.12,332.07,0.4685,-1,-1,-1
297,18,247.60,35.09,132.39,441.73,0.8809,-1,-1,-1
297,2,3.47,55.10,224.44,422.94,0.8670,-1,-1,-1
298,54,467.46,0.12,172.26,479.20,0.9150,-1,-1,-1
298,42,399.06,166.21,84.62,171.34,0.8572,-1,-1,-1
298,41,0.05,120.96,54.06,194.53,0.8387,-1,-1,-1
298,18,237.52,18.24,143.91,460.86,0.8798,-1,-1,-1
298,2,50.68,54.74,186.17,424.18,0.7868,-1,-1,-1
299,67,394.24,172.31,36.09,124.48,0.3715,-1,-1,-1
299,64,366.43,169.27,39.64,129.40,0.5948,-1,-1,-1
299,54,472.43,0.37,167.35,479.63,0.9085,-1,-1,-1
299,42,403.96,168.47,86.18,169.26,0.8670,-1,-1,-1
299,41,0.20,117.09,51.77,202.29,0.8598,-1,-1,-1
299,18,238.89,8.39,139.47,471.61,0.8843,-1,-1,-1
299,2,62.35,53.50,180.97,424.54,0.8572,-1,-1,-1
300,67,406.83,174.07,31.33,118.36,0.4049,-1,-1,-1
300,64,369.45,167.97,49.49,138.12,0.7340,-1,-1,-1
300,54,487.79,0.00,151.95,480.00,0.8959,-1,-1,-1
300,42,411.93,164.59,82.91,171.64,0.8894,-1,-1,-1
300,41,0.19,136.68,58.64,198.36,0.8117,-1,-1,-1
300,18,225.11,0.00,146.21,478.10,0.8595,-1,-1,-1
300,2,79.89,50.46,164.80,429.53,0.8134,-1,-1,-1
301,67,404.65,192.08,34.76,102.91,0.4451,-1,-1,-1
301,64,364.87,166.20,56.02,139.24,0.7595,-1,-1,-1
301,54,495.39,0.00,144.58,478.24,0.9061,-1,-1,-1
301,42,419.48,163.42,78.08,172.55,0.8430,-1,-1,-1
301,41,0.18,149.37,61.98,176.60,0.7263,-1,-1,-1
301,18,208.82,0.00,168.41,480.00,0.9034,-1,-1,-1
301,2,87.86,47.65,150.62,431.26,0.8625,-1,-1,-1
302,64,361.06,164.70,71.40,142.21,0.6595,-1,-1,-1
302,59,60.99,108.49,79.01,315.01,0.6072,-1,-1,-1
302,58,332.19,193.39,29.24,109.30,0.4980,-1,-1,-1
302,54,510.92,0.10,129.08,479.90,0.9075,-1,-1,-1
302,42,442.09,160.10,63.27,173.34,0.7802,-1,-1,-1
302,41,0.82,145.20,52.85,170.11,0.6399,-1,-1,-1
302,18,175.73,0.00,180.45,478.52,0.8282,-1,-1,-1
302,2,96.74,41.97,137.16,432.86,0.7947,-1,-1,-1
303,64,381.32,163.02,57.38,143.16,0.6273,-1,-1,-1
303,59,48.05,101.89,90.18,305.44,0.6891,-1,-1,-1
303,58,337.03,192.33,31.79,119.10,0.6986,-1,-1,-1
303,56,307.93,161.44,39.32,156.17,0.6533,-1,-1,-1
303,54,526.19,0.00,113.67,480.00,0.9000,-1,-1,-1
303,42,450.65,158.84,69.17,174.05,0.7803,-1,-1,-1
303,41,9.94,145.63,52.30,169.45,0.6052,-1,-1,-1
303,2,100.04,0.11,222.66,479.80,0.6797,-1,-1,-1
304,64,384.39,160.26,53.76,140.36,0.6636,-1,-1,-1
304,63,276.57,154.19,38.31,145.45,0.5718,-1,-1,-1
304,59,1.72,92.28,118.27,296.96,0.8244,-1,-1,-1
304,58,335.92,191.57,50.95,122.21,0.6367,-1,-1,-1
304,56,281.54,160.86,65.47,154.73,0.5013,-1,-1,-1
304,54,540.10,2.68,99.75,477.32,0.8460,-1,-1,-1
304,42,460.55,157.72,64.72,173.06,0.8055,-1,-1,-1
304,2,108.15,0.00,187.72,476.43,0.7532,-1,-1,-1
304,1,531.00,183.81,50.30,188.59,0.4732,-1,-1,-1
305,64,385.92,160.62,50.62,148.45,0.7341,-1,-1,-1
305,63,278.66,157.69,37.40,150.90,0.5754,-1,-1,-1
305,59,0.02,91.02,143.48,302.56,0.8746,-1,-1,-1
305,58,334.78,189.25,58.47,126.71,0.7113,-1,-1,-1
305,56,301.23,156.57,54.32,160.35,0.5842,-1,-1,-1
305,54,556.54,5.13,83.36,473.83,0.7592,-1,-1,-1
305,42,463.30,161.66,65.65,171.36,0.8321,-1,-1,-1
305,2,85.45,0.72,186.22,469.72,0.3584,-1,-1,-1
305,1,524.87,142.19,72.57,234.19,0.7764,-1,-1,-1
306,66,227.21,132.28,54.38,177.36,0.3060,-1,-1,-1
306,64,383.83,159.18,56.55,148.66,0.7652,-1,-1,-1
306,63,270.74,161.12,37.31,147.14,0.5985,-1,-1,-1
306,59,0.52,86.10,85.42,232.30,0.3059,-1,-1,-1
306,58,348.69,188.56,40.55,125.30,0.5546,-1,-1,-1
306,56,304.53,153.62,51.84,163.88,0.6873,-1,-1,-1
306,54,577.80,0.00,61.83,480.00,0.4560,-1,-1,-1
306,42,464.56,161.44,71.45,169.41,0.8048,-1,-1,-1
306,2,3.80,0.80,242.13,466.20,0.3518,-1,-1,-1
306,1,511.88,134.17,93.70,242.97,0.8045,-1,-1,-1
307,64,385.01,158.67,65.84,148.89,0.7865,-1,-1,-1
307,63,266.38,153.22,41.87,150.21,0.4166,-1,-1,-1
307,58,341.87,187.09,46.41,127.92,0.5545,-1,-1,-1
307,56,304.92,152.78,51.93,166.17,0.7662,-1,-1,-1
307,42,466.96,164.44,61.96,169.64,0.7172,-1,-1,-1
307,18,177.16,100.10,101.06,337.50,0.6156,-1,-1,-1
307,2,0.29,0.35,214.42,477.54,0.3874,-1,-1,-1
307,1,507.72,128.09,110.91,249.64,0.8132,-1,-1,-1
308,70,468.06,168.39,29.37,122.20,0.4678,-1,-1,-1
308,64,384.33,158.99,74.31,147.99,0.8041,-1,-1,-1
308,63,274.18,179.86,32.60,111.63,0.4037,-1,-1,-1
308,58,354.62,185.63,35.45,129.50,0.7030,-1,-1,-1
308,56,307.97,151.03,51.09,168.48,0.7906,-1,-1,-1
308,42,477.37,173.75,60.24,154.13,0.3123,-1,-1,-1
308,18,150.06,58.70,137.17,416.52,0.8632,-1,-1,-1
308,1,496.57,123.39,123.08,259.14,0.8263,-1,-1,-1
309,70,467.64,169.19,33.39,121.21,0.6661,-1,-1,-1
309,64,389.28,158.38,71.03,150.75,0.8140,-1,-1,-1
309,58,363.57,185.07,36.83,128.92,0.6374,-1,-1,-1
309,56,309.19,150.86,70.16,169.53,0.8432,-1,-1,-1
309,18,115.57,57.23,179.33,422.77,0.8760,-1,-1,-1
309,2,0.16,0.74,107.36,478.29,0.5374,-1,-1,-1
309,1,490.41,118.59,136.41,282.30,0.8728,-1,-1,-1
310,70,463.92,175.59,37.97,117.75,0.6796,-1,-1,-1
310,64,394.79,159.07,61.89,153.96,0.7615,-1,-1,-1
310,59,39.72,115.99,52.40,205.46,0.5636,-1,-1,-1
310,58,363.39,186.02,54.50,131.65,0.6420,-1,-1,-1
310,56,305.27,152.37,79.63,171.79,0.8536,-1,-1,-1
310,18,105.04,85.57,187.21,394.43,0.8673,-1,-1,-1
310,1,496.58,119.48,138.20,292.81,0.8439,-1,-1,-1
311,70,459.78,177.32,38.08,116.21,0.7471,-1,-1,-1
311,64,396.43,159.30,59.94,157.64,0.7739,-1,-1,-1
311,58,364.47,187.52,56.55,133.24,0.6611,-1,-1,-1
311,56,297.72,152.85,84.72,173.79,0.8540,-1,-1,-1
311,41,0.15,153.32,43.03,155.05,0.5238,-1,-1,-1
311,18,117.48,82.35,170.13,397.65,0.8417,-1,-1,-1
311,2,38.00,72.96,111.28,370.74,0.8239,-1,-1,-1
311,1,494.43,115.25,143.99,317.55,0.8847,-1,-1,-1
312,70,453.70,177.47,36.29,116.09,0.7330,-1,-1,-1
312,64,396.70,153.78,60.84,164.01,0.7228,-1,-1,-1
312,58,362.68,189.26,55.99,134.02,0.6165,-1,-1,-1
312,56,292.75,150.86,87.24,178.30,0.8818,-1,-1,-1
312,18,114.91,62.48,166.36,415.65,0.8812,-1,-1,-1
312,2,0.00,60.78,125.26,392.40,0.8998,-1,-1,-1
312,1,489.71,105.97,144.69,333.00,0.8926,-1,-1,-1
313,70,445.98,178.12,38.13,113.79,0.7121,-1,-1,-1
313,64,397.40,156.67,59.89,162.39,0.7329,-1,-1,-1
313,63,271.95,177.32,36.52,139.07,0.3461,-1,-1,-1
313,58,358.78,188.73,53.42,137.78,0.6824,-1,-1,-1
313,56,295.32,150.07,83.24,180.71,0.8423,-1,-1,-1
313,18,108.47,68.81,168.93,409.91,0.8785,-1,-1,-1
313,2,0.00,51.38,99.34,412.52,0.8863,-1,-1,-1
313,1,483.54,95.37,144.89,348.27,0.8805,-1,-1,-1
314,70,444.13,177.37,34.82,114.23,0.6570,-1,-1,-1
314,64,399.29,155.86,59.20,164.25,0.7813,-1,-1,-1
314,59,37.63,145.40,71.61,177.35,0.3318,-1,-1,-1
314,58,364.15,185.08,47.87,140.34,0.7039,-1,-1,-1
314,56,300.77,148.92,80.80,183.42,0.8188,-1,-1,-1
314,18,108.33,66.09,171.66,413.86,0.8713,-1,-1,-1
314,2,0.09,38.57,82.94,435.59,0.8190,-1,-1,-1
314,1,479.67,85.45,149.96,362.91,0.8715,-1,-1,-1
315,64,406.38,159.72,67.21,162.45,0.7405,-1,-1,-1
315,59,5.13,149.65,84.93,181.62,0.7583,-1,-1,-1
315,58,375.83,189.78,47.69,145.21,0.6792,-1,-1,-1
315,56,314.84,152.09,63.25,187.54,0.8028,-1,-1,-1
315,18,114.37,69.30,173.64,410.70,0.8883,-1,-1,-1
315,1,479.34,78.79,159.71,394.22,0.8983,-1,-1,-1
316,64,416.27,156.78,61.76,162.06,0.7191,-1,-1,-1
316,59,19.55,145.77,65.00,179.27,0.8004,-1,-1,-1
316,58,374.44,188.70,72.71,145.27,0.8179,-1,-1,-1
316,56,318.97,146.23,67.14,192.90,0.7822,-1,-1,-1
316,41,0.00,110.71,21.73,195.00,0.4942,-1,-1,-1
316,18,118.51,64.92,178.02,415.08,0.8936,-1,-1,-1
316,1,480.75,66.86,158.62,413.14,0.9018,-1,-1,-1
317,64,427.49,156.16,58.49,167.39,0.7290,-1,-1,-1
317,59,31.40,145.69,56.00,178.24,0.8410,-1,-1,-1
317,58,386.86,188.64,77.06,148.21,0.5472,-1,-1,-1
317,56,324.17,143.79,79.63,197.19,0.8409,-1,-1,-1
317,18,124.78,65.46,178.51,413.50,0.8971,-1,-1,-1
317,1,488.00,51.68,151.94,428.32,0.9216,-1,-1,-1
318,64,435.07,156.67,58.86,166.59,0.7452,-1,-1,-1
318,59,32.85,146.12,58.85,179.31,0.8350,-1,-1,-1
318,58,397.82,185.09,73.06,151.82,0.7633,-1,-1,-1
318,56,326.64,141.99,84.14,200.43,0.8617,-1,-1,-1
318,18,129.25,67.48,184.47,412.52,0.8460,-1,-1,-1
318,1,492.12,41.16,147.80,438.84,0.9193,-1,-1,-1
319,64,443.66,149.86,59.35,171.34,0.6663,-1,-1,-1
319,59,37.47,145.72,61.53,177.01,0.8265,-1,-1,-1
319,58,407.63,183.74,71.97,151.87,0.5630,-1,-1,-1
319,56,330.81,126.12,96.06,216.44,0.8664,-1,-1,-1
319,18,137.73,71.25,178.37,406.73,0.8767,-1,-1,-1
319,1,503.43,14.82,136.39,463.14,0.9129,-1,-1,-1
320,64,459.23,145.57,59.04,175.74,0.4720,-1,-1,-1
320,59,33.60,143.14,72.59,177.17,0.8176,-1,-1,-1
320,58,421.32,172.46,63.47,162.27,0.6893,-1,-1,-1
320,56,332.88,132.39,102.88,208.75,0.8861,-1,-1,-1
320,18,149.99,74.65,176.16,404.68,0.8649,-1,-1,-1
320,1,518.57,0.00,121.17,480.00,0.8849,-1,-1,-1
321,73,152.28,119.72,57.20,191.46,0.4286,-1,-1,-1
321,59,44.79,135.36,70.51,179.67,0.8634,-1,-1,-1
321,58,459.18,171.92,39.70,161.43,0.5411,-1,-1,-1
321,56,343.60,125.30,102.76,215.58,0.8861,-1,-1,-1
321,42,547.26,51.25,92.59,426.62,0.3466,-1,-1,-1
321,18,171.35,52.97,167.84,426.58,0.8705,-1,-1,-1
322,73,144.66,111.72,69.36,196.35,0.7455,-1,-1,-1
322,64,472.13,160.34,65.12,170.62,0.6782,-1,-1,-1
322,59,58.03,129.48,65.51,177.91,0.8230,-1,-1,-1
322,58,459.49,164.75,29.25,107.19,0.5174,-1,-1,-1
322,56,356.68,116.45,102.99,219.31,0.8589,-1,-1,-1
322,40,593.69,61.24,46.21,262.07,0.7486,-1,-1,-1
322,18,184.14,44.79,169.97,435.21,0.8801,-1,-1,-1
323,77,542.69,151.25,57.80,144.64,0.5035,-1,-1,-1
323,73,141.03,103.24,79.20,217.98,0.8354,-1,-1,-1
323,64,482.40,162.54,63.33,169.21,0.5736,-1,-1,-1
323,59,74.39,125.30,59.59,176.04,0.8203,-1,-1,-1
323,58,467.50,165.10,38.34,108.57,0.7135,-1,-1,-1
323,56,385.19,113.74,93.32,225.41,0.8610,-1,-1,-1
323,18,197.68,39.68,174.54,440.32,0.9009,-1,-1,-1
324,73,136.33,97.22,84.01,223.65,0.8334,-1,-1,-1
324,64,489.64,157.44,100.92,174.24,0.7857,-1,-1,-1
324,59,79.21,122.55,59.97,176.39,0.7952,-1,-1,-1
324,58,474.56,163.13,34.62,108.28,0.6747,-1,-1,-1
324,56,403.79,108.18,81.31,229.71,0.8247,-1,-1,-1
324,18,205.16,31.72,178.99,448.28,0.9034,-1,-1,-1
325,77,568.76,165.35,38.42,149.88,0.3113,-1,-1,-1
325,73,125.53,91.65,87.17,242.37,0.8380,-1,-1,-1
325,70,380.90,143.84,52.36,175.79,0.7268,-1,-1,-1
325,64,512.31,152.76,90.15,178.31,0.7679,-1,-1,-1
325,59,67.15,122.50,76.83,176.66,0.7949,-1,-1,-1
325,56,421.65,100.30,76.47,238.24,0.8087,-1,-1,-1
325,18,216.38,32.85,180.21,447.15,0.9066,-1,-1,-1
326,79,387.43,142.35,50.29,177.68,0.6702,-1,-1,-1
326,77,584.28,165.45,37.48,148.93,0.4580,-1,-1,-1
326,74,512.79,118.39,74.94,197.34,0.4448,-1,-1,-1
326,73,116.70,89.23,90.59,248.56,0.8177,-1,-1,-1
326,64,530.76,151.14,77.21,180.24,0.6977,-1,-1,-1
326,59,66.23,124.31,85.98,178.51,0.7124,-1,-1,-1
326,56,431.81,98.29,75.44,244.23,0.8656,-1,-1,-1
326,18,216.08,36.49,183.38,443.48,0.8992,-1,-1,-1
327,79,394.17,139.84,52.86,178.37,0.7288,-1,-1,-1
327,74,515.38,113.61,85.59,200.97,0.7678,-1,-1,-1
327,73,99.68,81.41,95.96,258.99,0.8709,-1,-1,-1
327,64,563.34,144.10,67.65,184.08,0.8157,-1,-1,-1
327,59,74.00,124.11,70.02,176.20,0.6389,-1,-1,-1
327,56,433.86,94.05,87.02,248.46,0.8880,-1,-1,-1
327,41,0.11,123.87,29.81,161.67,0.7700,-1,-1,-1
327,18,219.49,37.80,187.08,440.31,0.8833,-1,-1,-1
328,79,401.64,138.96,48.52,132.27,0.3027,-1,-1,-1
328,74,520.25,111.14,89.23,212.43,0.4242,-1,-1,-1
328,73,89.15,78.30,92.11,277.96,0.7854,-1,-1,-1
328,64,568.75,143.68,71.02,191.36,0.7823,-1,-1,-1
328,58,513.13,137.14,46.18,158.33,0.4093,-1,-1,-1
328,56,429.69,93.99,101.46,250.53,0.8787,-1,-1,-1
328,41,0.06,125.60,32.21,159.02,0.7584,-1,-1,-1
328,18,208.80,41.21,206.29,434.79,0.8398,-1,-1,-1
329,79,407.66,137.47,45.97,138.72,0.4211,-1,-1,-1
329,74,537.51,107.46,72.82,208.52,0.5163,-1,-1,-1
329,73,53.19,67.73,111.74,291.84,0.8753,-1,-1,-1
329,64,564.47,146.05,75.33,189.20,0.8079,-1,-1,-1
329,58,511.78,138.01,54.32,155.48,0.4949,-1,-1,-1
329,56,424.06,92.61,107.08,254.08,0.8939,-1,-1,-1
329,41,0.26,125.05,46.60,157.64,0.7695,-1,-1,-1
329,18,223.57,40.03,193.66,439.97,0.8235,-1,-1,-1
330,79,410.38,140.27,47.73,151.35,0.5146,-1,-1,-1
330,74,552.96,109.06,58.88,217.31,0.5737,-1,-1,-1
330,73,44.12,62.02,107.81,307.39,0.8381,-1,-1,-1
330,64,559.79,149.99,80.14,190.29,0.7779,-1,-1,-1
330,58,503.68,138.22,60.47,161.23,0.6632,-1,-1,-1
330,56,421.37,94.29,106.33,259.52,0.8872,-1,-1,-1
330,41,0.11,130.84,47.60,156.16,0.6366,-1,-1,-1
330,18,241.96,34.98,179.99,445.02,0.8507,-1,-1,-1
331,79,391.90,142.21,73.39,191.91,0.6646,-1,-1,-1
331,74,562.06,110.75,56.99,227.99,0.7401,-1,-1,-1
331,73,22.58,54.06,114.95,319.63,0.8640,-1,-1,-1
331,58,498.68,138.45,62.78,162.07,0.5728,-1,-1,-1
331,56,427.21,94.72,101.36,263.24,0.8694,-1,-1,-1
331,41,0.16,132.17,46.65,158.18,0.6218,-1,-1,-1
331,18,241.63,32.75,182.00,447.25,0.8659,-1,-1,-1
332,79,412.36,136.50,56.32,198.25,0.6837,-1,-1,-1
332,74,560.65,106.99,72.72,218.51,0.7998,-1,-1,-1
332,73,3.97,41.36,110.11,339.24,0.8850,-1,-1,-1
332,56,446.58,88.81,95.44,264.90,0.8648,-1,-1,-1
332,18,240.47,27.44,184.91,452.42,0.9126,-1,-1,-1
333,79,423.08,131.79,52.95,206.38,0.7999,-1,-1,-1
333,74,559.43,108.96,80.42,226.26,0.8702,-1,-1,-1
333,73,0.00,34.12,99.56,351.77,0.9165,-1,-1,-1
333,56,456.12,88.04,85.76,265.15,0.8395,-1,-1,-1
333,18,243.45,25.36,181.98,454.64,0.8931,-1,-1,-1
334,79,418.60,130.09,60.89,211.64,0.8471,-1,-1,-1
334,74,552.53,108.81,87.34,222.04,0.9007,-1,-1,-1
334,73,0.21,23.90,67.15,367.75,0.8868,-1,-1,-1
334,56,462.36,83.29,92.62,271.37,0.8787,-1,-1,-1
334,18,240.43,29.78,180.91,450.22,0.8955,-1,-1,-1
335,82,28.34,121.22,71.05,181.37,0.7376,-1,-1,-1
335,79,416.19,132.56,57.51,213.14,0.6967,-1,-1,-1
335,74,548.93,110.91,90.94,220.62,0.8955,-1,-1,-1
335,73,0.13,45.58,49.10,355.04,0.8329,-1,-1,-1
335,56,463.76,84.73,90.52,271.62,0.8358,-1,-1,-1
335,18,240.26,29.48,179.68,447.78,0.9059,-1,-1,-1
336,82,26.68,115.76,61.70,178.23,0.7519,-1,-1,-1
336,79,410.43,128.51,81.04,219.24,0.6551,-1,-1,-1
336,74,552.84,104.39,86.99,225.66,0.8825,-1,-1,-1
336,56,464.28,77.90,100.57,273.62,0.8487,-1,-1,-1
336,41,0.00,121.09,39.75,174.04,0.3886,-1,-1,-1
336,18,240.63,22.75,178.09,454.24,0.9050,-1,-1,-1
337,82,28.85,110.85,56.24,174.93,0.8423,-1,-1,-1
337,79,410.45,120.07,94.09,229.29,0.7622,-1,-1,-1
337,74,572.27,97.30,67.61,223.48,0.8724,-1,-1,-1
337,56,464.85,71.63,114.65,273.99,0.8441,-1,-1,-1
337,18,240.37,13.04,182.13,466.96,0.9129,-1,-1,-1
338,82,25.14,113.49,62.87,179.41,0.8275,-1,-1,-1
338,79,425.57,116.55,70.63,226.36,0.7690,-1,-1,-1
338,74,594.77,97.03,45.17,223.13,0.8011,-1,-1,-1
338,56,469.02,69.29,114.36,284.70,0.8407,-1,-1,-1
338,41,0.12,165.07,35.80,125.40,0.6239,-1,-1,-1
338,18,240.79,19.96,186.34,459.32,0.9028,-1,-1,-1
339,82,23.68,113.33,63.53,181.45,0.8276,-1,-1,-1
339,79,432.33,115.68,71.47,221.54,0.7677,-1,-1,-1
339,74,595.37,94.31,44.63,229.67,0.8487,-1,-1,-1
339,56,465.61,68.88,118.22,289.04,0.8680,-1,-1,-1
339,41,0.00,154.81,26.70,136.54,0.4019,-1,-1,-1
339,18,240.60,17.03,186.84,462.97,0.9062,-1,-1,-1
340,89,188.18,198.20,15.94,40.74,0.4482,-1,-1,-1
340,82,13.74,113.29,94.97,182.47,0.8413,-1,-1,-1
340,79,460.26,116.85,53.93,213.66,0.7126,-1,-1,-1
340,74,603.27,94.70,36.45,229.83,0.8175,-1,-1,-1
340,56,467.53,67.86,130.28,289.55,0.8770,-1,-1,-1
340,41,0.11,114.94,22.86,174.59,0.5376,-1,-1,-1
340,18,241.99,12.43,191.90,467.57,0.8863,-1,-1,-1
341,90,433.90,108.18,53.54,210.47,0.7800,-1,-1,-1
341,82,2.50,117.30,112.56,181.93,0.8640,-1,-1,-1
341,79,475.80,120.49,53.71,224.51,0.7193,-1,-1,-1
341,74,610.20,120.28,29.66,208.51,0.6627,-1,-1,-1
341,56,496.17,65.83,118.44,294.94,0.8619,-1,-1,-1
341,41,0.04,115.48,27.68,173.79,0.6962,-1,-1,-1
341,18,250.41,14.95,185.54,465.05,0.8716,-1,-1,-1
342,93,228.56,170.29,35.65,86.66,0.6956,-1,-1,-1
342,90,432.65,104.27,65.63,218.32,0.7183,-1,-1,-1
342,82,0.02,117.05,113.44,181.60,0.8865,-1,-1,-1
342,79,486.51,112.91,60.79,236.65,0.8004,-1,-1,-1
342,74,612.77,105.50,27.00,224.54,0.4787,-1,-1,-1
342,56,516.75,60.16,114.37,299.88,0.8154,-1,-1,-1
342,41,0.00,113.60,36.69,177.55,0.7064,-1,-1,-1
342,18,252.11,14.15,194.44,465.85,0.8405,-1,-1,-1
343,93,222.93,173.51,38.27,88.90,0.7601,-1,-1,-1
343,90,453.29,104.04,57.58,219.85,0.7997,-1,-1,-1
343,82,24.90,119.88,87.63,173.88,0.8432,-1,-1,-1
343,79,497.03,117.44,72.16,239.90,0.7783,-1,-1,-1
343,56,546.28,59.84,93.32,308.36,0.8511,-1,-1,-1
343,41,0.28,119.68,51.56,182.10,0.7694,-1,-1,-1
343,18,248.70,17.01,215.79,462.99,0.8244,-1,-1,-1
344,93,219.72,172.88,37.09,90.52,0.7698,-1,-1,-1
344,90,459.95,103.72,57.08,228.98,0.7391,-1,-1,-1
344,89,187.06,202.17,15.30,41.34,0.3151,-1,-1,-1
344,82,36.27,119.92,73.58,177.73,0.8141,-1,-1,-1
344,79,500.15,120.87,80.83,238.68,0.8535,-1,-1,-1
344,56,557.57,58.73,82.26,316.32,0.8875,-1,-1,-1
344,41,0.19,121.82,56.05,177.74,0.7612,-1,-1,-1
344,18,258.14,14.94,214.22,465.06,0.8382,-1,-1,-1
345,93,207.86,169.72,45.54,94.43,0.7458,-1,-1,-1
345,90,466.39,97.93,49.69,235.03,0.4728,-1,-1,-1
345,89,186.96,200.06,16.20,41.51,0.3220,-1,-1,-1
345,82,61.00,115.71,51.51,180.47,0.8049,-1,-1,-1
345,79,514.46,117.47,80.29,241.94,0.8287,-1,-1,-1
345,56,575.21,55.71,64.70,321.22,0.8783,-1,-1,-1
345,41,0.06,122.96,68.67,171.58,0.8403,-1,-1,-1
345,18,273.68,4.85,215.74,473.27,0.8090,-1,-1,-1
346,93,208.42,176.16,47.87,95.62,0.7930,-1,-1,-1
346,90,461.93,103.77,55.94,245.55,0.4932,-1,-1,-1
346,82,73.52,125.24,50.05,179.61,0.7772,-1,-1,-1
346,79,543.32,116.04,83.98,255.74,0.7941,-1,-1,-1
346,56,595.87,58.92,43.87,329.51,0.7632,-1,-1,-1
346,41,0.53,132.59,77.16,170.37,0.8446,-1,-1,-1
346,18,298.72,5.19,196.94,474.81,0.7971,-1,-1,-1
347,93,214.23,176.24,44.44,96.58,0.7566,-1,-1,-1
347,90,489.92,96.12,57.36,247.14,0.4437,-1,-1,-1
347,82,84.68,128.93,62.90,177.41,0.8375,-1,-1,-1
347,79,570.73,113.17,69.16,264.49,0.8129,-1,-1,-1
347,41,9.11,130.76,76.81,174.85,0.8243,-1,-1,-1
347,18,304.64,1.49,206.73,478.51,0.8327,-1,-1,-1
348,93,214.66,170.74,40.72,99.90,0.6574,-1,-1,-1
348,90,491.45,86.12,83.92,263.77,0.3047,-1,-1,-1
348,82,84.65,128.66,77.67,173.51,0.8690,-1,-1,-1
348,79,583.41,107.20,56.49,258.61,0.8473,-1,-1,-1
348,41,26.83,126.24,63.09,174.16,0.7701,-1,-1,-1
348,18,313.37,1.38,204.44,478.62,0.7765,-1,-1,-1
349,93,207.67,170.78,43.65,102.10,0.5483,-1,-1,-1
349,90,500.43,82.93,63.70,279.28,0.5496,-1,-1,-1
349,82,85.73,133.20,85.00,169.18,0.8357,-1,-1,-1
349,79,597.48,112.95,42.50,258.51,0.7197,-1,-1,-1
349,59,50.59,128.54,54.92,174.69,0.7852,-1,-1,-1
349,41,25.73,158.57,34.63,118.53,0.5409,-1,-1,-1
349,18,317.64,1.74,208.76,476.52,0.8066,-1,-1,-1
350,93,203.63,170.21,43.47,104.09,0.6752,-1,-1,-1
350,90,508.32,78.63,57.71,300.35,0.7984,-1,-1,-1
350,82,85.83,131.00,84.87,174.32,0.8514,-1,-1,-1
350,79,607.74,134.50,32.26,239.27,0.6292,-1,-1,-1
350,59,52.87,130.38,54.75,170.79,0.7859,-1,-1,-1
350,41,25.84,158.52,36.06,117.56,0.5305,-1,-1,-1
350,18,319.12,1.16,207.67,478.84,0.8554,-1,-1,-1
351,93,198.48,167.83,45.17,103.33,0.6918,-1,-1,-1
351,90,512.74,62.75,66.65,329.61,0.7699,-1,-1,-1
351,82,119.10,127.03,52.51,170.42,0.8051,-1,-1,-1
351,77,565.55,154.64,54.96,103.38,0.4166,-1,-1,-1
351,59,51.40,128.60,84.41,170.02,0.8458,-1,-1,-1
351,41,23.25,154.10,42.78,120.12,0.5897,-1,-1,-1
351,18,321.03,1.20,211.64,478.80,0.8400,-1,-1,-1
352,93,194.38,165.21,46.25,107.86,0.7719,-1,-1,-1
352,90,510.34,59.11,90.80,346.36,0.5619,-1,-1,-1
352,82,133.22,125.21,50.86,170.38,0.8240,-1,-1,-1
352,73,0.00,108.13,47.14,244.08,0.4303,-1,-1,-1
352,59,52.47,130.05,99.45,165.58,0.8871,-1,-1,-1
352,41,25.57,151.35,47.48,120.80,0.3491,-1,-1,-1
352,18,324.43,1.31,196.56,476.82,0.8305,-1,-1,-1
353,93,196.51,160.32,42.94,109.47,0.5697,-1,-1,-1
353,90,515.19,49.07,105.52,370.66,0.8687,-1,-1,-1
353,82,144.10,120.95,54.43,171.87,0.8178,-1,-1,-1
353,73,0.15,87.72,34.59,257.83,0.7841,-1,-1,-1
353,59,57.81,130.90,92.97,161.97,0.8761,-1,-1,-1
353,41,27.54,144.23,42.88,124.69,0.3282,-1,-1,-1
353,18,328.86,1.02,204.26,478.87,0.8403,-1,-1,-1
354,95,530.42,56.96,40.05,71.19,0.5130,-1,-1,-1
354,93,197.36,164.76,37.72,105.98,0.6841,-1,-1,-1
354,90,524.68,43.51,114.14,384.86,0.9040,-1,-1,-1
354,82,151.59,126.41,62.84,171.95,0.8322,-1,-1,-1
354,73,0.27,88.41,43.60,263.76,0.7610,-1,-1,-1
354,59,66.10,133.77,87.31,163.34,0.8426,-1,-1,-1
354,18,329.53,1.35,211.70,477.96,0.8395,-1,-1,-1
355,95,537.31,47.56,47.63,110.79,0.5614,-1,-1,-1
355,90,548.76,32.84,91.08,406.51,0.8923,-1,-1,-1
355,82,151.91,134.82,87.99,166.50,0.8619,-1,-1,-1
355,73,0.11,70.78,70.90,298.97,0.8493,-1,-1,-1
355,59,96.59,133.74,73.96,163.26,0.8368,-1,-1,-1
355,18,327.43,0.73,224.79,476.26,0.7051,-1,-1,-1
356,90,558.52,13.86,81.34,421.91,0.8951,-1,-1,-1
356,82,148.51,130.41,90.10,166.06,0.8628,-1,-1,-1
356,73,0.05,42.90,78.09,317.67,0.8703,-1,-1,-1
356,59,112.98,127.37,59.34,163.91,0.7902,-1,-1,-1
356,18,326.95,0.59,235.52,471.04,0.6620,-1,-1,-1
357,90,575.69,11.46,64.21,468.54,0.7956,-1,-1,-1
357,82,157.48,125.95,77.86,167.37,0.8380,-1,-1,-1
357,73,0.00,39.34,104.46,309.43,0.9115,-1,-1,-1
357,59,125.50,125.95,55.27,161.18,0.7952,-1,-1,-1
357,18,325.43,0.59,234.95,479.41,0.7512,-1,-1,-1
358,96,534.87,20.39,79.64,375.31,0.8244,-1,-1,-1
358,90,585.31,64.41,54.44,382.00,0.7907,-1,-1,-1
358,82,172.24,130.29,61.05,164.96,0.7142,-1,-1,-1
358,73,0.13,45.25,107.43,307.44,0.9061,-1,-1,-1
358,59,126.06,132.28,60.07,162.20,0.8413,-1,-1,-1
358,18,327.82,0.84,237.44,479.16,0.7974,-1,-1,-1
359,96,532.37,41.60,82.48,388.27,0.8600,-1,-1,-1
359,93,186.99,153.89,46.31,164.29,0.7841,-1,-1,-1
359,90,594.68,87.60,45.10,370.64,0.7897,-1,-1,-1
359,73,0.02,79.06,98.79,303.98,0.9116,-1,-1,-1
359,59,117.52,160.03,75.98,157.76,0.8435,-1,-1,-1
359,18,329.07,16.80,232.46,459.60,0.8329,-1,-1,-1
360,96,535.07,40.24,100.74,410.88,0.8534,-1,-1,-1
360,93,193.39,161.06,42.19,165.31,0.8012,-1,-1,-1
360,74,614.05,106.74,25.72,211.51,0.3690,-1,-1,-1
360,73,0.02,85.26,94.18,306.83,0.9074,-1,-1,-1
360,59,117.49,162.29,75.93,164.28,0.8402,-1,-1,-1
360,18,332.06,28.34,230.25,449.02,0.8130,-1,-1,-1
361,96,526.97,21.26,112.84,422.43,0.8874,-1,-1,-1
361,93,188.83,157.58,47.86,164.83,0.8305,-1,-1,-1
361,73,0.07,75.05,87.04,315.03,0.9181,-1,-1,-1
361,59,116.58,161.06,69.60,160.77,0.8033,-1,-1,-1
361,18,334.57,19.01,224.90,456.75,0.8068,-1,-1,-1
362,96,526.36,0.00,113.55,443.78,0.8871,-1,-1,-1
362,93,181.19,154.30,55.29,162.60,0.8651,-1,-1,-1
362,73,0.25,65.90,89.84,321.37,0.8995,-1,-1,-1
362,59,135.17,154.07,48.27,155.47,0.7190,-1,-1,-1
362,18,335.24,11.80,222.39,465.97,0.8218,-1,-1,-1
363,97,97.10,174.20,48.33,135.18,0.7432,-1,-1,-1
363,96,534.06,0.00,105.78,453.52,0.8737,-1,-1,-1
363,93,178.95,157.20,62.09,162.63,0.8108,-1,-1,-1
363,73,0.08,67.45,97.93,325.61,0.8985,-1,-1,-1
363,59,139.45,154.66,47.24,156.06,0.7853,-1,-1,-1
363,18,340.86,12.67,220.08,463.61,0.8705,-1,-1,-1
364,97,93.55,180.01,46.52,138.20,0.7114,-1,-1,-1
364,96,546.82,2.14,93.02,477.86,0.8255,-1,-1,-1
364,93,183.08,164.11,58.92,163.99,0.8291,-1,-1,-1
364,73,0.00,76.45,104.29,327.31,0.8800,-1,-1,-1
364,59,146.61,163.07,46.91,157.45,0.8067,-1,-1,-1
364,18,353.44,18.30,206.40,458.50,0.8308,-1,-1,-1
365,97,81.33,178.22,50.53,145.64,0.3852,-1,-1,-1
365,96,548.54,37.57,91.29,441.39,0.8247,-1,-1,-1
365,93,192.79,168.80,48.70,160.53,0.8370,-1,-1,-1
365,73,0.04,84.83,103.34,323.13,0.8847,-1,-1,-1
365,59,142.63,168.74,53.42,157.40,0.8375,-1,-1,-1
365,18,352.31,21.50,202.68,458.50,0.8641,-1,-1,-1
366,96,570.69,29.77,69.17,445.99,0.8543,-1,-1,-1
366,93,193.29,155.02,48.49,160.09,0.8534,-1,-1,-1
366,73,0.06,72.49,101.97,321.11,0.8833,-1,-1,-1
366,59,129.62,160.60,83.87,153.69,0.8546,-1,-1,-1
366,18,350.67,17.58,199.77,462.42,0.8087,-1,-1,-1
367,96,595.56,37.34,44.23,441.57,0.4220,-1,-1,-1
367,93,201.46,147.61,49.65,158.96,0.8116,-1,-1,-1
367,74,602.12,33.89,37.81,260.89,0.6349,-1,-1,-1
367,73,0.00,63.41,113.47,320.70,0.6886,-1,-1,-1
367,59,132.35,152.08,76.16,151.65,0.8685,-1,-1,-1
367,18,357.74,12.71,202.28,467.29,0.7835,-1,-1,-1
368,93,212.97,147.30,55.12,161.37,0.8368,-1,-1,-1
368,73,0.00,65.92,122.26,323.01,0.9084,-1,-1,-1
368,59,142.63,154.97,72.45,151.24,0.8735,-1,-1,-1
368,18,369.54,14.19,206.87,461.55,0.7973,-1,-1,-1
369,93,222.54,156.31,66.76,159.78,0.8792,-1,-1,-1
369,73,0.00,77.20,135.28,309.86,0.9081,-1,-1,-1
369,59,161.14,160.00,67.51,153.06,0.8362,-1,-1,-1
369,18,382.86,14.89,208.29,465.11,0.7994,-1,-1,-1
370,93,220.00,162.02,67.89,157.16,0.8730,-1,-1,-1
370,73,0.00,77.56,135.33,305.30,0.9046,-1,-1,-1
370,59,175.74,161.69,57.26,149.53,0.8047,-1,-1,-1
370,18,414.00,11.04,182.84,468.96,0.7041,-1,-1,-1
371,93,221.51,159.94,65.86,157.43,0.8603,-1,-1,-1
371,89,176.51,219.04,18.61,50.53,0.5304,-1,-1,-1
371,73,0.00,74.74,135.04,308.13,0.8934,-1,-1,-1
371,59,188.15,156.80,49.87,153.41,0.8102,-1,-1,-1
371,18,377.38,6.82,232.86,472.50,0.7237,-1,-1,-1
372,99,0.05,161.10,41.78,213.69,0.4376,-1,-1,-1
372,93,231.00,159.13,61.58,155.24,0.8309,-1,-1,-1
372,73,7.99,73.55,132.04,307.67,0.8883,-1,-1,-1
372,59,195.08,158.61,50.71,151.40,0.8389,-1,-1,-1
372,18,391.79,0.51,239.21,474.29,0.7741,-1,-1,-1
373,99,0.18,110.67,38.16,269.05,0.5748,-1,-1,-1
373,93,249.92,156.95,55.46,157.78,0.8103,-1,-1,-1
373,89,182.73,220.00,19.89,47.82,0.4382,-1,-1,-1
373,73,21.44,79.75,131.19,307.81,0.8768,-1,-1,-1
373,59,206.04,159.20,54.94,150.64,0.7867,-1,-1,-1
373,18,389.66,0.45,249.73,477.74,0.7728,-1,-1,-1
374,99,0.11,105.81,48.04,275.64,0.8111,-1,-1,-1
374,93,267.28,158.36,45.24,157.49,0.8149,-1,-1,-1
374,89,186.96,220.82,20.30,49.39,0.6453,-1,-1,-1
374,73,26.98,85.16,133.17,310.80,0.9134,-1,-1,-1
374,59,212.24,165.23,60.26,146.88,0.8293,-1,-1,-1
374,18,395.97,0.61,243.79,479.39,0.8054,-1,-1,-1
375,99,0.06,102.34,51.09,280.98,0.8407,-1,-1,-1
375,93,273.44,157.57,44.92,157.49,0.8191,-1,-1,-1
375,89,187.85,221.10,17.77,47.63,0.4492,-1,-1,-1
375,73,29.93,79.59,127.69,319.36,0.9087,-1,-1,-1
375,59,214.54,164.42,60.32,146.95,0.8252,-1,-1,-1
375,18,416.71,0.36,222.96,479.64,0.8331,-1,-1,-1
376,99,0.18,99.96,60.41,281.17,0.8471,-1,-1,-1
376,93,277.81,159.62,45.33,154.14,0.8111,-1,-1,-1
376,89,187.44,218.70,18.73,48.54,0.4899,-1,-1,-1
376,73,34.63,79.86,130.07,312.51,0.8994,-1,-1,-1
376,59,221.69,162.29,55.13,149.58,0.8276,-1,-1,-1
376,18,427.32,0.78,212.46,479.22,0.8702,-1,-1,-1
377,101,445.80,192.56,40.79,89.79,0.6949,-1,-1,-1
377,99,0.23,96.90,65.46,289.51,0.8691,-1,-1,-1
377,93,279.28,161.02,47.77,153.90,0.8218,-1,-1,-1
377,89,185.87,217.27,20.25,49.74,0.5296,-1,-1,-1
377,73,35.59,73.13,137.02,314.86,0.9036,-1,-1,-1
377,59,229.64,159.50,48.23,145.60,0.8411,-1,-1,-1
377,18,454.33,18.41,185.15,460.59,0.8271,-1,-1,-1
378,101,447.99,193.08,39.71,91.49,0.7467,-1,-1,-1
378,99,0.20,96.39,66.77,290.71,0.8418,-1,-1,-1
378,93,281.63,159.68,48.50,156.00,0.7886,-1,-1,-1
378,89,186.78,216.89,18.89,48.87,0.4006,-1,-1,-1
378,73,44.08,72.54,131.07,305.48,0.9042,-1,-1,-1
378,59,234.20,159.13,45.17,147.71,0.8086,-1,-1,-1
378,18,480.29,26.58,159.27,451.27,0.7825,-1,-1,-1
379,101,446.73,191.31,41.60,88.44,0.7358,-1,-1,-1
379,99,0.21,95.66,55.32,276.48,0.8316,-1,-1,-1
379,93,288.04,155.46,47.38,154.70,0.8249,-1,-1,-1
379,73,44.42,70.33,129.18,311.49,0.9090,-1,-1,-1
379,59,237.79,158.38,44.25,147.88,0.7582,-1,-1,-1
379,18,505.17,40.96,134.69,439.04,0.8232,-1,-1,-1
380,101,444.67,193.07,40.98,91.71,0.7602,-1,-1,-1
380,99,0.22,100.62,55.34,278.96,0.8308,-1,-1,-1
380,93,292.35,158.94,45.22,153.48,0.8534,-1,-1,-1
380,73,41.14,72.08,129.34,318.46,0.9091,-1,-1,-1
380,59,238.19,161.84,53.84,147.97,0.7776,-1,-1,-1
380,18,532.33,54.77,107.67,423.94,0.7981,-1,-1,-1
381,102,508.97,164.67,65.79,168.44,0.7991,-1,-1,-1
381,101,443.00,195.91,42.10,91.72,0.6529,-1,-1,-1
381,99,0.09,111.80,49.33,271.45,0.8099,-1,-1,-1
381,93,293.39,161.66,46.15,155.30,0.8390,-1,-1,-1
381,73,37.74,75.63,126.61,324.68,0.9009,-1,-1,-1
381,59,234.68,169.50,59.60,144.81,0.8033,-1,-1,-1
381,18,552.42,79.33,87.10,399.31,0.8514,-1,-1,-1
382,102,508.70,164.01,77.35,172.77,0.8208,-1,-1,-1
382,101,448.10,195.14,37.86,90.27,0.5548,-1,-1,-1
382,99,0.08,125.03,40.16,208.72,0.7746,-1,-1,-1
382,93,292.17,159.32,52.47,157.38,0.8302,-1,-1,-1
382,73,33.39,75.60,123.21,331.57,0.8928,-1,-1,-1
382,59,231.38,170.01,58.74,144.14,0.7873,-1,-1,-1
382,18,574.59,119.31,65.26,358.35,0.8172,-1,-1,-1
383,104,441.07,203.88,20.92,79.94,0.3224,-1,-1,-1
383,102,503.51,163.27,89.17,179.93,0.8431,-1,-1,-1
383,101,442.74,200.83,36.30,86.16,0.5167,-1,-1,-1
383,99,0.00,137.47,37.86,198.76,0.7274,-1,-1,-1
383,93,289.69,161.34,58.63,160.11,0.8610,-1,-1,-1
383,90,592.48,232.81,47.40,245.86,0.6738,-1,-1,-1
383,73,21.76,75.73,125.30,338.00,0.9024,-1,-1,-1
383,59,228.10,171.95,58.94,145.12,0.8325,-1,-1,-1
384,102,509.44,152.59,82.58,186.75,0.8692,-1,-1,-1
384,101,433.26,196.22,43.47,88.24,0.5957,-1,-1,-1
384,99,0.15,177.87,24.86,143.47,0.5625,-1,-1,-1
384,93,283.80,161.58,56.10,157.92,0.8820,-1,-1,-1
384,73,5.07,72.95,126.85,335.20,0.8992,-1,-1,-1
384,59,230.19,166.09,58.40,145.13,0.8164,-1,-1,-1
385,102,512.41,148.15,78.74,193.14,0.8483,-1,-1,-1
385,101,432.33,194.36,42.51,86.57,0.7242,-1,-1,-1
385,93,283.13,160.22,55.42,157.83,0.8698,-1,-1,-1
385,73,0.00,66.63,126.63,333.59,0.9165,-1,-1,-1
385,59,235.92,162.35,51.36,146.42,0.8231,-1,-1,-1
386,102,524.56,143.40,57.27,206.67,0.8516,-1,-1,-1
386,101,428.24,191.24,43.37,86.95,0.6966,-1,-1,-1
386,93,284.82,156.88,53.53,158.12,0.8676,-1,-1,-1
386,73,0.00,62.33,121.10,337.90,0.9177,-1,-1,-1
386,59,238.72,159.25,50.23,150.10,0.8106,-1,-1,-1
387,102,523.22,137.15,68.75,221.64,0.8725,-1,-1,-1
387,101,421.55,190.82,41.74,87.18,0.6859,-1,-1,-1
387,93,288.36,153.02,46.92,159.28,0.8400,-1,-1,-1
387,73,0.05,57.60,118.05,350.28,0.9154,-1,-1,-1
387,59,234.91,159.57,54.24,149.04,0.8192,-1,-1,-1
388,105,381.88,219.98,13.34,31.36,0.3615,-1,-1,-1
388,102,521.69,135.97,70.09,230.48,0.8618,-1,-1,-1
388,101,417.87,190.63,39.90,89.91,0.5961,-1,-1,-1
388,93,288.62,155.12,44.26,160.31,0.8040,-1,-1,-1
388,73,0.10,57.05,111.38,358.51,0.9080,-1,-1,-1
388,59,234.44,163.99,51.72,146.91,0.8593,-1,-1,-1
389,104,427.27,197.25,24.32,87.48,0.4456,-1,-1,-1
389,102,522.93,136.56,73.17,243.96,0.8784,-1,-1,-1
389,101,412.48,198.74,23.57,84.20,0.3855,-1,-1,-1
389,93,284.43,163.29,45.42,159.63,0.7683,-1,-1,-1
389,73,0.05,59.38,106.01,358.02,0.9008,-1,-1,-1
389,59,228.27,171.57,52.68,144.22,0.8684,-1,-1,-1
390,102,519.12,125.69,75.91,253.53,0.8743,-1,-1,-1
390,101,404.04,194.75,38.94,85.43,0.6969,-1,-1,-1
390,93,275.99,163.16,51.90,154.38,0.8283,-1,-1,-1
390,73,0.03,58.70,95.35,341.33,0.8814,-1,-1,-1
390,59,222.17,167.32,54.17,149.38,0.8404,-1,-1,-1
391,102,505.40,114.43,99.27,266.76,0.8817,-1,-1,-1
391,101,395.80,192.09,35.78,84.15,0.6726,-1,-1,-1
391,93,268.13,162.77,48.65,153.87,0.7898,-1,-1,-1
391,73,0.28,93.87,78.37,311.19,0.8843,-1,-1,-1
391,59,215.71,164.02,49.50,143.44,0.8552,-1,-1,-1
392,102,498.64,107.67,120.96,275.58,0.8902,-1,-1,-1
392,101,388.60,192.30,36.77,78.51,0.7531,-1,-1,-1
392,93,264.01,157.10,50.52,158.24,0.7478,-1,-1,-1
392,73,0.04,96.53,65.13,312.32,0.8573,-1,-1,-1
392,59,213.61,160.93,47.26,145.73,0.8307,-1,-1,-1
393,102,489.64,106.93,150.19,302.36,0.9025,-1,-1,-1
393,101,382.69,196.57,37.17,82.65,0.7258,-1,-1,-1
393,93,259.11,163.45,52.79,153.16,0.8069,-1,-1,-1
393,73,0.28,103.11,51.89,310.51,0.7830,-1,-1,-1
393,59,209.88,164.19,46.16,149.90,0.8188,-1,-1,-1
394,112,342.49,221.02,12.51,33.42,0.3722,-1,-1,-1
394,102,492.46,103.29,147.53,313.35,0.9112,-1,-1,-1
394,101,383.17,195.83,37.63,83.38,0.7381,-1,-1,-1
394,93,260.82,161.71,51.09,154.46,0.7965,-1,-1,-1
394,73,0.24,104.08,65.97,313.18,0.6981,-1,-1,-1
394,59,211.85,165.15,46.08,150.27,0.8239,-1,-1,-1
395,111,83.00,221.84,19.15,61.06,0.4354,-1,-1,-1
395,102,486.88,93.60,152.99,336.37,0.9142,-1,-1,-1
395,101,377.97,193.08,37.05,84.06,0.7644,-1,-1,-1
395,99,0.23,103.74,36.01,225.72,0.6573,-1,-1,-1
395,93,255.19,158.85,51.19,154.98,0.8398,-1,-1,-1
395,59,207.57,161.80,52.39,149.88,0.8529,-1,-1,-1
396,102,487.84,87.27,152.04,362.08,0.9193,-1,-1,-1
396,101,373.40,197.21,35.50,82.45,0.7307,-1,-1,-1
396,99,0.02,110.11,25.48,223.36,0.6884,-1,-1,-1
396,93,253.71,161.06,47.99,155.65,0.8373,-1,-1,-1
396,59,202.97,166.52,56.98,149.64,0.8393,-1,-1,-1
397,102,493.17,76.41,146.66,387.56,0.9147,-1,-1,-1
397,101,370.81,200.28,31.61,80.41,0.4878,-1,-1,-1
397,93,254.12,165.34,47.69,154.96,0.8375,-1,-1,-1
397,59,198.84,169.65,54.46,147.29,0.8517,-1,-1,-1
398,114,305.90,224.22,13.15,32.34,0.3173,-1,-1,-1
398,102,511.97,60.80,127.88,411.42,0.8971,-1,-1,-1
398,101,369.61,202.22,32.70,80.24,0.5846,-1,-1,-1
398,93,254.03,169.18,46.72,154.39,0.8324,-1,-1,-1
398,59,199.18,173.06,51.70,146.77,0.8325,-1,-1,-1
399,115,321.95,220.50,14.75,34.95,0.3618,-1,-1,-1
399,102,522.69,38.97,117.31,440.36,0.8849,-1,-1,-1
399,101,368.36,196.31,35.75,83.84,0.5745,-1,-1,-1
399,93,252.72,166.12,49.41,155.31,0.8190,-1,-1,-1
399,59,200.19,169.70,51.52,147.26,0.8104,-1,-1,-1
400,115,316.50,218.08,13.52,35.50,0.3482,-1,-1,-1
400,102,539.96,24.00,99.87,456.00,0.8500,-1,-1,-1
400,101,364.30,195.12,32.71,84.14,0.7029,-1,-1,-1
400,93,250.63,164.60,48.89,152.31,0.8584,-1,-1,-1
400,59,205.64,164.43,44.50,147.65,0.8165,-1,-1,-1
401,102,564.13,26.79,75.64,453.21,0.8553,-1,-1,-1
401,101,359.53,198.69,32.56,81.14,0.4779,-1,-1,-1
401,93,248.77,164.27,48.64,150.16,0.8305,-1,-1,-1
401,59,199.78,163.70,51.64,147.32,0.8369,-1,-1,-1
402,102,584.46,80.55,55.39,399.45,0.8286,-1,-1,-1
402,93,246.06,160.64,45.48,149.41,0.8265,-1,-1,-1
402,59,196.68,160.94,50.19,148.48,0.8397,-1,-1,-1
403,102,599.08,103.00,40.75,375.25,0.4068,-1,-1,-1
403,101,352.08,193.70,34.47,84.84,0.4303,-1,-1,-1
403,93,244.18,167.28,50.47,148.65,0.8470,-1,-1,-1
403,59,197.19,165.79,49.86,147.81,0.8564,-1,-1,-1
404,101,350.60,193.96,34.73,81.94,0.5320,-1,-1,-1
404,93,243.73,166.89,51.89,149.47,0.8152,-1,-1,-1
404,59,197.59,168.02,48.51,145.20,0.8521,-1,-1,-1
405,114,300.60,216.18,14.14,34.07,0.3751,-1,-1,-1
405,101,348.42,193.38,31.95,79.39,0.5734,-1,-1,-1
405,93,243.86,165.12,51.87,148.29,0.8253,-1,-1,-1
405,59,195.00,167.74,51.77,143.04,0.8550,-1,-1,-1
406,101,347.40,191.81,32.86,82.16,0.6693,-1,-1,-1
406,93,244.00,164.81,48.99,144.64,0.8270,-1,-1,-1
406,59,194.55,166.09,52.46,139.98,0.8375,-1,-1,-1
407,101,347.23,192.27,31.51,78.93,0.6989,-1,-1,-1
407,93,248.91,160.46,46.70,144.05,0.8037,-1,-1,-1
407,59,195.50,159.78,50.64,143.20,0.8290,-1,-1,-1
408,101,345.71,191.19,32.55,78.30,0.7891,-1,-1,-1
408,93,249.95,158.76,45.87,144.56,0.8269,-1,-1,-1
408,59,197.72,155.20,46.08,147.44,0.8222,-1,-1,-1
409,101,345.34,187.84,33.25,79.82,0.7919,-1,-1,-1
409,93,249.01,157.36,46.07,145.20,0.8139,-1,-1,-1
409,59,196.12,156.41,45.63,144.77,0.8380,-1,-1,-1
410,101,339.50,184.54,34.81,80.68,0.5617,-1,-1,-1
410,93,246.77,157.59,47.19,145.70,0.8263,-1,-1,-1
410,59,191.53,159.15,48.82,142.30,0.8356,-1,-1,-1
411,101,334.96,189.49,34.18,74.96,0.3807,-1,-1,-1
411,93,242.63,158.44,45.19,145.59,0.8170,-1,-1,-1
411,59,183.55,159.32,52.21,139.60,0.8486,-1,-1,-1
412,101,328.23,188.96,33.00,77.46,0.6981,-1,-1,-1
412,93,238.39,162.22,45.56,142.19,0.8008,-1,-1,-1
412,59,183.92,162.86,43.82,140.26,0.8241,-1,-1,-1
413,101,325.40,187.38,34.18,76.78,0.5349,-1,-1,-1
413,93,235.85,159.64,47.87,142.60,0.7737,-1,-1,-1
413,59,182.95,162.13,44.35,139.80,0.8218,-1,-1,-1
414,101,317.89,188.55,36.70,76.85,0.6140,-1,-1,-1
414,93,233.65,162.78,46.32,139.57,0.7852,-1,-1,-1
414,90,566.12,192.99,73.74,237.95,0.6412,-1,-1,-1
414,59,178.82,161.09,48.32,140.09,0.8272,-1,-1,-1
415,101,312.21,191.80,32.99,74.01,0.4626,-1,-1,-1
415,93,227.79,159.95,45.55,140.66,0.8077,-1,-1,-1
415,90,546.50,133.02,93.50,283.49,0.8507,-1,-1,-1
415,59,173.16,160.01,48.46,140.26,0.8282,-1,-1,-1
416,101,304.46,195.28,27.96,72.50,0.3429,-1,-1,-1
416,93,221.61,164.98,46.07,139.24,0.7813,-1,-1,-1
416,90,543.94,93.07,96.06,334.68,0.8902,-1,-1,-1
416,59,169.93,161.93,50.52,138.92,0.8229,-1,-1,-1
417,101,300.75,193.16,31.39,77.57,0.6708,-1,-1,-1
417,93,218.63,169.92,42.84,137.55,0.7349,-1,-1,-1
417,90,544.54,41.40,95.38,393.53,0.8589,-1,-1,-1
417,59,168.70,163.94,48.99,140.48,0.8351,-1,-1,-1
418,101,297.09,193.81,31.14,72.72,0.6015,-1,-1,-1
418,93,210.68,167.75,51.68,135.60,0.8223,-1,-1,-1
418,90,543.88,28.42,95.95,406.98,0.8707,-1,-1,-1
418,59,166.64,163.72,48.16,137.27,0.8471,-1,-1,-1
419,101,294.70,191.91,31.87,75.57,0.7493,-1,-1,-1
419,93,209.44,169.38,49.67,135.22,0.8022,-1,-1,-1
419,90,526.18,26.10,113.55,411.67,0.8961,-1,-1,-1
419,59,164.06,166.98,49.89,135.40,0.8382,-1,-1,-1
420,101,288.26,193.72,32.61,70.57,0.7503,-1,-1,-1
420,93,208.64,169.04,44.78,133.16,0.7917,-1,-1,-1
420,90,494.04,23.21,145.82,423.10,0.9184,-1,-1,-1
420,59,160.17,166.84,49.50,135.50,0.8039,-1,-1,-1
421,101,280.70,191.50,32.44,74.08,0.8137,-1,-1,-1
421,93,203.24,167.35,42.84,129.18,0.7576,-1,-1,-1
421,90,472.87,28.83,166.76,420.24,0.9189,-1,-1,-1
421,59,153.56,167.09,47.39,129.63,0.8402,-1,-1,-1
422,101,277.90,189.95,30.88,74.72,0.7364,-1,-1,-1
422,93,199.29,163.37,42.88,132.68,0.7858,-1,-1,-1
422,90,465.12,32.45,174.27,416.72,0.9190,-1,-1,-1
422,59,151.58,163.68,46.66,131.25,0.8326,-1,-1,-1
423,101,271.90,190.03,30.97,71.80,0.6322,-1,-1,-1
423,93,195.71,159.36,42.51,132.12,0.7960,-1,-1,-1
423,90,456.67,36.77,175.60,416.22,0.9169,-1,-1,-1
423,59,146.72,159.75,46.72,134.19,0.8229,-1,-1,-1
424,101,266.60,187.53,29.91,74.86,0.7523,-1,-1,-1
424,93,193.49,161.47,40.37,131.89,0.7997,-1,-1,-1
424,90,442.88,44.34,179.88,409.51,0.8874,-1,-1,-1
424,59,141.96,159.76,45.22,135.29,0.8043,-1,-1,-1
425,101,259.39,185.94,30.14,73.20,0.7069,-1,-1,-1
425,93,185.92,159.84,40.91,132.70,0.7890,-1,-1,-1
425,90,428.17,46.59,182.29,400.93,0.8982,-1,-1,-1
425,59,135.27,161.00,46.40,131.64,0.8082,-1,-1,-1
426,101,254.80,183.60,28.53,73.38,0.6916,-1,-1,-1
426,93,182.85,159.71,39.14,130.19,0.7943,-1,-1,-1
426,90,419.14,47.65,185.79,397.96,0.8713,-1,-1,-1
426,59,129.89,158.63,49.18,132.13,0.7797,-1,-1,-1
427,102,589.01,76.80,50.87,300.88,0.6230,-1,-1,-1
427,101,249.18,178.57,27.93,76.00,0.7295,-1,-1,-1
427,93,177.32,157.01,44.42,130.36,0.7680,-1,-1,-1
427,90,409.38,45.52,156.96,392.74,0.8805,-1,-1,-1
427,59,124.60,158.60,50.14,129.57,0.7878,-1,-1,-1
428,102,559.20,0.00,80.66,476.92,0.8489,-1,-1,-1
428,101,240.86,179.44,29.38,73.38,0.6687,-1,-1,-1
428,93,174.00,152.21,42.20,130.29,0.7950,-1,-1,-1
428,90,406.45,42.70,131.20,376.60,0.9019,-1,-1,-1
428,59,118.93,157.60,51.86,128.74,0.8163,-1,-1,-1
429,102,470.76,1.33,169.24,478.08,0.8365,-1,-1,-1
429,101,235.02,179.37,28.27,74.56,0.7574,-1,-1,-1
429,93,170.99,152.45,42.98,129.63,0.7997,-1,-1,-1
429,90,400.03,45.35,114.58,355.68,0.9053,-1,-1,-1
429,59,116.70,156.02,48.82,127.59,0.7953,-1,-1,-1
430,102,403.12,0.00,236.48,479.34,0.8965,-1,-1,-1
430,101,229.00,182.13,27.27,71.55,0.5705,-1,-1,-1
430,93,165.85,153.56,41.87,128.02,0.7855,-1,-1,-1
430,90,366.40,50.14,128.91,351.15,0.8953,-1,-1,-1
430,59,111.74,154.42,50.63,127.12,0.8179,-1,-1,-1
431,102,385.84,0.00,253.64,480.00,0.8794,-1,-1,-1
431,101,223.07,178.81,30.65,72.51,0.7439,-1,-1,-1
431,93,163.69,153.76,44.39,125.84,0.7832,-1,-1,-1
431,90,343.80,52.11,140.84,345.76,0.8956,-1,-1,-1
431,59,108.51,151.72,51.65,127.22,0.7933,-1,-1,-1
432,120,0.17,117.91,62.39,209.69,0.6872,-1,-1,-1
432,102,414.70,0.00,225.30,477.54,0.8882,-1,-1,-1
432,101,221.45,174.15,29.99,76.90,0.7564,-1,-1,-1
432,93,161.26,156.39,40.84,122.30,0.6762,-1,-1,-1
432,90,337.06,54.64,124.10,315.03,0.8705,-1,-1,-1
432,59,108.11,151.92,51.21,125.65,0.8174,-1,-1,-1
433,120,0.17,99.39,71.81,260.87,0.6654,-1,-1,-1
433,102,411.81,0.00,228.19,479.50,0.8541,-1,-1,-1
433,101,218.28,176.50,30.61,73.94,0.8186,-1,-1,-1
433,93,156.79,154.27,42.27,124.35,0.7057,-1,-1,-1
433,90,336.28,56.60,104.23,314.92,0.8564,-1,-1,-1
433,59,106.20,154.17,50.90,124.48,0.8294,-1,-1,-1
434,120,0.16,59.10,76.06,303.94,0.6241,-1,-1,-1
434,102,384.78,0.37,183.09,479.63,0.7955,-1,-1,-1
434,101,212.30,173.26,31.04,76.96,0.7610,-1,-1,-1
434,93,155.26,153.80,40.84,123.71,0.7953,-1,-1,-1
434,90,330.52,58.54,86.69,314.85,0.7950,-1,-1,-1
434,59,100.05,156.64,50.02,122.19,0.8359,-1,-1,-1
435,121,594.95,103.75,44.91,290.82,0.6180,-1,-1,-1
435,120,0.19,56.33,77.72,306.73,0.5673,-1,-1,-1
435,102,345.23,0.00,167.91,479.18,0.8553,-1,-1,-1
435,101,209.42,176.88,30.51,72.61,0.6603,-1,-1,-1
435,93,151.93,152.31,40.67,120.60,0.7763,-1,-1,-1
435,90,313.67,97.87,67.61,277.03,0.7105,-1,-1,-1
435,59,96.66,153.67,51.81,123.68,0.8352,-1,-1,-1
436,121,579.87,103.51,59.99,293.52,0.7720,-1,-1,-1
436,102,300.06,0.48,188.16,479.52,0.8962,-1,-1,-1
436,101,205.53,173.78,28.81,73.11,0.6915,-1,-1,-1
436,93,149.67,147.95,41.44,121.74,0.7939,-1,-1,-1
436,59,91.64,151.30,48.15,122.50,0.8043,-1,-1,-1
437,121,602.23,88.86,37.67,309.45,0.7319,-1,-1,-1
437,120,0.24,64.95,76.31,269.51,0.3907,-1,-1,-1
437,102,247.40,0.00,227.25,478.86,0.9259,-1,-1,-1
437,101,204.05,171.82,28.30,75.69,0.7495,-1,-1,-1
437,93,148.41,150.19,42.39,120.38,0.7414,-1,-1,-1
437,59,88.98,149.43,46.80,122.16,0.8180,-1,-1,-1
438,121,552.07,68.48,87.86,332.56,0.8624,-1,-1,-1
438,120,0.06,75.84,74.46,269.14,0.5813,-1,-1,-1
438,102,198.44,0.00,277.42,479.96,0.9043,-1,-1,-1
438,101,202.57,168.47,25.44,78.66,0.6451,-1,-1,-1
438,93,145.47,149.71,42.95,120.17,0.7585,-1,-1,-1
438,59,84.53,152.50,46.82,118.27,0.8287,-1,-1,-1
439,123,384.81,135.35,49.75,180.21,0.6430,-1,-1,-1
439,121,528.84,77.37,111.03,325.05,0.8993,-1,-1,-1
439,120,0.23,75.69,71.08,296.07,0.3914,-1,-1,-1
439,102,182.12,1.62,276.64,478.38,0.8629,-1,-1,-1
439,93,143.00,149.29,38.31,119.08,0.8133,-1,-1,-1
439,59,82.14,148.06,46.78,121.83,0.8398,-1,-1,-1
440,123,370.68,135.97,55.50,178.89,0.7037,-1,-1,-1
440,121,521.75,77.66,118.20,330.51,0.9120,-1,-1,-1
440,120,0.00,54.08,70.64,352.91,0.6912,-1,-1,-1
440,102,84.51,0.00,334.77,480.00,0.8435,-1,-1,-1
440,90,309.84,59.02,80.82,207.36,0.7655,-1,-1,-1
440,59,79.23,145.76,43.82,93.62,0.4042,-1,-1,-1
441,123,369.40,137.99,52.93,178.45,0.7121,-1,-1,-1
441,121,526.90,80.66,112.94,330.83,0.8889,-1,-1,-1
441,102,0.89,0.75,287.68,478.16,0.8619,-1,-1,-1
441,90,277.32,65.82,113.08,337.17,0.7947,-1,-1,-1
442,123,366.94,137.23,50.52,178.18,0.7610,-1,-1,-1
442,121,534.39,79.63,96.61,317.78,0.8631,-1,-1,-1
442,102,0.76,1.06,247.41,477.73,0.7011,-1,-1,-1
442,90,258.08,66.93,126.27,331.90,0.8811,-1,-1,-1
443,124,608.59,83.72,31.20,221.89,0.4611,-1,-1,-1
443,123,365.33,132.99,47.04,178.15,0.7381,-1,-1,-1
443,121,522.41,76.21,99.86,309.95,0.7489,-1,-1,-1
443,102,0.54,2.18,205.95,474.56,0.7429,-1,-1,-1
443,90,255.18,62.54,122.65,333.35,0.8876,-1,-1,-1
444,126,551.38,79.90,88.50,315.94,0.7332,-1,-1,-1
444,123,359.01,135.65,47.99,180.16,0.7316,-1,-1,-1
444,121,497.17,81.38,111.40,302.19,0.6006,-1,-1,-1
444,101,187.58,178.57,29.79,70.00,0.7554,-1,-1,-1
444,93,145.74,155.22,36.41,118.49,0.7471,-1,-1,-1
444,90,249.56,64.96,120.45,321.66,0.8924,-1,-1,-1
445,124,591.28,87.90,48.51,259.40,0.6836,-1,-1,-1
445,123,357.86,138.78,50.47,179.21,0.7979,-1,-1,-1
445,121,532.30,82.11,80.38,318.78,0.5220,-1,-1,-1
445,101,189.53,179.09,29.84,71.01,0.7035,-1,-1,-1
445,93,143.62,157.49,39.83,115.65,0.7748,-1,-1,-1
445,90,249.43,62.56,115.89,317.32,0.8937,-1,-1,-1
445,59,99.39,154.70,34.39,121.08,0.7507,-1,-1,-1
446,124,582.69,75.47,57.12,293.44,0.8483,-1,-1,-1
446,123,343.69,139.70,63.01,177.96,0.7750,-1,-1,-1
446,121,463.86,82.88,159.17,315.51,0.8933,-1,-1,-1
446,120,0.15,3.62,99.63,288.83,0.7679,-1,-1,-1
446,101,193.35,177.71,29.24,71.87,0.6203,-1,-1,-1
446,93,147.38,157.81,41.11,114.21,0.7495,-1,-1,-1
446,90,246.81,60.37,109.67,319.00,0.8979,-1,-1,-1
446,59,94.53,153.56,45.52,118.15,0.8076,-1,-1,-1
447,124,575.56,81.08,64.30,290.89,0.8191,-1,-1,-1
447,123,341.39,143.43,65.34,179.28,0.7892,-1,-1,-1
447,121,470.01,86.28,159.18,316.23,0.8474,-1,-1,-1
447,120,0.17,0.56,103.36,314.17,0.7401,-1,-1,-1
447,101,193.97,181.52,30.48,70.23,0.5501,-1,-1,-1
447,93,147.61,160.74,42.58,113.84,0.7079,-1,-1,-1
447,90,238.94,61.42,111.71,327.46,0.8948,-1,-1,-1
447,59,96.98,155.56,48.05,119.10,0.7884,-1,-1,-1
448,124,574.18,82.78,65.70,293.59,0.8026,-1,-1,-1
448,123,343.68,141.01,61.76,180.77,0.7879,-1,-1,-1
448,121,473.96,83.97,128.01,312.55,0.8569,-1,-1,-1
448,120,0.06,0.00,106.97,480.00,0.8845,-1,-1,-1
448,101,192.76,181.16,32.97,68.94,0.5861,-1,-1,-1
448,93,147.95,157.34,41.59,113.91,0.7694,-1,-1,-1
448,90,236.79,60.71,107.71,330.91,0.8920,-1,-1,-1
448,59,98.61,152.22,47.78,117.60,0.8173,-1,-1,-1
449,124,550.57,87.80,89.12,295.85,0.5434,-1,-1,-1
449,123,344.02,142.13,61.58,178.96,0.7878,-1,-1,-1
449,121,485.73,84.38,96.52,304.70,0.8424,-1,-1,-1
449,120,0.00,0.00,111.98,476.57,0.8934,-1,-1,-1
449,101,197.16,182.69,32.60,69.65,0.6077,-1,-1,-1
449,93,150.67,158.29,37.58,112.81,0.7935,-1,-1,-1
449,90,241.17,66.00,101.47,330.61,0.8941,-1,-1,-1
449,59,103.81,157.65,46.11,113.29,0.8283,-1,-1,-1
450,124,548.01,86.80,91.85,272.36,0.5566,-1,-1,-1
450,123,355.61,138.97,56.65,177.08,0.8354,-1,-1,-1
450,121,499.42,82.15,98.91,314.65,0.8298,-1,-1,-1
450,120,0.00,0.32,122.10,477.93,0.8712,-1,-1,-1
450,101,205.69,182.50,32.00,70.34,0.6944,-1,-1,-1
450,93,160.13,158.18,37.34,112.57,0.8061,-1,-1,-1
450,90,243.34,66.78,102.05,327.66,0.8901,-1,-1,-1
450,59,114.25,158.91,45.14,113.78,0.7856,-1,-1,-1
451,124,554.92,88.74,84.93,278.87,0.6893,-1,-1,-1
451,123,359.47,139.47,58.18,178.55,0.8255,-1,-1,-1
451,121,489.04,85.21,111.94,317.67,0.8499,-1,-1,-1
451,120,0.00,4.38,130.33,474.11,0.9075,-1,-1,-1
451,101,209.32,183.53,30.74,69.50,0.5821,-1,-1,-1
451,93,165.67,160.74,39.16,111.65,0.7899,-1,-1,-1
451,90,233.82,65.58,116.55,329.96,0.8778,-1,-1,-1
451,59,121.14,160.15,43.31,113.17,0.8020,-1,-1,-1
452,124,579.12,85.54,60.77,275.09,0.6922,-1,-1,-1
452,123,358.82,138.64,61.41,181.28,0.7613,-1,-1,-1
452,121,477.00,87.54,134.01,320.84,0.8441,-1,-1,-1
452,120,0.00,5.21,137.36,472.13,0.9111,-1,-1,-1
452,93,174.78,160.78,36.44,112.43,0.8048,-1,-1,-1
452,90,223.87,61.59,125.23,324.04,0.8976,-1,-1,-1
452,59,131.38,158.78,42.20,112.67,0.8056,-1,-1,-1
453,124,581.70,77.57,58.22,299.11,0.7391,-1,-1,-1
453,123,361.03,138.09,71.60,180.98,0.7731,-1,-1,-1
453,121,486.21,83.97,132.13,325.90,0.8522,-1,-1,-1
453,120,0.00,2.46,149.46,473.74,0.9064,-1,-1,-1
453,93,182.81,160.15,34.51,110.82,0.7901,-1,-1,-1
453,90,232.21,54.13,124.53,327.54,0.8821,-1,-1,-1
453,59,139.09,156.72,41.37,111.91,0.8193,-1,-1,-1
454,124,588.72,81.78,50.92,302.98,0.7580,-1,-1,-1
454,123,371.52,144.16,71.23,181.59,0.8144,-1,-1,-1
454,121,503.19,84.67,116.07,330.35,0.8654,-1,-1,-1
454,120,0.15,4.22,159.42,471.96,0.9141,-1,-1,-1
454,93,192.41,163.80,35.15,111.95,0.7999,-1,-1,-1
454,90,241.37,59.30,126.21,332.20,0.9030,-1,-1,-1
454,59,151.19,159.27,37.59,114.33,0.7883,-1,-1,-1
455,124,571.02,80.84,68.87,309.73,0.7521,-1,-1,-1
455,123,378.11,139.77,69.70,183.75,0.8280,-1,-1,-1
455,121,505.30,77.22,103.56,317.48,0.8730,-1,-1,-1
455,120,0.32,0.00,170.69,477.17,0.8870,-1,-1,-1
455,93,198.02,161.76,39.26,110.53,0.7637,-1,-1,-1
455,90,255.49,58.51,119.19,340.77,0.8962,-1,-1,-1
455,59,160.07,159.81,37.44,110.11,0.8077,-1,-1,-1
456,124,585.63,83.94,54.13,283.51,0.7747,-1,-1,-1
456,123,381.45,140.18,67.79,186.68,0.7731,-1,-1,-1
456,121,504.14,79.67,102.94,320.02,0.8723,-1,-1,-1
456,120,0.00,1.33,179.60,473.63,0.8859,-1,-1,-1
456,93,205.24,161.55,38.09,111.22,0.7778,-1,-1,-1
456,90,260.13,62.18,118.13,342.88,0.8838,-1,-1,-1
456,59,168.90,162.28,32.69,107.38,0.6908,-1,-1,-1
457,124,602.21,87.54,37.61,290.55,0.7488,-1,-1,-1
457,123,389.12,141.07,63.20,184.12,0.7402,-1,-1,-1
457,121,480.70,85.85,131.81,327.70,0.8824,-1,-1,-1
457,120,2.10,6.33,191.35,466.47,0.8834,-1,-1,-1
457,93,213.86,163.64,36.73,110.78,0.7631,-1,-1,-1
457,90,267.17,65.71,120.33,350.47,0.8820,-1,-1,-1
457,59,178.66,166.61,34.26,106.13,0.7369,-1,-1,-1
458,124,607.06,79.39,32.71,302.29,0.7274,-1,-1,-1
458,123,393.48,137.34,59.76,185.01,0.8172,-1,-1,-1
458,121,474.98,84.73,149.15,331.36,0.8930,-1,-1,-1
458,120,16.49,3.28,188.90,470.97,0.8728,-1,-1,-1
458,93,224.35,161.59,33.68,110.23,0.7653,-1,-1,-1
458,90,273.41,62.39,120.06,350.15,0.8836,-1,-1,-1
458,59,188.18,163.60,31.53,104.65,0.5360,-1,-1,-1
459,124,602.94,85.22,36.99,289.24,0.6144,-1,-1,-1
459,123,401.55,143.86,59.88,188.12,0.7877,-1,-1,-1
459,121,487.98,89.93,151.77,335.99,0.8957,-1,-1,-1
459,120,39.34,4.58,186.96,472.94,0.8385,-1,-1,-1
459,93,232.66,168.85,31.51,109.53,0.7598,-1,-1,-1
459,90,274.77,67.25,124.52,357.29,0.8802,-1,-1,-1
460,124,605.55,79.03,34.35,305.41,0.6389,-1,-1,-1
460,123,401.06,143.89,61.28,189.47,0.7968,-1,-1,-1
460,121,494.81,87.51,144.21,341.82,0.8785,-1,-1,-1
460,120,38.81,2.18,193.29,477.82,0.8569,-1,-1,-1
460,93,234.30,167.56,31.70,109.63,0.7275,-1,-1,-1
460,90,273.30,64.70,130.33,356.34,0.8956,-1,-1,-1
461,124,600.35,79.08,39.36,305.48,0.6704,-1,-1,-1
461,123,405.74,142.55,57.96,192.14,0.8032,-1,-1,-1
461,121,513.17,80.86,101.68,322.54,0.8676,-1,-1,-1
461,120,50.41,0.00,190.65,479.82,0.8821,-1,-1,-1
461,93,241.05,165.38,31.30,110.13,0.7185,-1,-1,-1
461,90,277.40,55.98,130.38,345.90,0.9053,-1,-1,-1
462,124,588.73,81.43,51.00,297.13,0.7029,-1,-1,-1
462,123,404.02,144.01,62.49,193.07,0.8331,-1,-1,-1
462,121,514.73,80.93,101.60,330.65,0.8476,-1,-1,-1
462,120,53.10,0.00,189.27,475.20,0.8682,-1,-1,-1
462,93,241.56,165.49,36.89,111.85,0.7217,-1,-1,-1
462,90,280.20,56.27,125.78,345.39,0.8935,-1,-1,-1
463,124,584.89,88.79,54.85,295.23,0.6667,-1,-1,-1
463,123,409.15,146.79,53.19,196.31,0.8211,-1,-1,-1
463,121,503.84,89.47,123.80,336.28,0.8841,-1,-1,-1
463,120,52.58,3.26,194.34,476.74,0.8517,-1,-1,-1
463,93,242.81,166.03,34.29,112.29,0.7099,-1,-1,-1
463,90,280.91,60.04,120.30,352.23,0.8943,-1,-1,-1
464,124,589.81,88.85,50.06,296.83,0.7476,-1,-1,-1
464,123,407.44,145.45,54.81,193.10,0.7832,-1,-1,-1
464,121,482.78,89.48,144.63,338.70,0.8727,-1,-1,-1
464,120,49.52,0.00,195.56,480.00,0.8768,-1,-1,-1
464,93,242.18,169.33,33.08,108.31,0.7386,-1,-1,-1
464,90,282.64,58.18,111.85,358.44,0.8841,-1,-1,-1
465,124,592.02,85.74,47.81,308.62,0.7926,-1,-1,-1
465,123,407.46,141.86,55.60,190.11,0.7477,-1,-1,-1
465,121,476.77,90.55,144.39,337.14,0.8835,-1,-1,-1
465,120,47.57,0.00,195.77,480.00,0.8874,-1,-1,-1
465,93,240.10,169.76,34.89,105.51,0.7138,-1,-1,-1
465,90,283.78,55.97,105.14,362.82,0.8801,-1,-1,-1
466,124,596.42,84.46,43.48,310.76,0.8247,-1,-1,-1
466,123,406.39,141.23,55.85,191.36,0.7612,-1,-1,-1
466,121,480.86,89.67,129.71,339.94,0.8833,-1,-1,-1
466,120,46.93,0.00,195.87,480.00,0.8537,-1,-1,-1
466,93,242.05,164.86,34.36,112.05,0.6955,-1,-1,-1
466,90,279.87,57.63,104.69,362.31,0.8848,-1,-1,-1
467,124,587.34,83.00,52.58,316.67,0.8734,-1,-1,-1
467,123,397.00,141.65,67.76,192.98,0.7696,-1,-1,-1
467,121,482.36,85.89,107.62,327.20,0.8819,-1,-1,-1
467,120,45.99,0.00,199.17,480.00,0.8861,-1,-1,-1
467,90,271.29,59.25,112.35,364.60,0.8931,-1,-1,-1
467,59,243.07,168.36,35.58,108.43,0.6919,-1,-1,-1
468,124,570.03,81.64,69.84,320.22,0.8729,-1,-1,-1
468,123,402.36,141.63,62.60,192.06,0.7425,-1,-1,-1
468,121,468.97,81.04,105.69,321.17,0.8662,-1,-1,-1
468,120,42.74,0.59,200.05,479.41,0.8911,-1,-1,-1
468,93,237.29,167.81,36.02,105.93,0.5256,-1,-1,-1
468,90,266.90,51.85,115.06,372.20,0.8778,-1,-1,-1
469,124,557.11,84.00,82.72,318.76,0.8594,-1,-1,-1
469,123,401.12,139.72,60.84,192.98,0.7111,-1,-1,-1
469,121,440.12,81.71,127.98,328.85,0.8498,-1,-1,-1
469,120,40.15,0.19,204.46,471.77,0.8561,-1,-1,-1
469,90,254.85,43.54,126.82,361.74,0.8723,-1,-1,-1
470,124,550.63,82.65,89.21,299.92,0.8732,-1,-1,-1
470,123,400.72,139.87,62.51,187.31,0.7673,-1,-1,-1
470,121,429.87,86.15,133.80,331.25,0.8919,-1,-1,-1
470,120,40.74,0.00,210.67,480.00,0.8562,-1,-1,-1
470,90,252.94,42.01,134.78,363.83,0.8750,-1,-1,-1
471,124,549.36,78.29,90.49,307.07,0.7522,-1,-1,-1
471,123,401.48,136.98,62.62,191.64,0.5926,-1,-1,-1
471,121,435.72,87.77,132.09,329.96,0.8880,-1,-1,-1
471,120,46.42,0.07,211.34,479.93,0.8748,-1,-1,-1
471,90,255.61,40.38,139.63,365.19,0.8791,-1,-1,-1
472,124,559.61,73.51,80.22,320.17,0.8590,-1,-1,-1
472,123,400.18,132.83,65.65,194.11,0.6259,-1,-1,-1
472,121,440.04,83.05,124.80,332.64,0.8809,-1,-1,-1
472,120,52.30,0.25,211.50,479.75,0.8801,-1,-1,-1
472,90,258.60,35.69,139.17,371.13,0.8852,-1,-1,-1
473,124,572.25,71.20,67.65,324.04,0.8809,-1,-1,-1
473,123,403.43,129.88,59.72,195.01,0.6298,-1,-1,-1
473,121,443.70,77.30,110.72,325.05,0.8927,-1,-1,-1
473,120,57.39,0.50,217.61,474.90,0.8505,-1,-1,-1
473,90,264.88,33.50,127.12,385.20,0.8720,-1,-1,-1
474,124,543.19,71.53,96.69,321.11,0.8476,-1,-1,-1
474,123,406.90,131.35,55.51,196.01,0.7489,-1,-1,-1
474,121,447.71,75.71,104.29,321.09,0.8470,-1,-1,-1
474,120,66.46,0.56,219.17,479.44,0.8410,-1,-1,-1
474,90,273.68,34.18,119.80,387.15,0.8807,-1,-1,-1
475,124,525.14,73.78,114.70,296.30,0.9071,-1,-1,-1
475,123,413.35,130.19,55.01,198.31,0.3908,-1,-1,-1
475,121,452.23,74.08,109.28,330.42,0.8481,-1,-1,-1
475,120,73.03,0.35,218.50,475.03,0.8606,-1,-1,-1
475,90,278.35,36.77,119.20,388.92,0.8838,-1,-1,-1
476,124,530.45,74.01,109.55,300.71,0.9005,-1,-1,-1
476,121,453.02,78.63,116.63,331.42,0.8854,-1,-1,-1
476,120,76.00,0.29,218.28,475.82,0.8772,-1,-1,-1
476,90,282.72,40.78,119.62,389.27,0.8852,-1,-1,-1
477,124,534.08,72.00,105.90,307.87,0.9026,-1,-1,-1
477,121,448.78,82.29,120.59,334.59,0.7887,-1,-1,-1
477,120,78.55,0.76,218.38,463.47,0.7765,-1,-1,-1
477,90,281.36,39.56,122.88,392.23,0.8945,-1,-1,-1
478,124,537.96,71.92,102.04,311.53,0.8894,-1,-1,-1
478,121,445.39,79.11,118.96,340.07,0.8136,-1,-1,-1
478,120,71.18,0.28,224.74,466.35,0.7864,-1,-1,-1
478,90,281.84,34.69,121.78,389.27,0.8981,-1,-1,-1
479,124,542.65,74.71,97.25,323.78,0.9092,-1,-1,-1
479,121,443.43,86.13,114.08,330.40,0.8518,-1,-1,-1
479,120,69.94,0.15,228.83,479.85,0.8126,-1,-1,-1
479,90,278.47,38.79,122.26,371.59,0.8945,-1,-1,-1
480,128,0.04,115.94,31.88,279.04,0.3318,-1,-1,-1
480,124,549.28,76.17,88.06,329.18,0.8303,-1,-1,-1
480,123,395.09,138.71,64.67,192.74,0.4801,-1,-1,-1
480,121,441.05,86.45,115.32,319.38,0.8708,-1,-1,-1
480,120,72.68,0.00,222.90,477.44,0.8428,-1,-1,-1
480,90,275.07,39.31,122.79,383.85,0.8865,-1,-1,-1
481,124,535.06,73.19,98.47,335.17,0.8480,-1,-1,-1
481,121,434.15,82.62,107.77,318.20,0.8626,-1,-1,-1
481,120,65.36,0.44,228.58,473.86,0.8035,-1,-1,-1
481,90,272.66,33.60,116.28,390.21,0.8836,-1,-1,-1
482,128,0.35,118.06,41.45,163.07,0.3417,-1,-1,-1
482,124,514.77,76.33,119.46,338.48,0.8403,-1,-1,-1
482,121,413.35,83.55,116.06,322.92,0.8689,-1,-1,-1
482,120,55.47,1.00,234.77,465.86,0.7511,-1,-1,-1
482,90,265.80,34.37,110.96,395.09,0.8883,-1,-1,-1
483,124,509.52,84.70,115.62,334.15,0.8816,-1,-1,-1
483,121,397.09,92.14,122.02,327.01,0.8719,-1,-1,-1
483,120,47.60,2.90,240.48,473.28,0.7816,-1,-1,-1
483,90,261.06,42.72,104.68,394.60,0.8769,-1,-1,-1
484,124,510.79,85.55,109.62,334.77,0.8762,-1,-1,-1
484,121,383.30,93.99,128.52,330.17,0.8435,-1,-1,-1
484,120,37.62,7.37,244.49,472.63,0.6546,-1,-1,-1
484,90,254.56,48.36,102.61,391.05,0.8590,-1,-1,-1
485,124,510.36,85.11,94.15,323.92,0.8383,-1,-1,-1
485,121,394.60,91.58,115.14,332.73,0.8090,-1,-1,-1
485,120,32.20,1.12,249.10,478.88,0.7364,-1,-1,-1
485,90,250.20,49.15,100.96,396.41,0.8414,-1,-1,-1
486,124,503.55,83.35,85.83,318.41,0.8732,-1,-1,-1
486,121,399.30,89.12,99.24,322.88,0.8709,-1,-1,-1
486,120,26.63,0.11,253.16,479.89,0.7839,-1,-1,-1
486,90,245.06,41.48,102.54,390.00,0.8828,-1,-1,-1
487,124,489.28,85.94,91.64,327.26,0.8851,-1,-1,-1
487,121,393.69,90.13,97.93,322.42,0.8711,-1,-1,-1
487,120,23.49,0.61,257.79,479.39,0.8441,-1,-1,-1
487,90,241.33,38.71,102.65,390.07,0.8847,-1,-1,-1
488,124,458.87,88.64,120.71,332.82,0.8517,-1,-1,-1
488,121,390.69,93.35,102.05,326.71,0.8519,-1,-1,-1
488,120,27.83,1.07,258.69,478.93,0.8164,-1,-1,-1
488,90,243.84,37.75,98.58,382.97,0.8606,-1,-1,-1
489,129,556.04,86.88,83.62,147.31,0.3867,-1,-1,-1
489,124,451.47,88.29,133.45,335.38,0.8952,-1,-1,-1
489,121,390.65,95.10,102.58,331.26,0.7843,-1,-1,-1
489,120,17.43,0.55,267.40,479.45,0.6870,-1,-1,-1
489,90,245.13,35.97,91.22,376.72,0.8672,-1,-1,-1
490,129,558.84,83.01,80.98,218.11,0.3300,-1,-1,-1
490,124,456.04,91.63,133.70,331.43,0.8814,-1,-1,-1
490,121,382.89,97.09,107.90,329.35,0.8305,-1,-1,-1
490,120,3.65,0.96,277.14,479.04,0.6199,-1,-1,-1
490,90,249.58,36.97,78.78,343.61,0.6463,-1,-1,-1
491,124,460.49,94.47,117.76,323.27,0.8676,-1,-1,-1
491,121,376.08,98.53,112.85,335.69,0.8504,-1,-1,-1
491,120,0.53,0.32,282.60,477.42,0.8245,-1,-1,-1
491,90,251.42,41.66,74.64,322.19,0.8142,-1,-1,-1
492,124,466.28,89.70,99.55,317.57,0.8148,-1,-1,-1
492,121,377.15,95.10,105.82,327.38,0.8688,-1,-1,-1
492,120,0.43,0.19,276.82,476.73,0.7389,-1,-1,-1
492,90,249.69,40.47,75.38,295.68,0.8188,-1,-1,-1
493,124,469.93,88.47,100.80,327.57,0.8351,-1,-1,-1
493,121,376.96,93.07,99.93,319.17,0.8681,-1,-1,-1
493,120,0.61,0.60,276.96,476.76,0.7246,-1,-1,-1
493,90,244.81,41.63,81.14,285.05,0.8092,-1,-1,-1
494,124,468.32,90.96,94.36,332.75,0.7729,-1,-1,-1
494,121,373.70,95.20,100.74,323.26,0.8324,-1,-1,-1
494,120,0.94,0.21,279.61,479.01,0.7533,-1,-1,-1
494,90,240.58,41.85,88.90,339.62,0.8513,-1,-1,-1
495,124,462.47,89.04,97.21,337.88,0.8357,-1,-1,-1
495,121,363.63,91.20,112.26,330.58,0.8764,-1,-1,-1
495,120,0.19,0.26,273.31,478.85,0.3719,-1,-1,-1
495,90,230.63,29.32,102.59,356.86,0.8552,-1,-1,-1
496,130,343.87,136.43,57.43,211.47,0.5613,-1,-1,-1
496,124,463.95,90.72,97.89,338.17,0.8446,-1,-1,-1
496,121,365.55,93.64,110.42,334.29,0.8892,-1,-1,-1
496,120,0.03,0.10,275.13,479.90,0.4394,-1,-1,-1
496,90,230.01,28.31,106.73,355.88,0.8535,-1,-1,-1
497,130,345.67,137.56,54.61,205.92,0.6548,-1,-1,-1
497,124,465.12,89.79,104.01,341.25,0.8032,-1,-1,-1
497,121,371.88,94.03,103.05,338.94,0.8470,-1,-1,-1
497,120,0.15,0.34,274.01,477.86,0.4719,-1,-1,-1
497,90,229.56,27.53,108.12,349.34,0.8474,-1,-1,-1
498,130,337.98,139.60,62.73,202.97,0.6502,-1,-1,-1
498,129,561.38,75.65,78.41,240.84,0.3463,-1,-1,-1
498,124,468.86,89.13,93.54,335.84,0.7975,-1,-1,-1
498,121,380.91,94.00,92.10,338.00,0.8280,-1,-1,-1
498,120,0.00,0.25,275.55,479.73,0.6803,-1,-1,-1
498,90,229.51,26.46,103.71,355.35,0.8121,-1,-1,-1
499,130,340.38,141.62,60.86,198.92,0.5443,-1,-1,-1
499,124,471.36,83.80,96.89,325.42,0.7746,-1,-1,-1
499,121,380.41,88.64,94.36,332.80,0.8409,-1,-1,-1
499,120,0.08,0.00,280.46,480.00,0.6290,-1,-1,-1
499,90,231.91,24.70,97.51,317.15,0.8391,-1,-1,-1
500,130,343.64,136.40,56.47,208.28,0.6924,-1,-1,-1
500,124,472.10,84.18,85.63,329.44,0.7340,-1,-1,-1
500,121,381.70,89.52,100.38,323.58,0.8535,-1,-1,-1
500,120,0.00,0.18,282.00,477.44,0.5897,-1,-1,-1
500,90,235.39,29.10,89.71,321.42,0.8270,-1,-1,-1
501,130,351.93,136.42,50.96,210.03,0.6528,-1,-1,-1
501,124,461.62,82.38,103.06,337.10,0.7658,-1,-1,-1
501,121,385.74,88.81,104.63,329.48,0.7829,-1,-1,-1
501,120,0.24,0.11,290.78,474.61,0.7234,-1,-1,-1
501,90,241.85,30.06,82.11,321.24,0.7991,-1,-1,-1
502,130,349.02,134.63,66.29,215.72,0.6761,-1,-1,-1
502,124,456.61,84.70,134.09,345.19,0.6847,-1,-1,-1
502,121,389.24,89.27,109.49,338.29,0.7963,-1,-1,-1
502,120,5.67,0.06,293.95,479.94,0.7814,-1,-1,-1
502,90,244.85,29.68,76.56,317.94,0.6733,-1,-1,-1
503,124,466.82,81.93,128.41,341.45,0.8679,-1,-1,-1
503,121,392.13,87.71,111.19,340.13,0.8465,-1,-1,-1
503,120,13.07,0.89,300.93,479.08,0.5554,-1,-1,-1
504,130,341.11,125.78,68.07,221.58,0.4466,-1,-1,-1
504,124,475.72,77.43,120.89,343.94,0.8774,-1,-1,-1
504,121,392.92,84.96,109.68,339.26,0.8560,-1,-1,-1
504,120,0.13,0.52,315.03,479.48,0.6563,-1,-1,-1
505,130,338.03,129.55,74.17,224.15,0.5845,-1,-1,-1
505,124,482.38,77.63,113.45,334.73,0.8635,-1,-1,-1
505,121,394.85,85.36,100.68,334.63,0.8393,-1,-1,-1
505,120,11.80,1.51,320.15,478.49,0.5058,-1,-1,-1
506,130,352.70,128.43,54.45,217.47,0.6640,-1,-1,-1
506,124,485.89,73.88,111.60,331.40,0.8743,-1,-1,-1
506,121,389.96,80.70,98.13,320.04,0.8595,-1,-1,-1
506,120,15.61,1.58,318.98,472.53,0.5645,-1,-1,-1
507,130,337.70,131.03,66.44,217.15,0.6452,-1,-1,-1
507,124,484.82,76.84,112.86,338.84,0.8489,-1,-1,-1
507,121,387.23,83.31,98.36,321.25,0.8244,-1,-1,-1
507,120,41.39,0.40,299.46,478.15,0.6280,-1,-1,-1
508,130,341.84,128.12,63.19,213.10,0.7141,-1,-1,-1
508,128,0.99,94.67,80.28,201.18,0.5068,-1,-1,-1
508,124,486.24,77.85,111.33,341.02,0.8542,-1,-1,-1
508,121,377.21,82.81,110.46,328.73,0.8265,-1,-1,-1
508,120,63.50,0.32,282.56,472.66,0.6247,-1,-1,-1
509,130,345.00,123.18,60.38,213.17,0.6586,-1,-1,-1
509,128,0.00,95.39,88.79,224.24,0.5985,-1,-1,-1
509,124,487.26,75.58,104.82,344.19,0.8493,-1,-1,-1
509,121,366.09,79.96,122.11,331.60,0.8552,-1,-1,-1
509,120,74.21,0.87,275.59,471.85,0.6200,-1,-1,-1
510,130,352.36,128.19,54.28,210.66,0.5704,-1,-1,-1
510,128,0.49,77.46,106.35,258.42,0.7465,-1,-1,-1
510,124,490.28,80.77,108.64,340.12,0.8125,-1,-1,-1
510,121,370.39,84.84,116.66,337.01,0.8439,-1,-1,-1
510,120,90.26,0.26,271.40,475.55,0.3895,-1,-1,-1
511,130,366.34,126.85,45.05,214.67,0.3323,-1,-1,-1
511,128,3.36,62.69,126.18,284.49,0.6790,-1,-1,-1
511,124,495.31,77.99,99.33,343.10,0.7717,-1,-1,-1
511,123,380.22,116.81,43.75,291.21,0.3771,-1,-1,-1
511,121,383.98,83.85,101.85,337.24,0.8348,-1,-1,-1
511,120,107.99,1.39,205.81,476.43,0.3713,-1,-1,-1
511,90,183.29,0.00,198.76,478.25,0.3490,-1,-1,-1
512,128,25.01,66.72,123.12,288.24,0.7091,-1,-1,-1
512,124,502.65,81.66,94.62,330.03,0.7599,-1,-1,-1
512,121,389.33,86.13,99.86,338.00,0.8621,-1,-1,-1
512,120,124.39,1.39,271.54,478.06,0.5872,-1,-1,-1
513,131,8.88,120.29,80.40,234.21,0.8405,-1,-1,-1
513,128,70.64,71.71,99.92,326.04,0.8415,-1,-1,-1
513,124,506.36,83.92,88.26,331.48,0.8384,-1,-1,-1
513,121,405.63,91.15,89.27,320.36,0.8337,-1,-1,-1
513,120,154.92,1.26,271.77,470.95,0.6846,-1,-1,-1
514,131,3.08,114.89,82.12,238.81,0.8450,-1,-1,-1
514,128,83.80,68.75,94.00,329.55,0.8855,-1,-1,-1
514,124,502.84,79.93,94.39,335.56,0.8377,-1,-1,-1
514,121,415.43,87.84,79.14,315.55,0.8662,-1,-1,-1
514,120,158.89,1.04,275.30,470.70,0.5515,-1,-1,-1
515,131,0.94,107.66,70.74,255.72,0.8527,-1,-1,-1
515,128,92.98,75.28,109.27,328.43,0.8878,-1,-1,-1
515,124,483.90,85.89,115.48,339.42,0.8415,-1,-1,-1
515,121,430.27,93.98,65.44,189.81,0.8157,-1,-1,-1
515,120,187.02,0.53,270.65,472.58,0.7156,-1,-1,-1
516,131,0.00,103.28,61.36,269.68,0.8547,-1,-1,-1
516,128,94.24,78.98,118.12,329.24,0.8786,-1,-1,-1
516,124,482.62,88.84,132.30,344.28,0.8219,-1,-1,-1
516,120,219.93,0.34,265.36,475.56,0.7076,-1,-1,-1
517,132,191.20,78.16,78.67,303.12,0.5610,-1,-1,-1
517,131,0.29,99.07,53.53,265.64,0.8607,-1,-1,-1
517,128,96.63,86.71,111.33,322.07,0.8725,-1,-1,-1
517,124,497.92,89.56,127.58,343.05,0.8858,-1,-1,-1
517,120,243.18,0.70,273.76,470.83,0.7440,-1,-1,-1
518,132,186.39,29.40,113.23,363.58,0.8533,-1,-1,-1
518,131,0.12,93.15,43.04,275.11,0.7935,-1,-1,-1
518,128,96.43,86.85,114.59,320.81,0.8742,-1,-1,-1
518,124,514.51,94.64,108.85,338.73,0.8424,-1,-1,-1
518,120,260.61,0.99,280.87,475.40,0.7535,-1,-1,-1
519,132,180.70,26.02,121.43,401.26,0.8750,-1,-1,-1
519,128,111.39,80.66,98.85,305.09,0.8668,-1,-1,-1
519,120,276.03,0.70,299.13,477.77,0.7188,-1,-1,-1
520,132,181.35,21.20,136.68,444.19,0.8774,-1,-1,-1
520,128,127.50,76.19,85.72,310.96,0.8341,-1,-1,-1
520,120,290.87,0.52,306.29,477.90,0.8222,-1,-1,-1
521,132,180.65,16.92,152.24,440.45,0.8792,-1,-1,-1
521,128,113.13,81.86,106.82,308.22,0.8422,-1,-1,-1
521,120,325.58,0.57,313.82,474.37,0.8638,-1,-1,-1
522,132,187.99,18.73,153.72,442.54,0.8875,-1,-1,-1
522,128,112.18,88.15,109.42,311.25,0.8237,-1,-1,-1
522,120,348.07,0.63,290.39,473.05,0.7788,-1,-1,-1
523,132,192.46,16.13,149.37,451.07,0.8997,-1,-1,-1
523,128,108.64,90.65,110.97,310.31,0.7710,-1,-1,-1
523,120,361.50,0.74,277.92,476.29,0.8149,-1,-1,-1
524,132,194.09,11.63,148.28,461.93,0.8947,-1,-1,-1
524,128,107.31,83.47,113.81,307.24,0.8325,-1,-1,-1
524,120,374.35,1.02,265.13,475.98,0.8005,-1,-1,-1
525,132,204.00,16.51,147.39,463.49,0.8894,-1,-1,-1
525,128,114.74,83.81,111.47,296.14,0.8324,-1,-1,-1
525,120,391.34,0.18,248.26,479.82,0.8934,-1,-1,-1
526,132,209.31,16.05,152.54,463.95,0.8739,-1,-1,-1
526,128,137.38,77.91,96.42,286.73,0.8529,-1,-1,-1
526,120,405.11,0.77,234.68,479.23,0.8942,-1,-1,-1
527,132,203.97,13.24,160.69,466.76,0.8661,-1,-1,-1
527,128,146.14,75.06,87.45,293.93,0.8489,-1,-1,-1
527,120,416.26,0.00,223.68,480.00,0.8698,-1,-1,-1
528,132,200.03,22.38,172.27,457.36,0.8604,-1,-1,-1
528,130,392.06,97.59,71.08,317.14,0.6933,-1,-1,-1
528,128,162.42,89.55,76.72,293.51,0.8613,-1,-1,-1
528,120,437.08,0.00,202.92,480.00,0.9062,-1,-1,-1
529,134,126.18,163.68,47.76,146.53,0.7924,-1,-1,-1
529,132,203.99,26.93,170.86,451.76,0.8829,-1,-1,-1
529,130,382.37,106.38,87.96,315.71,0.8117,-1,-1,-1
529,128,161.95,98.27,79.84,289.26,0.8438,-1,-1,-1
529,120,449.02,0.47,190.79,476.29,0.8935,-1,-1,-1
530,134,119.37,160.69,47.74,152.25,0.7846,-1,-1,-1
530,132,213.14,27.34,167.52,438.15,0.8750,-1,-1,-1
530,130,384.90,109.98,93.19,317.77,0.7384,-1,-1,-1
530,128,158.39,101.73,87.75,285.89,0.8630,-1,-1,-1
530,120,468.58,0.38,171.18,478.15,0.9025,-1,-1,-1
531,134,111.45,159.66,55.12,157.74,0.8114,-1,-1,-1
531,132,219.42,28.29,161.96,448.69,0.8791,-1,-1,-1
531,130,385.57,112.29,96.72,323.05,0.8241,-1,-1,-1
531,128,155.57,103.45,92.96,287.53,0.8511,-1,-1,-1
531,120,475.54,0.25,164.19,479.08,0.8964,-1,-1,-1
532,134,93.11,158.60,64.97,164.79,0.7516,-1,-1,-1
532,130,377.73,104.78,98.41,321.80,0.8402,-1,-1,-1
532,128,165.33,100.76,84.79,275.09,0.8406,-1,-1,-1
532,120,485.45,1.04,154.30,478.03,0.8852,-1,-1,-1
532,90,226.23,27.19,147.34,452.81,0.8936,-1,-1,-1
533,135,464.66,92.26,50.77,269.18,0.5639,-1,-1,-1
533,134,74.11,153.85,74.21,169.08,0.7949,-1,-1,-1
533,130,370.94,97.54,97.82,310.57,0.8438,-1,-1,-1
533,128,172.14,93.11,74.03,277.77,0.7977,-1,-1,-1
533,120,482.52,0.41,157.16,478.61,0.8890,-1,-1,-1
533,90,219.43,22.10,144.39,457.90,0.8799,-1,-1,-1
534,135,452.91,88.18,63.19,301.42,0.7802,-1,-1,-1
534,134,55.41,146.11,66.66,181.33,0.7984,-1,-1,-1
534,130,357.70,94.53,96.46,314.11,0.7876,-1,-1,-1
534,128,148.75,88.37,88.59,282.70,0.7946,-1,-1,-1
534,120,485.82,1.78,153.97,476.75,0.8880,-1,-1,-1
534,90,202.71,23.08,143.94,455.78,0.8854,-1,-1,-1
535,135,448.20,89.04,70.33,323.95,0.8450,-1,-1,-1
535,134,41.76,138.08,68.56,191.95,0.7868,-1,-1,-1
535,133,137.57,89.77,93.50,294.51,0.5139,-1,-1,-1
535,130,338.46,95.59,107.32,318.73,0.7803,-1,-1,-1
535,128,181.61,88.22,53.52,288.94,0.3157,-1,-1,-1
535,120,492.33,2.12,147.54,474.59,0.8779,-1,-1,-1
535,90,190.20,23.27,150.55,456.68,0.8781,-1,-1,-1
536,135,444.82,88.79,77.78,315.40,0.8429,-1,-1,-1
536,134,29.68,131.23,75.39,201.22,0.7965,-1,-1,-1
536,133,137.16,126.93,80.58,159.77,0.5160,-1,-1,-1
536,130,322.89,96.71,120.13,323.64,0.8517,-1,-1,-1
536,120,499.05,0.49,140.83,477.86,0.8809,-1,-1,-1
536,90,194.11,17.58,146.06,456.99,0.8794,-1,-1,-1
537,135,441.57,84.37,85.26,316.44,0.8732,-1,-1,-1
537,134,9.91,117.63,83.93,211.58,0.8025,-1,-1,-1
537,133,134.65,120.99,78.67,169.38,0.4644,-1,-1,-1
537,130,318.26,92.51,121.95,331.19,0.8492,-1,-1,-1
537,120,504.79,7.68,135.06,471.23,0.8824,-1,-1,-1
537,90,193.01,4.21,149.61,457.05,0.8817,-1,-1,-1
538,137,124.04,144.84,38.35,141.58,0.6654,-1,-1,-1
538,135,439.42,85.33,91.14,336.13,0.8512,-1,-1,-1
538,134,6.39,117.17,83.55,223.74,0.8456,-1,-1,-1
538,133,132.93,126.08,75.23,163.26,0.5864,-1,-1,-1
538,130,328.75,90.92,108.13,334.48,0.8009,-1,-1,-1
538,120,510.91,1.32,128.83,478.17,0.8789,-1,-1,-1
538,90,195.05,2.03,154.54,453.65,0.8947,-1,-1,-1
539,138,409.05,126.45,50.54,222.54,0.7756,-1,-1,-1
539,137,120.81,139.79,47.21,146.58,0.7932,-1,-1,-1
539,135,448.41,83.59,92.27,321.06,0.8492,-1,-1,-1
539,134,0.04,112.71,86.52,237.58,0.8775,-1,-1,-1
539,133,153.67,121.81,58.67,166.06,0.6070,-1,-1,-1
539,130,337.38,87.57,98.58,327.89,0.8634,-1,-1,-1
539,120,531.65,1.97,108.17,474.37,0.8621,-1,-1,-1
539,90,197.79,1.69,162.03,467.77,0.8856,-1,-1,-1
540,138,412.47,128.13,51.46,222.18,0.7293,-1,-1,-1
540,137,121.48,138.40,53.86,152.20,0.7814,-1,-1,-1
540,135,451.40,77.87,99.72,337.97,0.8350,-1,-1,-1
540,134,0.00,115.35,88.08,246.47,0.8681,-1,-1,-1
540,133,170.21,120.90,65.61,242.80,0.7548,-1,-1,-1
540,130,343.85,88.73,94.35,323.49,0.8686,-1,-1,-1
540,120,541.69,6.83,98.20,465.58,0.8123,-1,-1,-1
540,90,203.90,1.06,161.15,476.40,0.8777,-1,-1,-1
541,138,422.95,125.62,48.84,234.92,0.6712,-1,-1,-1
541,137,116.78,139.81,63.44,155.70,0.8572,-1,-1,-1
541,135,456.61,73.42,113.35,344.78,0.7464,-1,-1,-1
541,134,0.02,108.71,79.23,264.92,0.8601,-1,-1,-1
541,133,190.10,124.64,55.29,247.19,0.7328,-1,-1,-1
541,130,352.30,83.27,92.76,337.07,0.8385,-1,-1,-1
541,120,562.41,25.46,77.42,403.11,0.7547,-1,-1,-1
541,90,215.98,0.91,159.34,472.02,0.8654,-1,-1,-1
542,137,106.90,139.33,73.81,161.73,0.8664,-1,-1,-1
542,135,445.80,71.34,123.25,354.17,0.6214,-1,-1,-1
542,134,0.14,97.58,71.91,282.74,0.8439,-1,-1,-1
542,133,207.59,122.35,44.51,251.05,0.4879,-1,-1,-1
542,130,361.92,83.97,88.94,339.99,0.7932,-1,-1,-1
542,128,189.84,127.41,47.18,174.20,0.3917,-1,-1,-1
542,120,590.64,46.17,49.17,379.88,0.4940,-1,-1,-1
542,90,229.93,2.30,153.52,472.42,0.8767,-1,-1,-1
543,138,431.00,124.60,51.32,281.24,0.3387,-1,-1,-1
543,137,102.01,143.49,77.17,161.66,0.8755,-1,-1,-1
543,135,438.53,76.26,123.57,361.60,0.8111,-1,-1,-1
543,134,0.19,91.04,71.67,294.26,0.8644,-1,-1,-1
543,133,213.47,123.41,44.20,257.11,0.5255,-1,-1,-1
543,130,368.56,90.95,85.46,342.78,0.6887,-1,-1,-1
543,128,185.41,152.61,38.75,145.27,0.5622,-1,-1,-1
543,90,235.77,8.23,158.73,469.27,0.8475,-1,-1,-1
544,137,98.65,135.92,79.23,168.88,0.8781,-1,-1,-1
544,135,446.54,76.28,131.89,366.29,0.8227,-1,-1,-1
544,134,0.28,85.36,55.46,301.84,0.8030,-1,-1,-1
544,133,218.77,131.87,45.49,245.33,0.6380,-1,-1,-1
544,130,386.95,89.41,73.20,315.03,0.5160,-1,-1,-1
544,128,183.32,146.31,50.07,151.38,0.7645,-1,-1,-1
544,90,243.58,3.39,159.19,476.61,0.8634,-1,-1,-1
545,138,441.73,117.00,36.92,243.13,0.3108,-1,-1,-1
545,137,102.00,134.35,78.84,170.94,0.8726,-1,-1,-1
545,135,456.59,74.69,128.76,370.61,0.8013,-1,-1,-1
545,134,0.15,112.32,61.70,275.76,0.7934,-1,-1,-1
545,133,226.56,144.14,43.57,231.70,0.3902,-1,-1,-1
545,130,397.58,89.09,67.37,345.49,0.5132,-1,-1,-1
545,128,185.52,148.76,52.21,151.32,0.7136,-1,-1,-1
545,90,243.62,0.65,168.17,479.08,0.8555,-1,-1,-1
546,137,106.35,129.96,77.78,176.70,0.8602,-1,-1,-1
546,135,473.95,71.23,118.94,371.79,0.7836,-1,-1,-1
546,134,0.12,120.19,52.97,275.11,0.7620,-1,-1,-1
546,130,375.83,83.86,97.67,352.27,0.5799,-1,-1,-1
546,128,193.20,149.10,51.66,153.34,0.7580,-1,-1,-1
546,90,253.48,0.40,174.25,478.17,0.8985,-1,-1,-1
547,137,112.82,121.14,66.65,185.07,0.7892,-1,-1,-1
547,135,488.89,66.56,118.96,363.09,0.7382,-1,-1,-1
547,134,0.13,126.27,31.68,267.33,0.5026,-1,-1,-1
547,130,393.71,81.77,88.88,340.36,0.6854,-1,-1,-1
547,128,192.46,141.69,55.65,160.86,0.8171,-1,-1,-1
547,90,247.54,0.80,192.54,479.20,0.8883,-1,-1,-1
548,137,117.56,120.98,62.58,188.25,0.8155,-1,-1,-1
548,135,505.50,64.54,117.29,375.95,0.7100,-1,-1,-1
548,130,402.93,82.43,82.72,349.23,0.5373,-1,-1,-1
548,128,195.07,138.19,62.35,166.51,0.8396,-1,-1,-1
548,90,248.69,0.00,196.89,471.12,0.8813,-1,-1,-1
549,141,480.06,122.79,49.74,244.87,0.6847,-1,-1,-1
549,137,117.37,118.39,65.11,192.67,0.8224,-1,-1,-1
549,135,515.34,62.90,123.46,387.70,0.7681,-1,-1,-1
549,130,430.18,89.31,61.66,330.05,0.4071,-1,-1,-1
549,128,194.12,134.86,64.24,171.16,0.8261,-1,-1,-1
549,90,252.47,0.46,194.92,470.60,0.8593,-1,-1,-1
550,141,485.18,111.10,57.47,248.93,0.7895,-1,-1,-1
550,137,106.74,103.93,71.43,202.11,0.7350,-1,-1,-1
550,135,528.57,48.55,111.13,399.98,0.8854,-1,-1,-1
550,130,405.79,63.76,83.03,370.20,0.3744,-1,-1,-1
550,128,195.71,117.21,63.17,178.01,0.8325,-1,-1,-1
550,90,259.86,0.16,190.44,479.65,0.7730,-1,-1,-1
551,141,487.96,108.37,63.53,250.77,0.7484,-1,-1,-1
551,137,93.18,97.63,79.39,209.12,0.8371,-1,-1,-1
551,135,533.82,44.22,106.00,406.30,0.9019,-1,-1,-1
551,133,255.92,123.05,55.31,210.41,0.3579,-1,-1,-1
551,130,408.31,71.07,81.22,365.97,0.5842,-1,-1,-1
551,128,194.16,112.48,62.79,182.26,0.8256,-1,-1,-1
551,90,266.48,0.41,178.76,478.12,0.7980,-1,-1,-1
552,141,493.17,115.75,58.59,248.98,0.8077,-1,-1,-1
552,137,77.46,102.59,84.83,217.78,0.8669,-1,-1,-1
552,135,539.71,50.04,100.16,406.97,0.8940,-1,-1,-1
552,133,258.51,127.97,50.44,205.88,0.3719,-1,-1,-1
552,130,420.01,66.95,61.98,243.08,0.6487,-1,-1,-1
552,128,180.30,114.98,75.95,193.74,0.8695,-1,-1,-1
552,90,262.53,0.00,214.57,458.35,0.7677,-1,-1,-1
553,141,495.06,117.91,61.03,249.13,0.8039,-1,-1,-1
553,137,70.99,100.32,82.49,226.76,0.8717,-1,-1,-1
553,135,544.71,52.60,95.14,408.41,0.8767,-1,-1,-1
553,130,411.12,68.16,68.87,247.04,0.6963,-1,-1,-1
553,128,169.14,117.98,81.80,196.11,0.8716,-1,-1,-1
553,90,252.92,7.52,210.68,472.48,0.8597,-1,-1,-1
554,141,501.73,119.03,62.01,247.90,0.7677,-1,-1,-1
554,137,65.10,96.88,79.26,235.28,0.8521,-1,-1,-1
554,135,550.93,51.84,88.92,400.76,0.8936,-1,-1,-1
554,130,428.55,116.85,49.17,210.31,0.3902,-1,-1,-1
554,128,167.45,117.13,81.75,204.96,0.8603,-1,-1,-1
554,90,246.84,0.32,192.27,479.68,0.8953,-1,-1,-1
555,141,507.63,112.38,66.44,247.47,0.7635,-1,-1,-1
555,137,62.40,90.45,69.91,242.00,0.8389,-1,-1,-1
555,135,559.64,46.44,80.21,397.16,0.8913,-1,-1,-1
555,130,406.73,113.73,66.01,247.72,0.6305,-1,-1,-1
555,128,168.53,110.23,75.80,215.14,0.8783,-1,-1,-1
555,90,260.18,0.48,186.09,479.52,0.9125,-1,-1,-1
556,141,509.24,115.60,70.70,249.12,0.7721,-1,-1,-1
556,137,48.24,90.11,78.18,247.74,0.8331,-1,-1,-1
556,135,564.87,47.83,74.96,399.47,0.8629,-1,-1,-1
556,130,413.23,115.15,66.45,252.61,0.6948,-1,-1,-1
556,128,165.95,111.42,75.33,220.81,0.8762,-1,-1,-1
556,90,252.61,1.52,193.38,478.48,0.9082,-1,-1,-1
557,141,517.36,130.06,64.01,243.25,0.8214,-1,-1,-1
557,137,20.80,91.31,92.69,258.93,0.8682,-1,-1,-1
557,135,550.56,61.47,89.27,387.59,0.8320,-1,-1,-1
557,130,420.39,120.85,78.34,284.71,0.7216,-1,-1,-1
557,128,156.73,111.10,78.11,232.82,0.8788,-1,-1,-1
557,90,261.47,3.86,189.07,476.03,0.9202,-1,-1,-1
558,141,520.80,130.40,60.75,231.48,0.8128,-1,-1,-1
558,137,0.19,83.24,102.62,268.41,0.8952,-1,-1,-1
558,135,546.95,60.64,92.86,377.26,0.8453,-1,-1,-1
558,130,419.30,115.78,90.95,292.70,0.8156,-1,-1,-1
558,128,152.21,106.43,80.04,237.56,0.8721,-1,-1,-1
558,90,262.04,2.95,188.13,474.95,0.9082,-1,-1,-1
559,141,532.82,116.48,62.15,250.92,0.7422,-1,-1,-1
559,137,0.00,78.86,96.16,272.82,0.9036,-1,-1,-1
559,135,556.66,49.71,83.23,370.22,0.8579,-1,-1,-1
559,130,429.28,101.03,109.47,320.32,0.8192,-1,-1,-1
559,128,149.70,94.89,87.16,245.72,0.8667,-1,-1,-1
559,90,271.49,0.86,184.77,473.84,0.9217,-1,-1,-1
560,141,537.90,113.11,57.99,242.51,0.7396,-1,-1,-1
560,137,0.00,76.73,90.63,280.97,0.9214,-1,-1,-1
560,135,574.43,44.15,65.47,378.64,0.8586,-1,-1,-1
560,130,445.52,88.78,104.55,341.71,0.8008,-1,-1,-1
560,128,144.37,89.24,91.63,262.27,0.8781,-1,-1,-1
560,90,271.75,0.00,184.46,478.47,0.9136,-1,-1,-1
561,141,546.23,110.62,42.27,246.15,0.6000,-1,-1,-1
561,137,0.00,67.60,74.82,287.30,0.8849,-1,-1,-1
561,135,572.29,39.54,67.58,388.44,0.8866,-1,-1,-1
561,130,447.85,68.31,110.36,367.08,0.6583,-1,-1,-1
561,128,125.45,78.04,96.91,281.09,0.8095,-1,-1,-1
561,90,253.11,1.65,197.89,478.35,0.8990,-1,-1,-1
562,138,406.61,79.51,62.22,261.22,0.5429,-1,-1,-1
562,137,0.00,89.34,58.10,263.32,0.8559,-1,-1,-1
562,135,567.23,34.65,72.62,398.38,0.9048,-1,-1,-1
562,130,455.87,54.56,113.65,380.46,0.7989,-1,-1,-1
562,128,110.97,71.82,99.89,288.79,0.8753,-1,-1,-1
562,90,242.80,0.82,204.10,478.13,0.8985,-1,-1,-1
563,138,410.34,80.58,73.49,271.32,0.6223,-1,-1,-1
563,137,0.00,106.86,31.68,250.70,0.5167,-1,-1,-1
563,135,578.23,41.12,61.63,406.52,0.8314,-1,-1,-1
563,130,473.69,42.84,129.38,430.91,0.6250,-1,-1,-1
563,128,96.01,63.85,107.54,317.66,0.8175,-1,-1,-1
563,90,234.12,2.37,217.47,477.63,0.9244,-1,-1,-1
564,138,412.80,79.02,73.59,280.25,0.7101,-1,-1,-1
564,135,582.41,41.18,57.28,410.59,0.6633,-1,-1,-1
564,130,516.48,37.55,111.17,434.62,0.5519,-1,-1,-1
564,128,85.61,57.24,117.06,331.51,0.8688,-1,-1,-1
564,120,585.50,42.67,54.29,207.62,0.5323,-1,-1,-1
564,90,232.33,1.71,216.92,478.29,0.9036,-1,-1,-1
565,142,0.05,174.85,15.16,76.41,0.3711,-1,-1,-1
565,138,413.55,73.79,83.84,299.53,0.7918,-1,-1,-1
565,130,480.48,25.43,159.52,454.21,0.8272,-1,-1,-1
565,128,73.61,47.64,116.55,352.10,0.8585,-1,-1,-1
565,90,233.71,0.80,214.01,477.53,0.9221,-1,-1,-1
566,138,421.05,63.30,82.46,318.09,0.8403,-1,-1,-1
566,130,501.39,79.48,138.55,400.52,0.5172,-1,-1,-1
566,128,58.13,37.91,126.75,367.63,0.8917,-1,-1,-1
566,90,231.64,0.76,211.63,478.68,0.9175,-1,-1,-1
567,138,424.33,52.56,90.37,337.36,0.8585,-1,-1,-1
567,130,530.18,75.19,109.56,403.94,0.8256,-1,-1,-1
567,128,39.86,23.12,133.85,392.78,0.9007,-1,-1,-1
567,90,231.46,0.92,203.70,474.33,0.9195,-1,-1,-1
568,142,0.03,181.02,13.21,74.82,0.3827,-1,-1,-1
568,138,424.20,43.12,106.26,357.96,0.8648,-1,-1,-1
568,130,538.94,58.84,100.93,419.36,0.6950,-1,-1,-1
568,128,21.66,14.12,144.09,410.47,0.9122,-1,-1,-1
568,90,228.94,0.71,201.83,471.00,0.9187,-1,-1,-1
569,138,417.19,24.38,129.34,383.01,0.8650,-1,-1,-1
569,130,567.65,51.98,72.27,428.02,0.4815,-1,-1,-1
569,128,0.00,0.01,149.70,447.56,0.9100,-1,-1,-1
569,90,219.77,0.49,202.99,475.62,0.9236,-1,-1,-1
570,138,425.72,11.12,131.48,403.15,0.8621,-1,-1,-1
570,130,562.56,46.44,77.30,371.61,0.6269,-1,-1,-1
570,128,0.00,0.57,140.07,432.30,0.9159,-1,-1,-1
570,90,210.87,0.48,209.22,476.41,0.9178,-1,-1,-1
571,138,433.84,1.10,141.95,430.19,0.8685,-1,-1,-1
571,130,565.42,53.80,74.58,366.11,0.8799,-1,-1,-1
571,128,0.00,0.00,122.65,446.16,0.8977,-1,-1,-1
571,90,191.19,0.00,229.93,477.63,0.9079,-1,-1,-1
572,138,440.73,0.33,151.27,448.86,0.8796,-1,-1,-1
572,130,571.22,61.20,68.65,310.91,0.7342,-1,-1,-1
572,128,0.20,1.19,109.21,455.48,0.8826,-1,-1,-1
572,90,182.89,0.00,236.52,476.52,0.9157,-1,-1,-1
573,141,591.67,71.88,48.16,317.95,0.4271,-1,-1,-1
573,138,443.94,0.82,178.03,478.11,0.8488,-1,-1,-1
573,128,0.22,18.29,95.44,454.74,0.8323,-1,-1,-1
573,90,178.75,0.03,243.55,478.95,0.9161,-1,-1,-1
574,138,457.04,0.11,178.71,479.89,0.9044,-1,-1,-1
574,90,181.16,0.00,250.05,477.99,0.9135,-1,-1,-1
575,138,466.67,0.52,173.03,478.54,0.9145,-1,-1,-1
575,90,191.93,0.00,244.65,477.17,0.9049,-1,-1,-1
576,138,481.25,0.62,158.51,479.38,0.9070,-1,-1,-1
576,90,201.05,0.00,242.51,479.72,0.9184,-1,-1,-1
577,138,495.40,0.86,144.57,477.08,0.8957,-1,-1,-1
577,90,207.32,0.00,242.79,480.00,0.9225,-1,-1,-1
578,138,519.64,1.24,120.20,478.76,0.7286,-1,-1,-1
578,90,215.86,0.24,239.50,479.76,0.9245,-1,-1,-1
579,138,501.09,220.37,125.83,190.87,0.5018,-1,-1,-1
579,90,224.67,0.27,234.98,479.73,0.9072,-1,-1,-1
580,138,501.06,65.09,126.84,348.80,0.8442,-1,-1,-1
580,90,235.81,0.43,231.40,476.12,0.9165,-1,-1,-1
581,143,216.16,147.94,47.65,135.60,0.7863,-1,-1,-1
581,138,505.75,68.56,84.91,327.84,0.7155,-1,-1,-1
581,130,568.57,110.27,71.13,268.39,0.5689,-1,-1,-1
581,90,253.87,0.06,234.01,478.80,0.9243,-1,-1,-1
582,143,210.66,150.21,54.71,136.83,0.8263,-1,-1,-1
582,138,497.77,70.27,85.79,325.57,0.6036,-1,-1,-1
582,90,257.43,0.20,238.11,476.12,0.9218,-1,-1,-1
583,143,205.87,160.05,59.34,138.37,0.7322,-1,-1,-1
583,138,499.15,81.57,77.41,322.08,0.6862,-1,-1,-1
583,137,0.16,189.45,48.22,189.66,0.3298,-1,-1,-1
583,130,529.82,115.17,110.06,292.82,0.6703,-1,-1,-1
583,90,261.56,0.00,253.33,477.56,0.9171,-1,-1,-1
584,143,203.74,159.40,58.68,143.49,0.7193,-1,-1,-1
584,130,508.45,97.51,120.46,319.60,0.5046,-1,-1,-1
584,128,0.39,0.00,92.78,429.48,0.3714,-1,-1,-1
584,90,265.76,0.00,270.75,476.78,0.9155,-1,-1,-1
585,144,544.88,117.95,61.51,236.62,0.4547,-1,-1,-1
585,143,201.25,149.27,55.89,151.24,0.7362,-1,-1,-1
585,128,0.23,0.02,111.98,473.49,0.6187,-1,-1,-1
585,90,271.27,0.20,280.34,474.58,0.9072,-1,-1,-1
586,144,534.14,121.00,69.80,259.34,0.7515,-1,-1,-1
586,143,197.60,144.19,59.33,161.48,0.8081,-1,-1,-1
586,138,457.13,94.25,127.37,320.06,0.3594,-1,-1,-1
586,137,0.43,152.83,62.45,326.16,0.3163,-1,-1,-1
586,128,0.24,0.00,116.81,475.19,0.5809,-1,-1,-1
586,90,275.47,0.00,277.08,472.97,0.9011,-1,-1,-1
587,144,521.93,117.61,69.47,255.65,0.6567,-1,-1,-1
587,143,187.90,142.79,61.12,160.70,0.8179,-1,-1,-1
587,138,458.25,137.84,95.96,259.71,0.5203,-1,-1,-1
587,128,0.40,0.00,110.42,477.26,0.6818,-1,-1,-1
587,90,277.13,0.00,260.52,471.70,0.9127,-1,-1,-1
588,144,514.83,124.00,71.34,250.91,0.7256,-1,-1,-1
588,143,180.25,146.08,59.68,164.26,0.8343,-1,-1,-1
588,138,456.24,177.12,72.96,214.99,0.5846,-1,-1,-1
588,128,0.44,0.00,103.36,478.12,0.6461,-1,-1,-1
588,90,274.14,0.00,251.51,480.00,0.9158,-1,-1,-1
589,144,471.01,128.66,95.17,244.03,0.6391,-1,-1,-1
589,143,154.30,143.82,64.67,172.51,0.7229,-1,-1,-1
589,128,0.67,0.89,96.23,476.27,0.6296,-1,-1,-1
589,90,245.44,0.00,253.20,479.72,0.9051,-1,-1,-1
590,144,458.96,125.67,97.71,245.49,0.7959,-1,-1,-1
590,143,141.12,140.23,69.43,178.53,0.8216,-1,-1,-1
590,137,0.15,3.29,40.41,473.54,0.3520,-1,-1,-1
590,128,0.69,2.03,99.13,469.39,0.3439,-1,-1,-1
590,90,232.44,0.00,256.65,478.10,0.8834,-1,-1,-1
591,144,447.54,122.77,90.81,244.16,0.6492,-1,-1,-1
591,143,124.12,140.29,66.59,183.33,0.8121,-1,-1,-1
591,128,0.28,0.00,115.58,471.16,0.6637,-1,-1,-1
591,90,202.66,0.01,267.45,479.36,0.8731,-1,-1,-1
592,144,404.58,125.89,108.13,261.15,0.7554,-1,-1,-1
592,143,104.83,143.78,72.91,196.13,0.8584,-1,-1,-1
592,137,0.04,1.27,73.09,375.30,0.7702,-1,-1,-1
592,90,186.96,0.00,261.49,478.34,0.8745,-1,-1,-1
593,144,376.20,122.90,97.87,253.83,0.3702,-1,-1,-1
593,143,84.08,131.30,76.62,208.98,0.8117,-1,-1,-1
593,128,0.21,12.66,107.22,466.94,0.4015,-1,-1,-1
593,90,193.79,0.00,252.46,479.69,0.8938,-1,-1,-1
594,143,72.69,123.61,77.46,214.82,0.8333,-1,-1,-1
594,128,0.08,28.89,96.15,449.52,0.5646,-1,-1,-1
594,90,192.63,0.43,246.30,478.66,0.8991,-1,-1,-1
595,144,404.89,125.50,68.86,240.29,0.4694,-1,-1,-1
595,143,43.32,118.17,92.67,230.41,0.7863,-1,-1,-1
595,90,193.59,0.32,240.87,479.68,0.9078,-1,-1,-1
596,144,369.65,125.61,81.10,261.09,0.5814,-1,-1,-1
596,143,35.54,110.13,91.37,238.19,0.8216,-1,-1,-1
596,137,0.39,39.60,45.21,312.23,0.4008,-1,-1,-1
596,90,192.07,0.24,234.24,479.76,0.9078,-1,-1,-1
597,145,170.50,152.87,42.04,147.07,0.7697,-1,-1,-1
597,144,360.01,138.71,85.16,243.11,0.3710,-1,-1,-1
597,143,27.48,105.05,87.92,246.24,0.7980,-1,-1,-1
597,137,0.21,57.28,37.29,297.21,0.5671,-1,-1,-1
597,90,197.62,0.01,221.99,478.37,0.9004,-1,-1,-1
598,146,611.59,224.43,28.18,116.41,0.4744,-1,-1,-1
598,145,156.19,154.48,56.19,149.70,0.7756,-1,-1,-1
598,143,15.17,105.93,86.08,251.95,0.7668,-1,-1,-1
598,137,0.39,122.02,34.83,233.16,0.4544,-1,-1,-1
598,90,200.80,0.00,218.20,478.01,0.9109,-1,-1,-1
599,146,605.22,193.76,34.57,147.60,0.6154,-1,-1,-1
599,145,149.78,152.14,60.03,151.65,0.8056,-1,-1,-1
599,144,372.54,139.19,55.15,230.16,0.4020,-1,-1,-1
599,143,0.20,100.69,92.19,281.54,0.8244,-1,-1,-1
599,90,198.62,0.00,225.47,477.10,0.9033,-1,-1,-1
600,146,596.72,143.03,43.17,208.35,0.6039,-1,-1,-1
600,145,145.66,153.45,60.81,159.78,0.8114,-1,-1,-1
600,143,0.23,95.84,70.76,274.78,0.8680,-1,-1,-1
600,90,200.05,0.99,235.27,475.11,0.9121,-1,-1,-1
601,146,594.76,131.53,45.14,224.65,0.5684,-1,-1,-1
601,145,140.42,153.16,61.95,163.76,0.8203,-1,-1,-1
601,143,0.15,134.51,54.73,238.28,0.4185,-1,-1,-1
601,90,196.17,0.59,239.71,479.28,0.9209,-1,-1,-1
602,146,590.61,114.53,49.23,244.43,0.5301,-1,-1,-1
602,145,139.51,150.69,58.52,167.52,0.8203,-1,-1,-1
602,90,190.70,0.00,246.85,480.00,0.9112,-1,-1,-1
603,146,588.60,109.23,51.28,254.72,0.5832,-1,-1,-1
603,145,131.82,152.22,63.21,173.38,0.8622,-1,-1,-1
603,137,0.22,190.58,33.23,276.17,0.3073,-1,-1,-1
603,90,191.96,0.18,238.62,479.82,0.9085,-1,-1,-1
604,146,582.44,105.92,57.44,371.18,0.4696,-1,-1,-1
604,145,130.55,147.47,68.80,179.00,0.8128,-1,-1,-1
604,144,368.27,179.22,64.26,192.50,0.3791,-1,-1,-1
604,137,0.23,222.69,50.72,212.38,0.6249,-1,-1,-1
604,90,192.79,0.00,231.51,480.00,0.9057,-1,-1,-1
605,148,198.20,161.46,47.68,211.85,0.3348,-1,-1,-1
605,146,586.68,98.83,53.30,254.68,0.5185,-1,-1,-1
605,145,128.91,143.77,68.12,183.31,0.8074,-1,-1,-1
605,144,372.76,185.23,53.34,185.32,0.3235,-1,-1,-1
605,137,0.15,216.86,63.75,201.47,0.4961,-1,-1,-1
605,90,197.79,0.00,217.33,479.33,0.9086,-1,-1,-1
606,146,592.06,98.50,47.88,379.99,0.4645,-1,-1,-1
606,145,125.18,139.65,70.05,184.73,0.8114,-1,-1,-1
606,137,0.12,215.68,68.62,264.32,0.4063,-1,-1,-1
606,90,200.85,0.00,210.35,478.43,0.9110,-1,-1,-1
607,145,115.38,132.75,77.94,195.73,0.8302,-1,-1,-1
607,137,0.24,194.29,69.10,222.51,0.4391,-1,-1,-1
607,90,196.95,1.13,211.22,478.87,0.9039,-1,-1,-1
608,148,191.35,155.31,57.84,225.56,0.3295,-1,-1,-1
608,145,95.81,131.31,92.59,203.35,0.8437,-1,-1,-1
608,143,0.28,171.09,40.47,172.10,0.4892,-1,-1,-1
608,90,193.37,0.00,215.10,480.00,0.9087,-1,-1,-1
609,148,196.30,142.84,55.20,235.89,0.5581,-1,-1,-1
609,145,93.05,124.84,95.06,213.08,0.8684,-1,-1,-1
609,90,199.11,0.27,221.98,479.73,0.9003,-1,-1,-1
610,145,93.90,122.94,84.74,221.49,0.8499,-1,-1,-1
610,90,208.79,0.00,221.68,480.00,0.7994,-1,-1,-1
611,148,196.27,148.01,59.84,237.82,0.6503,-1,-1,-1
611,145,92.48,124.44,82.02,227.70,0.8526,-1,-1,-1
611,137,0.00,21.29,68.24,444.85,0.3114,-1,-1,-1
611,90,225.74,0.00,211.97,480.00,0.8659,-1,-1,-1
612,149,161.07,167.67,38.07,122.44,0.7495,-1,-1,-1
612,148,191.29,138.96,71.77,245.40,0.4075,-1,-1,-1
612,145,78.40,115.54,85.79,239.72,0.8631,-1,-1,-1
612,137,0.00,16.88,71.20,307.16,0.5221,-1,-1,-1
612,90,230.14,0.00,222.16,480.00,0.8848,-1,-1,-1
613,149,152.33,162.25,44.63,124.95,0.7299,-1,-1,-1
613,148,184.50,136.60,85.93,231.91,0.5145,-1,-1,-1
613,145,55.60,107.70,101.00,244.60,0.8603,-1,-1,-1
613,137,0.13,19.89,75.56,304.12,0.7608,-1,-1,-1
613,90,229.25,0.00,231.08,480.00,0.8774,-1,-1,-1
614,149,139.29,158.11,48.90,131.08,0.7538,-1,-1,-1
614,148,173.57,106.08,90.98,260.88,0.8664,-1,-1,-1
614,145,48.33,98.78,92.90,267.43,0.8848,-1,-1,-1
614,137,0.00,29.95,74.68,308.34,0.7067,-1,-1,-1
614,90,246.88,0.00,228.15,477.97,0.8816,-1,-1,-1
615,149,135.58,157.22,49.73,132.91,0.7919,-1,-1,-1
615,148,180.70,106.43,83.92,265.01,0.8632,-1,-1,-1
615,145,48.84,95.04,87.40,274.24,0.8384,-1,-1,-1
615,137,0.18,20.96,71.65,387.22,0.7938,-1,-1,-1
615,90,260.37,0.07,219.69,477.98,0.8894,-1,-1,-1
616,149,128.76,151.74,53.54,139.05,0.8219,-1,-1,-1
616,148,186.41,107.50,78.47,269.79,0.8399,-1,-1,-1
616,145,51.36,89.34,75.49,266.51,0.7537,-1,-1,-1
616,137,0.20,7.22,78.84,445.27,0.6318,-1,-1,-1
616,90,273.78,0.00,222.57,480.00,0.8925,-1,-1,-1
617,150,249.88,130.52,31.18,170.34,0.3034,-1,-1,-1
617,149,126.22,144.69,55.85,143.08,0.7974,-1,-1,-1
617,148,184.30,101.77,79.52,270.61,0.8540,-1,-1,-1
617,145,45.09,76.69,75.02,203.24,0.6211,-1,-1,-1
617,143,0.33,143.96,54.84,315.91,0.3954,-1,-1,-1
617,137,0.18,1.86,86.85,456.86,0.4683,-1,-1,-1
617,90,278.02,0.00,225.76,479.34,0.8881,-1,-1,-1
618,151,265.10,95.83,50.38,255.66,0.7247,-1,-1,-1
618,150,239.41,126.50,41.25,161.16,0.3302,-1,-1,-1
618,149,108.17,138.88,66.70,150.00,0.7921,-1,-1,-1
618,148,178.71,97.47,75.70,272.31,0.8550,-1,-1,-1
618,145,35.82,56.41,64.53,166.36,0.3183,-1,-1,-1
618,137,0.08,0.00,91.45,478.98,0.8147,-1,-1,-1
618,90,275.36,0.00,229.45,478.97,0.8937,-1,-1,-1
619,151,259.42,93.33,58.49,262.39,0.7926,-1,-1,-1
619,150,233.79,123.59,41.80,174.99,0.5733,-1,-1,-1
619,149,102.24,137.02,53.42,151.39,0.8066,-1,-1,-1
619,148,170.49,96.58,75.09,267.70,0.8632,-1,-1,-1
619,137,0.28,0.17,96.69,477.61,0.8446,-1,-1,-1
619,90,272.61,0.00,230.69,480.00,0.9010,-1,-1,-1
620,151,257.71,91.75,64.48,267.12,0.8102,-1,-1,-1
620,150,233.49,125.07,42.04,175.34,0.6493,-1,-1,-1
620,149,92.84,136.16,61.61,157.73,0.8079,-1,-1,-1
620,148,168.53,94.87,72.08,262.35,0.8336,-1,-1,-1
620,137,0.27,1.49,103.85,474.38,0.8454,-1,-1,-1
620,90,273.26,0.00,226.90,480.00,0.8565,-1,-1,-1
621,151,259.27,102.36,66.59,262.70,0.8150,-1,-1,-1
621,150,238.06,134.53,38.89,175.98,0.7010,-1,-1,-1
621,149,92.77,141.20,63.20,161.82,0.7953,-1,-1,-1
621,148,171.17,104.59,70.85,264.95,0.7977,-1,-1,-1
621,137,0.07,2.59,103.27,477.35,0.8804,-1,-1,-1
621,90,293.49,0.28,200.90,477.37,0.8909,-1,-1,-1
622,151,265.19,112.09,60.65,267.78,0.8253,-1,-1,-1
622,150,242.74,144.36,34.06,168.31,0.6813,-1,-1,-1
622,149,93.31,143.80,61.18,161.81,0.8019,-1,-1,-1
622,148,175.41,112.90,70.63,266.23,0.8545,-1,-1,-1
622,137,0.06,0.00,117.49,480.00,0.8905,-1,-1,-1
622,90,310.54,0.48,187.87,479.52,0.9047,-1,-1,-1
623,151,263.71,119.02,60.82,265.29,0.8259,-1,-1,-1
623,150,240.67,152.07,31.91,165.08,0.7134,-1,-1,-1
623,149,94.12,142.79,53.79,144.31,0.7318,-1,-1,-1
623,148,172.36,118.70,72.43,267.17,0.8563,-1,-1,-1
623,137,0.21,2.91,122.08,475.46,0.8239,-1,-1,-1
623,90,310.37,0.61,185.92,479.39,0.9139,-1,-1,-1
624,151,258.48,119.92,68.59,263.60,0.8274,-1,-1,-1
624,150,239.54,155.68,29.85,165.36,0.5111,-1,-1,-1
624,149,87.27,120.40,50.05,145.77,0.4269,-1,-1,-1
624,148,167.53,122.74,77.45,266.05,0.8212,-1,-1,-1
624,137,0.00,0.68,117.74,479.32,0.6563,-1,-1,-1
624,90,306.35,0.00,186.21,478.73,0.9197,-1,-1,-1
625,151,247.09,116.34,79.54,252.53,0.8592,-1,-1,-1
625,148,164.81,116.94,83.96,267.84,0.7984,-1,-1,-1
625,128,0.00,74.04,87.69,404.40,0.6966,-1,-1,-1
625,90,306.67,0.00,188.03,479.67,0.9171,-1,-1,-1
626,151,251.81,110.38,74.91,252.63,0.8529,-1,-1,-1
626,148,157.21,113.69,99.62,266.38,0.8228,-1,-1,-1
626,128,0.31,74.38,93.74,403.82,0.6198,-1,-1,-1
626,90,308.20,0.00,198.17,479.08,0.9132,-1,-1,-1
627,151,256.65,105.42,69.58,257.44,0.8542,-1,-1,-1
627,148,177.17,106.03,79.37,258.51,0.7840,-1,-1,-1
627,137,0.21,0.71,143.70,479.29,0.6255,-1,-1,-1
627,90,311.26,0.00,212.65,478.79,0.9044,-1,-1,-1
628,151,258.29,103.07,74.64,259.68,0.8704,-1,-1,-1
628,148,177.46,99.11,82.24,261.31,0.8362,-1,-1,-1
628,137,0.41,1.09,153.42,478.91,0.6089,-1,-1,-1
628,90,318.79,0.00,229.70,479.32,0.9194,-1,-1,-1
629,151,267.83,112.32,75.82,257.32,0.8296,-1,-1,-1
629,148,187.94,107.24,80.52,262.71,0.8101,-1,-1,-1
629,137,0.41,1.77,165.47,478.11,0.6190,-1,-1,-1
629,90,329.58,0.00,253.92,477.50,0.8933,-1,-1,-1
630,152,161.91,132.72,53.78,183.88,0.7470,-1,-1,-1
630,151,276.57,114.32,74.12,257.19,0.8098,-1,-1,-1
630,148,190.21,114.07,90.30,261.75,0.7740,-1,-1,-1
630,137,0.08,1.35,179.25,477.57,0.8126,-1,-1,-1
630,90,342.81,0.00,268.67,480.00,0.8931,-1,-1,-1
631,152,167.02,129.88,58.28,192.93,0.7460,-1,-1,-1
631,151,286.55,114.11,76.78,253.64,0.8256,-1,-1,-1
631,148,216.96,116.21,70.20,262.01,0.8263,-1,-1,-1
631,137,0.75,0.30,194.49,477.08,0.8904,-1,-1,-1
631,90,354.54,0.00,271.40,475.55,0.8940,-1,-1,-1
632,152,174.95,132.08,51.87,130.25,0.4533,-1,-1,-1
632,151,290.57,116.61,75.91,243.36,0.8495,-1,-1,-1
632,148,223.62,118.86,64.42,260.49,0.8479,-1,-1,-1
632,137,1.83,0.76,196.61,478.67,0.8934,-1,-1,-1
632,90,366.54,0.00,262.62,477.61,0.9166,-1,-1,-1
633,152,177.05,130.13,51.21,246.51,0.5310,-1,-1,-1
633,151,299.04,114.60,73.74,247.02,0.8505,-1,-1,-1
633,148,230.73,116.95,62.90,253.26,0.8410,-1,-1,-1
633,143,0.28,92.10,46.84,254.42,0.6198,-1,-1,-1
633,137,22.27,0.41,188.19,479.59,0.8634,-1,-1,-1
633,90,384.89,0.00,254.63,480.00,0.9047,-1,-1,-1
634,151,307.67,113.48,71.21,248.38,0.8356,-1,-1,-1
634,148,235.53,111.98,65.35,253.02,0.8294,-1,-1,-1
634,143,0.30,65.54,56.03,315.02,0.7631,-1,-1,-1
634,137,34.25,0.00,167.90,480.00,0.7760,-1,-1,-1
634,90,401.83,0.00,237.29,476.97,0.9106,-1,-1,-1
635,151,315.90,116.56,72.18,248.15,0.8467,-1,-1,-1
635,148,242.63,114.13,63.86,249.30,0.8128,-1,-1,-1
635,137,37.64,0.62,197.61,479.38,0.8727,-1,-1,-1
635,90,417.64,0.00,221.54,480.00,0.9113,-1,-1,-1
636,153,289.41,140.93,39.37,167.30,0.4238,-1,-1,-1
636,151,314.76,115.84,71.26,244.62,0.8229,-1,-1,-1
636,148,235.32,117.11,69.94,247.03,0.7759,-1,-1,-1
636,137,36.49,1.45,207.95,477.50,0.8502,-1,-1,-1
636,90,417.84,0.00,221.98,479.05,0.9128,-1,-1,-1
637,153,291.51,140.53,36.52,166.87,0.5516,-1,-1,-1
637,151,314.28,115.73,69.43,239.94,0.8092,-1,-1,-1
637,148,244.19,118.96,60.62,240.52,0.7584,-1,-1,-1
637,137,49.21,0.40,196.53,479.60,0.8326,-1,-1,-1
637,90,419.48,0.89,220.27,479.11,0.9243,-1,-1,-1
638,151,312.67,113.82,70.28,232.70,0.8094,-1,-1,-1
638,148,248.27,117.78,59.07,229.17,0.8277,-1,-1,-1
638,137,61.75,0.00,190.71,480.00,0.8364,-1,-1,-1
638,90,417.70,1.01,221.93,478.96,0.9153,-1,-1,-1
639,153,291.61,138.01,37.27,158.94,0.3381,-1,-1,-1
639,151,309.62,111.84,73.20,236.94,0.8497,-1,-1,-1
639,148,248.52,114.19,57.36,231.98,0.8172,-1,-1,-1
639,137,65.74,0.71,181.93,479.29,0.7915,-1,-1,-1
639,90,404.41,0.66,235.37,478.32,0.8978,-1,-1,-1
640,151,302.97,113.43,78.02,237.93,0.8378,-1,-1,-1
640,148,242.93,112.93,60.81,236.10,0.8113,-1,-1,-1
640,137,19.34,0.98,224.51,479.02,0.8316,-1,-1,-1
640,90,404.77,0.99,234.90,479.01,0.8852,-1,-1,-1
641,151,297.49,118.43,75.09,236.55,0.8269,-1,-1,-1
641,148,237.63,118.79,61.65,237.78,0.7444,-1,-1,-1
641,137,22.86,0.59,219.52,478.92,0.8211,-1,-1,-1
641,128,1.02,61.69,123.16,346.37,0.7205,-1,-1,-1
641,90,414.46,0.26,225.17,478.01,0.9248,-1,-1,-1
642,151,294.41,120.86,75.85,234.96,0.8351,-1,-1,-1
642,148,237.40,122.65,60.17,239.81,0.7455,-1,-1,-1
642,143,0.15,75.30,32.28,341.27,0.4761,-1,-1,-1
642,137,20.61,0.00,219.39,477.35,0.8590,-1,-1,-1
642,128,10.34,46.36,89.92,333.92,0.5943,-1,-1,-1
642,90,406.11,0.32,231.68,479.68,0.9188,-1,-1,-1
643,151,294.38,120.11,74.24,233.53,0.8121,-1,-1,-1
643,148,234.30,122.79,61.22,237.33,0.7142,-1,-1,-1
643,137,33.14,2.87,203.23,477.13,0.7261,-1,-1,-1
643,128,0.18,29.10,80.89,377.89,0.7638,-1,-1,-1
643,90,402.08,0.31,233.78,478.82,0.9265,-1,-1,-1
644,154,275.57,150.18,28.34,154.34,0.4363,-1,-1,-1
644,151,293.48,123.11,71.66,227.00,0.8342,-1,-1,-1
644,148,216.88,127.03,71.44,234.76,0.6471,-1,-1,-1
644,137,17.94,6.61,211.51,472.58,0.9028,-1,-1,-1
644,128,0.29,34.74,53.69,252.27,0.6066,-1,-1,-1
644,90,398.13,0.34,237.33,477.19,0.9290,-1,-1,-1
645,154,270.39,145.17,30.18,160.32,0.5124,-1,-1,-1
645,151,288.67,119.91,69.45,231.68,0.8561,-1,-1,-1
645,148,222.23,125.80,57.88,228.46,0.7900,-1,-1,-1
645,143,0.06,96.89,26.58,178.10,0.3134,-1,-1,-1
645,137,42.63,0.33,181.48,479.67,0.8686,-1,-1,-1
645,90,394.15,0.15,244.86,476.97,0.9310,-1,-1,-1
646,154,264.95,145.11,27.31,112.28,0.5343,-1,-1,-1
646,151,284.51,122.17,66.19,230.79,0.7914,-1,-1,-1
646,148,221.03,124.45,54.84,208.43,0.7905,-1,-1,-1
646,137,63.96,0.00,159.01,480.00,0.8938,-1,-1,-1
646,90,388.99,0.10,250.35,474.86,0.9146,-1,-1,-1
647,154,255.31,149.75,33.50,156.11,0.6768,-1,-1,-1
647,151,280.64,125.58,66.33,230.51,0.7968,-1,-1,-1
647,148,219.17,125.67,52.26,191.68,0.8152,-1,-1,-1
647,137,66.75,0.00,155.97,479.67,0.8976,-1,-1,-1
647,90,387.46,0.53,251.87,475.90,0.9191,-1,-1,-1
648,154,255.04,151.52,33.74,152.20,0.6555,-1,-1,-1
648,151,280.08,129.60,65.71,228.29,0.7822,-1,-1,-1
648,148,218.08,130.32,50.99,194.58,0.7349,-1,-1,-1
648,137,66.83,0.42,155.28,479.58,0.9028,-1,-1,-1
648,90,389.42,0.47,250.11,475.37,0.9145,-1,-1,-1
649,154,255.31,155.28,32.42,148.90,0.6812,-1,-1,-1
649,151,278.79,132.57,66.10,226.91,0.7799,-1,-1,-1
649,148,217.42,138.18,51.91,205.27,0.7171,-1,-1,-1
649,137,63.08,2.81,157.48,477.19,0.8981,-1,-1,-1
649,90,389.68,0.63,249.69,477.55,0.9204,-1,-1,-1
650,151,274.60,130.49,70.14,221.51,0.7993,-1,-1,-1
650,148,215.45,138.67,54.20,204.79,0.8070,-1,-1,-1
650,137,58.64,6.42,161.27,473.58,0.8957,-1,-1,-1
650,90,389.82,0.28,249.41,476.83,0.9207,-1,-1,-1
651,151,259.12,121.75,76.62,219.60,0.8028,-1,-1,-1
651,148,206.69,124.65,55.99,220.25,0.7678,-1,-1,-1
651,137,36.94,0.00,173.69,479.70,0.8886,-1,-1,-1
651,90,388.64,0.00,250.64,479.61,0.8971,-1,-1,-1
652,151,258.17,127.10,75.17,221.59,0.8353,-1,-1,-1
652,148,204.29,128.27,58.53,220.87,0.8174,-1,-1,-1
652,137,38.41,1.36,172.43,476.88,0.8966,-1,-1,-1
652,90,391.80,0.00,247.45,475.95,0.9024,-1,-1,-1
653,151,259.53,135.17,71.48,223.25,0.8489,-1,-1,-1
653,148,204.25,135.53,57.69,221.30,0.8145,-1,-1,-1
653,137,39.58,5.20,173.53,474.80,0.8762,-1,-1,-1
653,90,394.76,0.64,243.80,479.07,0.8968,-1,-1,-1
654,151,260.22,130.59,69.53,223.16,0.8314,-1,-1,-1
654,148,201.70,132.55,57.57,220.93,0.7884,-1,-1,-1
654,137,32.87,0.00,180.06,480.00,0.8887,-1,-1,-1
654,90,393.94,0.07,244.74,479.03,0.9116,-1,-1,-1
655,151,263.52,131.52,68.82,222.87,0.8482,-1,-1,-1
655,148,192.88,134.63,68.10,220.27,0.8413,-1,-1,-1
655,137,19.61,0.00,196.39,480.00,0.8750,-1,-1,-1
655,90,392.00,0.00,243.88,479.21,0.9175,-1,-1,-1
656,151,266.70,129.91,66.28,219.71,0.8447,-1,-1,-1
656,148,203.88,134.17,55.77,220.18,0.7752,-1,-1,-1
656,137,10.23,0.67,208.62,479.33,0.8914,-1,-1,-1
656,90,388.31,0.04,247.27,479.96,0.8977,-1,-1,-1
657,151,271.95,120.57,69.32,213.72,0.8607,-1,-1,-1
657,148,212.23,124.80,52.08,211.10,0.7780,-1,-1,-1
657,137,15.46,5.51,207.29,471.50,0.9124,-1,-1,-1
657,90,372.39,0.52,265.10,477.50,0.8913,-1,-1,-1
658,151,275.99,119.28,68.81,213.68,0.8460,-1,-1,-1
658,148,218.01,125.37,51.84,207.55,0.8041,-1,-1,-1
658,137,29.62,9.56,196.19,467.11,0.8965,-1,-1,-1
658,90,380.96,0.75,254.64,477.00,0.8927,-1,-1,-1
659,151,281.04,120.03,68.33,215.60,0.8333,-1,-1,-1
659,148,218.55,127.70,56.70,197.14,0.7765,-1,-1,-1
659,137,61.39,8.86,164.84,471.14,0.9093,-1,-1,-1
659,90,385.55,0.25,239.36,479.58,0.9049,-1,-1,-1
660,151,275.71,130.53,68.85,213.23,0.8412,-1,-1,-1
660,148,209.46,135.71,60.58,192.09,0.7544,-1,-1,-1
660,137,79.46,9.95,142.15,465.28,0.8865,-1,-1,-1
660,90,389.76,0.19,235.73,479.24,0.8987,-1,-1,-1
661,151,274.87,131.85,69.10,207.98,0.8183,-1,-1,-1
661,148,208.85,137.80,61.45,191.13,0.6221,-1,-1,-1
661,137,86.00,4.16,139.30,474.17,0.8859,-1,-1,-1
661,90,391.32,0.10,239.23,475.95,0.9184,-1,-1,-1
662,156,43.61,136.53,56.96,198.26,0.6837,-1,-1,-1
662,151,274.16,131.41,66.65,213.32,0.8508,-1,-1,-1
662,148,217.91,138.61,54.97,161.31,0.4958,-1,-1,-1
662,137,88.39,2.67,137.52,477.33,0.8763,-1,-1,-1
662,90,388.14,0.00,250.67,479.03,0.8989,-1,-1,-1
663,156,35.30,128.61,69.89,213.99,0.7918,-1,-1,-1
663,151,274.55,130.78,67.00,205.59,0.8585,-1,-1,-1
663,148,224.46,137.12,51.37,158.71,0.5903,-1,-1,-1
663,137,89.48,4.65,145.62,475.17,0.8680,-1,-1,-1
663,90,390.77,0.25,248.51,475.24,0.8744,-1,-1,-1
664,156,2.60,124.64,99.84,219.62,0.7865,-1,-1,-1
664,151,274.17,131.01,68.20,204.17,0.8644,-1,-1,-1
664,148,223.95,135.49,52.00,157.50,0.6914,-1,-1,-1
664,137,89.55,9.48,139.85,438.48,0.8857,-1,-1,-1
664,90,392.07,0.35,247.40,474.93,0.9132,-1,-1,-1
665,156,5.93,112.88,85.28,232.92,0.8364,-1,-1,-1
665,155,82.41,151.91,32.83,185.17,0.4245,-1,-1,-1
665,151,276.99,129.40,69.72,203.63,0.8240,-1,-1,-1
665,148,225.89,132.26,52.02,163.06,0.8042,-1,-1,-1
665,137,93.94,15.47,138.00,464.53,0.8704,-1,-1,-1
665,90,402.39,0.07,237.50,479.93,0.9057,-1,-1,-1
666,156,2.63,105.75,83.61,240.02,0.8896,-1,-1,-1
666,155,80.52,155.55,35.43,182.60,0.4289,-1,-1,-1
666,151,278.27,126.75,67.24,207.06,0.8209,-1,-1,-1
666,148,227.06,131.48,52.25,164.53,0.8193,-1,-1,-1
666,137,96.73,13.57,137.75,464.70,0.8391,-1,-1,-1
666,90,415.35,0.59,224.60,477.81,0.8782,-1,-1,-1
667,156,0.12,97.07,82.58,250.39,0.8917,-1,-1,-1
667,155,76.28,94.94,47.78,243.28,0.6755,-1,-1,-1
667,151,279.64,127.88,67.20,207.06,0.8010,-1,-1,-1
667,148,234.36,133.26,45.53,160.18,0.7242,-1,-1,-1
667,137,99.45,11.71,133.80,467.93,0.8721,-1,-1,-1
667,90,432.50,0.56,207.47,478.74,0.8948,-1,-1,-1
668,157,388.41,107.03,80.50,262.12,0.4132,-1,-1,-1
668,156,0.23,96.34,75.82,259.46,0.8746,-1,-1,-1
668,155,70.11,95.84,51.33,258.49,0.7958,-1,-1,-1
668,151,284.08,131.24,66.73,204.36,0.8486,-1,-1,-1
668,148,235.79,136.69,49.65,167.05,0.7601,-1,-1,-1
668,137,110.58,11.55,133.82,468.09,0.8669,-1,-1,-1
668,90,449.41,0.78,190.23,479.22,0.9091,-1,-1,-1
669,157,381.34,100.39,99.93,271.02,0.7859,-1,-1,-1
669,156,0.20,89.57,64.30,264.71,0.8560,-1,-1,-1
669,155,60.36,89.22,60.41,268.97,0.7845,-1,-1,-1
669,151,288.07,125.05,65.15,196.94,0.8842,-1,-1,-1
669,148,233.31,131.14,55.62,157.58,0.5292,-1,-1,-1
669,137,92.60,4.21,154.14,453.10,0.8751,-1,-1,-1
669,90,457.91,0.76,181.69,479.21,0.9209,-1,-1,-1
670,157,403.15,103.59,86.28,262.94,0.8376,-1,-1,-1
670,156,0.20,92.56,53.21,266.17,0.8521,-1,-1,-1
670,155,49.18,83.77,71.90,287.01,0.6817,-1,-1,-1
670,151,290.12,123.85,65.13,198.33,0.8691,-1,-1,-1
670,148,234.35,128.89,56.82,191.13,0.7522,-1,-1,-1
670,137,86.82,6.92,165.18,459.30,0.8684,-1,-1,-1
670,90,461.76,1.10,177.85,478.90,0.9158,-1,-1,-1
671,157,392.53,113.80,94.68,267.07,0.7816,-1,-1,-1
671,156,0.08,120.35,45.15,248.43,0.8169,-1,-1,-1
671,155,37.47,85.15,83.18,307.39,0.7928,-1,-1,-1
671,151,290.31,131.66,66.58,198.95,0.8549,-1,-1,-1
671,148,244.10,136.77,46.66,192.32,0.7358,-1,-1,-1
671,137,73.03,19.57,181.54,454.25,0.8386,-1,-1,-1
671,90,465.01,1.38,174.70,477.11,0.9126,-1,-1,-1
672,157,399.74,126.73,85.08,271.09,0.8367,-1,-1,-1
672,156,0.00,129.71,25.52,259.68,0.6565,-1,-1,-1
672,155,20.68,84.13,98.37,329.74,0.8464,-1,-1,-1
672,151,291.38,142.66,63.99,201.25,0.8583,-1,-1,-1
672,148,250.53,149.07,40.54,184.95,0.7241,-1,-1,-1
672,137,100.81,40.55,153.93,438.42,0.7673,-1,-1,-1
672,90,467.04,1.13,172.63,478.15,0.8931,-1,-1,-1
673,157,403.77,111.43,89.11,275.28,0.8542,-1,-1,-1
673,155,0.56,58.56,117.15,352.10,0.8679,-1,-1,-1
673,151,295.22,134.28,63.12,198.21,0.8404,-1,-1,-1
673,148,253.88,140.62,41.96,179.32,0.7725,-1,-1,-1
673,137,111.99,30.59,141.55,449.22,0.8711,-1,-1,-1
673,90,460.45,0.00,179.15,480.00,0.8640,-1,-1,-1
674,157,400.01,102.77,82.32,270.52,0.8357,-1,-1,-1
674,155,0.04,38.54,112.74,374.69,0.8913,-1,-1,-1
674,151,292.69,127.59,59.01,197.64,0.8567,-1,-1,-1
674,148,248.89,135.02,46.20,183.04,0.7831,-1,-1,-1
674,137,86.12,23.78,158.90,456.22,0.7765,-1,-1,-1
674,90,461.47,1.41,178.27,478.59,0.8837,-1,-1,-1
675,157,393.41,108.95,81.36,265.60,0.8353,-1,-1,-1
675,155,0.03,29.54,89.46,394.56,0.8869,-1,-1,-1
675,151,287.90,135.92,57.70,187.63,0.8597,-1,-1,-1
675,148,231.25,138.81,60.37,183.82,0.6279,-1,-1,-1
675,137,96.87,21.75,139.44,458.25,0.8821,-1,-1,-1
675,90,484.36,0.94,155.26,479.06,0.9052,-1,-1,-1
676,157,383.07,116.02,89.25,264.72,0.7593,-1,-1,-1
676,155,0.09,19.69,71.03,411.08,0.8588,-1,-1,-1
676,151,282.93,138.90,57.47,189.48,0.8508,-1,-1,-1
676,148,239.82,141.56,45.36,188.79,0.8135,-1,-1,-1
676,137,96.71,23.08,140.53,447.02,0.8958,-1,-1,-1
676,90,475.52,1.64,164.05,478.36,0.8275,-1,-1,-1
677,157,388.21,115.93,86.73,269.96,0.7808,-1,-1,-1
677,155,0.14,27.70,51.33,408.03,0.7166,-1,-1,-1
677,151,284.96,138.84,58.81,189.92,0.8243,-1,-1,-1
677,148,241.93,140.33,45.59,186.89,0.8189,-1,-1,-1
677,137,95.20,19.13,147.56,449.31,0.8887,-1,-1,-1
677,90,476.36,1.03,163.27,478.60,0.8987,-1,-1,-1
678,157,386.50,113.24,87.28,274.91,0.8409,-1,-1,-1
678,156,0.00,134.06,45.41,152.05,0.3409,-1,-1,-1
678,151,281.04,136.83,60.50,191.91,0.8529,-1,-1,-1
678,148,240.02,139.92,43.52,182.19,0.8253,-1,-1,-1
678,137,105.13,17.09,134.59,457.89,0.8652,-1,-1,-1
678,90,472.53,0.76,167.15,477.20,0.9060,-1,-1,-1
679,158,80.69,161.90,44.29,159.86,0.5565,-1,-1,-1
679,157,381.79,118.65,93.53,275.41,0.7719,-1,-1,-1
679,151,281.14,142.04,59.43,192.40,0.8562,-1,-1,-1
679,148,238.56,148.07,44.36,197.08,0.7142,-1,-1,-1
679,137,107.25,29.11,128.87,450.89,0.8280,-1,-1,-1
679,90,468.49,0.75,171.00,479.25,0.8952,-1,-1,-1
680,158,74.18,156.54,52.11,171.06,0.5968,-1,-1,-1
680,157,379.56,120.69,94.37,278.65,0.7583,-1,-1,-1
680,151,280.19,144.49,59.60,192.99,0.8631,-1,-1,-1
680,148,236.89,152.90,46.94,199.30,0.7467,-1,-1,-1
680,137,104.67,38.96,132.61,417.68,0.8175,-1,-1,-1
680,90,467.62,0.97,172.01,479.03,0.9085,-1,-1,-1
681,158,61.03,133.27,58.37,195.89,0.7466,-1,-1,-1
681,157,375.58,117.52,92.03,280.27,0.8327,-1,-1,-1
681,156,5.34,180.92,69.37,124.30,0.3482,-1,-1,-1
681,151,276.06,142.72,61.47,186.87,0.8541,-1,-1,-1
681,148,235.32,149.93,44.83,176.89,0.7858,-1,-1,-1
681,137,103.52,42.01,133.57,424.54,0.7967,-1,-1,-1
681,90,468.22,1.09,171.34,478.91,0.9140,-1,-1,-1
682,158,47.51,127.50,70.81,214.67,0.7844,-1,-1,-1
682,157,371.49,113.69,90.98,272.92,0.8198,-1,-1,-1
682,151,276.08,140.13,59.10,188.38,0.8668,-1,-1,-1
682,148,230.38,146.19,46.89,181.35,0.7966,-1,-1,-1
682,137,98.71,33.79,140.76,446.21,0.8532,-1,-1,-1
682,90,474.67,0.94,165.01,478.30,0.9115,-1,-1,-1
683,158,45.16,125.37,67.01,226.11,0.7949,-1,-1,-1
683,157,348.88,113.05,103.70,273.89,0.6909,-1,-1,-1
683,151,275.73,140.94,58.21,185.38,0.8637,-1,-1,-1
683,148,235.61,146.49,40.65,181.35,0.7650,-1,-1,-1
683,137,96.91,35.86,144.34,443.84,0.8583,-1,-1,-1
683,90,481.97,1.11,157.68,476.92,0.9111,-1,-1,-1
684,158,32.15,112.44,80.12,242.21,0.7716,-1,-1,-1
684,157,352.04,108.29,99.06,282.52,0.7304,-1,-1,-1
684,151,270.70,137.83,61.72,189.59,0.8640,-1,-1,-1
684,148,226.86,143.32,47.25,185.24,0.6550,-1,-1,-1
684,137,93.55,25.63,143.30,437.00,0.8657,-1,-1,-1
684,90,490.18,0.88,149.43,479.12,0.9155,-1,-1,-1
685,158,14.52,106.59,93.23,251.66,0.5749,-1,-1,-1
685,157,349.65,111.40,103.46,280.77,0.7598,-1,-1,-1
685,151,273.08,136.59,61.31,190.02,0.8616,-1,-1,-1
685,148,210.36,141.32,64.95,203.99,0.7061,-1,-1,-1
685,137,81.92,24.03,156.75,443.98,0.8815,-1,-1,-1
685,90,495.29,1.17,144.37,478.83,0.9132,-1,-1,-1
686,158,13.80,92.24,85.82,266.17,0.7963,-1,-1,-1
686,157,357.96,111.10,92.66,284.29,0.7942,-1,-1,-1
686,151,271.00,135.71,59.44,189.46,0.8212,-1,-1,-1
686,148,220.22,142.94,53.60,193.83,0.4239,-1,-1,-1
686,137,76.14,26.24,160.83,453.76,0.8909,-1,-1,-1
686,90,495.41,1.04,144.20,478.27,0.8967,-1,-1,-1
687,158,0.00,82.23,90.09,280.51,0.8851,-1,-1,-1
687,157,361.12,108.30,89.15,289.62,0.8426,-1,-1,-1
687,151,272.15,135.82,58.68,184.17,0.8405,-1,-1,-1
687,148,234.23,143.44,40.48,141.73,0.5414,-1,-1,-1
687,137,78.17,31.91,158.96,448.09,0.8834,-1,-1,-1
687,90,496.06,0.66,143.57,479.34,0.9104,-1,-1,-1
688,158,0.00,73.48,79.94,289.41,0.8248,-1,-1,-1
688,157,357.93,103.31,93.86,287.75,0.8472,-1,-1,-1
688,151,266.65,130.65,59.19,185.09,0.7833,-1,-1,-1
688,148,229.43,138.82,37.48,139.57,0.5497,-1,-1,-1
688,137,63.51,32.57,167.34,447.43,0.8681,-1,-1,-1
688,90,491.21,0.94,148.59,478.81,0.9203,-1,-1,-1
689,160,305.47,151.80,45.28,137.93,0.6053,-1,-1,-1
689,158,0.09,69.16,69.93,292.74,0.7673,-1,-1,-1
689,157,357.96,104.83,88.92,281.19,0.8438,-1,-1,-1
689,151,264.26,132.23,59.66,185.47,0.8241,-1,-1,-1
689,148,223.62,141.31,43.51,176.10,0.7154,-1,-1,-1
689,137,88.62,33.53,139.47,446.46,0.8264,-1,-1,-1
689,90,475.85,0.00,163.75,478.83,0.8966,-1,-1,-1
690,160,307.70,151.99,48.46,139.40,0.7236,-1,-1,-1
690,158,0.08,79.63,63.52,294.28,0.6839,-1,-1,-1
690,157,357.56,102.64,84.68,278.03,0.8485,-1,-1,-1
690,151,262.09,133.61,57.12,186.44,0.8408,-1,-1,-1
690,148,219.09,140.43,45.97,179.67,0.6362,-1,-1,-1
690,137,82.15,31.67,144.77,448.33,0.8663,-1,-1,-1
690,90,441.52,0.00,198.15,479.96,0.8623,-1,-1,-1
691,160,309.09,153.58,47.09,139.68,0.8007,-1,-1,-1
691,158,0.10,90.12,51.92,181.05,0.5578,-1,-1,-1
691,157,352.65,102.28,87.66,284.05,0.8242,-1,-1,-1
691,151,260.74,137.72,59.31,187.11,0.8255,-1,-1,-1
691,148,217.43,144.46,46.41,212.49,0.4538,-1,-1,-1
691,137,105.14,30.35,126.13,442.45,0.8915,-1,-1,-1
691,90,450.82,0.00,188.87,478.80,0.8516,-1,-1,-1
692,161,52.26,134.70,61.83,183.60,0.7587,-1,-1,-1
692,160,310.87,151.85,49.67,143.40,0.7732,-1,-1,-1
692,158,0.09,88.25,39.82,201.15,0.5486,-1,-1,-1
692,157,352.86,103.60,87.05,287.29,0.8501,-1,-1,-1
692,151,259.99,141.35,59.25,184.41,0.8393,-1,-1,-1
692,148,227.13,147.14,35.01,123.08,0.4853,-1,-1,-1
692,137,109.70,29.94,124.36,435.01,0.8958,-1,-1,-1
692,90,497.04,1.69,142.82,474.86,0.8479,-1,-1,-1
693,161,40.20,128.59,70.15,192.99,0.7318,-1,-1,-1
693,160,316.69,145.09,48.53,146.78,0.6531,-1,-1,-1
693,158,0.10,109.99,39.92,201.63,0.3515,-1,-1,-1
693,157,352.10,101.22,96.97,289.71,0.7830,-1,-1,-1
693,151,262.41,131.63,59.82,186.49,0.8405,-1,-1,-1
693,148,229.66,141.77,35.10,119.29,0.3498,-1,-1,-1
693,137,115.04,23.73,126.34,448.08,0.8833,-1,-1,-1
693,90,503.17,1.02,136.48,477.69,0.8814,-1,-1,-1
694,161,19.58,125.04,82.04,196.31,0.7815,-1,-1,-1
694,160,317.94,136.44,45.26,123.91,0.4936,-1,-1,-1
694,157,349.73,95.97,93.02,291.72,0.7773,-1,-1,-1
694,151,261.35,128.99,61.87,181.09,0.8170,-1,-1,-1
694,148,226.14,137.40,37.84,138.03,0.3524,-1,-1,-1
694,137,119.86,25.23,117.43,448.23,0.8490,-1,-1,-1
694,90,423.44,1.45,216.15,474.47,0.8625,-1,-1,-1
695,163,93.58,140.49,41.75,150.05,0.7336,-1,-1,-1
695,161,10.98,120.44,79.91,210.78,0.8248,-1,-1,-1
695,160,317.81,133.66,50.67,110.76,0.4509,-1,-1,-1
695,157,337.56,94.73,98.61,292.89,0.7087,-1,-1,-1
695,151,260.90,127.19,59.62,178.08,0.8312,-1,-1,-1
695,137,123.55,27.27,132.89,452.73,0.8027,-1,-1,-1
695,90,430.88,1.06,208.95,478.94,0.8936,-1,-1,-1
696,163,93.62,144.08,42.93,154.38,0.7726,-1,-1,-1
696,161,7.27,116.22,77.76,224.38,0.8272,-1,-1,-1
696,157,342.41,98.36,91.92,289.04,0.7925,-1,-1,-1
696,151,261.13,132.95,62.85,180.01,0.7892,-1,-1,-1
696,137,117.90,40.61,142.84,439.39,0.7964,-1,-1,-1
696,90,448.03,1.29,191.58,478.71,0.8516,-1,-1,-1
697,163,92.98,142.48,42.61,158.59,0.7263,-1,-1,-1
697,161,4.69,115.32,74.10,227.39,0.8293,-1,-1,-1
697,157,344.82,96.97,87.64,280.39,0.8335,-1,-1,-1
697,151,265.53,132.90,60.15,182.81,0.8405,-1,-1,-1
697,137,124.77,40.01,139.49,439.99,0.8709,-1,-1,-1
697,90,474.91,0.89,164.77,478.73,0.9058,-1,-1,-1
698,163,85.72,139.15,44.81,160.38,0.5230,-1,-1,-1
698,161,0.05,106.45,76.26,237.77,0.8074,-1,-1,-1
698,157,329.40,92.65,99.08,284.01,0.8188,-1,-1,-1
698,151,265.67,135.06,58.61,179.51,0.8059,-1,-1,-1
698,137,141.36,33.77,126.59,432.72,0.8734,-1,-1,-1
698,90,462.73,0.77,176.95,478.19,0.9108,-1,-1,-1
699,164,102.91,169.98,51.05,186.62,0.7133,-1,-1,-1
699,163,83.00,144.41,40.58,148.04,0.5295,-1,-1,-1
699,161,0.12,108.57,72.30,242.92,0.8453,-1,-1,-1
699,157,334.45,98.33,91.63,286.96,0.8345,-1,-1,-1
699,151,268.09,141.09,53.66,179.38,0.8271,-1,-1,-1
699,137,144.79,38.28,124.70,411.46,0.8986,-1,-1,-1
699,90,458.43,0.76,181.20,479.24,0.9092,-1,-1,-1
700,164,90.23,173.67,59.51,198.47,0.6920,-1,-1,-1
700,161,0.07,110.87,63.56,261.68,0.7407,-1,-1,-1
700,157,333.30,107.12,90.63,291.20,0.8485,-1,-1,-1
700,151,274.04,147.80,49.03,173.95,0.8004,-1,-1,-1
700,137,130.94,45.74,144.54,409.79,0.8783,-1,-1,-1
700,90,455.83,1.75,183.81,478.25,0.9097,-1,-1,-1
701,165,28.53,151.48,42.30,154.84,0.6823,-1,-1,-1
701,164,76.24,157.37,62.85,212.88,0.6799,-1,-1,-1
701,161,0.00,141.17,42.39,208.69,0.3798,-1,-1,-1
701,157,326.96,101.65,91.05,292.70,0.8335,-1,-1,-1
701,151,272.49,137.82,46.48,156.05,0.7944,-1,-1,-1
701,137,129.02,35.43,151.27,422.48,0.8667,-1,-1,-1
701,90,458.76,1.04,180.89,477.17,0.9211,-1,-1,-1
702,166,112.07,125.71,49.44,213.47,0.5787,-1,-1,-1
702,165,12.88,146.29,54.99,161.26,0.7361,-1,-1,-1
702,164,63.00,156.91,63.40,220.10,0.7359,-1,-1,-1
702,157,308.11,100.53,112.27,294.96,0.7964,-1,-1,-1
702,151,268.58,137.60,47.38,154.69,0.7783,-1,-1,-1
702,137,125.92,40.72,153.53,424.66,0.8602,-1,-1,-1
702,90,449.63,1.16,190.02,475.95,0.9250,-1,-1,-1
703,166,110.73,124.72,46.98,223.64,0.5773,-1,-1,-1
703,165,3.92,148.56,58.32,156.94,0.7032,-1,-1,-1
703,164,45.89,156.47,75.97,237.39,0.8087,-1,-1,-1
703,157,317.79,102.64,91.36,292.64,0.8206,-1,-1,-1
703,151,268.50,140.34,46.10,143.96,0.7069,-1,-1,-1
703,137,120.41,49.40,159.27,428.47,0.8437,-1,-1,-1
703,90,440.26,2.82,199.72,474.88,0.9266,-1,-1,-1
704,169,383.08,114.11,67.30,219.84,0.7894,-1,-1,-1
704,166,95.10,121.57,59.93,227.01,0.7110,-1,-1,-1
704,165,0.09,150.82,54.00,162.24,0.7213,-1,-1,-1
704,164,27.81,153.37,79.81,253.99,0.7253,-1,-1,-1
704,157,316.17,100.99,84.69,286.29,0.8292,-1,-1,-1
704,151,265.16,142.96,45.92,152.71,0.6490,-1,-1,-1
704,137,120.64,52.11,155.46,424.24,0.8546,-1,-1,-1
704,90,434.82,1.21,204.74,476.94,0.9201,-1,-1,-1
705,169,382.56,110.46,62.39,219.14,0.6810,-1,-1,-1
705,166,82.33,115.00,66.68,238.00,0.7979,-1,-1,-1
705,165,0.21,174.21,41.03,138.97,0.3348,-1,-1,-1
705,164,3.23,147.55,93.64,274.24,0.8043,-1,-1,-1
705,157,311.68,96.84,87.53,280.13,0.8501,-1,-1,-1
705,151,261.23,141.60,46.93,161.36,0.6725,-1,-1,-1
705,137,130.03,47.97,141.61,428.37,0.8726,-1,-1,-1
705,90,426.25,1.01,213.41,478.38,0.9228,-1,-1,-1
706,169,378.85,101.76,56.54,233.31,0.5089,-1,-1,-1
706,166,61.38,106.61,82.45,252.93,0.8448,-1,-1,-1
706,164,0.04,141.94,79.23,289.26,0.8799,-1,-1,-1
706,157,300.36,95.81,89.28,288.62,0.8323,-1,-1,-1
706,151,257.94,140.54,44.48,122.54,0.7362,-1,-1,-1
706,137,140.26,41.39,128.46,425.89,0.8629,-1,-1,-1
706,90,414.09,1.43,225.34,477.77,0.9200,-1,-1,-1
707,169,373.99,102.39,63.19,238.92,0.6349,-1,-1,-1
707,166,37.46,103.06,98.89,269.09,0.7724,-1,-1,-1
707,164,0.34,138.02,63.58,302.81,0.8315,-1,-1,-1
707,157,297.81,98.95,87.45,290.34,0.8565,-1,-1,-1
707,151,255.51,142.16,43.53,112.10,0.6439,-1,-1,-1
707,137,136.20,40.71,130.53,407.56,0.8941,-1,-1,-1
707,90,395.71,1.25,243.93,476.91,0.8951,-1,-1,-1
708,166,10.21,97.84,111.79,276.59,0.7058,-1,-1,-1
708,164,0.06,127.72,43.69,316.00,0.7597,-1,-1,-1
708,157,288.28,100.91,90.57,293.44,0.8377,-1,-1,-1
708,151,251.92,141.30,44.08,114.77,0.6236,-1,-1,-1
708,137,131.35,35.37,128.98,414.31,0.8754,-1,-1,-1
708,90,354.19,1.39,284.07,477.34,0.8693,-1,-1,-1
709,166,0.21,90.61,107.14,349.51,0.7095,-1,-1,-1
709,157,284.34,100.41,90.59,295.54,0.8032,-1,-1,-1
709,151,249.06,139.11,45.99,123.99,0.7153,-1,-1,-1
709,137,128.50,34.93,132.14,417.69,0.8689,-1,-1,-1
709,90,376.87,0.48,254.69,479.52,0.8650,-1,-1,-1
710,166,0.00,78.61,103.16,376.84,0.6756,-1,-1,-1
710,157,277.13,96.84,97.14,297.74,0.7580,-1,-1,-1
710,151,247.82,138.61,46.21,118.12,0.7430,-1,-1,-1
710,137,126.86,38.06,132.03,428.99,0.8648,-1,-1,-1
710,90,334.00,0.31,278.33,478.03,0.8939,-1,-1,-1
711,166,0.11,58.24,97.34,323.77,0.8855,-1,-1,-1
711,157,275.21,91.39,92.37,302.41,0.7813,-1,-1,-1
711,151,246.46,138.19,40.19,117.13,0.6848,-1,-1,-1
711,137,122.44,38.54,131.79,408.59,0.8207,-1,-1,-1
711,90,310.26,0.51,284.47,479.17,0.8861,-1,-1,-1
712,166,0.20,42.74,68.67,368.07,0.7085,-1,-1,-1
712,163,35.08,127.22,57.35,207.04,0.4417,-1,-1,-1
712,157,269.00,88.03,93.63,293.34,0.8236,-1,-1,-1
712,151,243.66,142.18,40.30,112.91,0.6087,-1,-1,-1
712,137,120.50,40.88,130.94,431.82,0.8870,-1,-1,-1
712,90,298.22,0.33,288.39,476.37,0.8949,-1,-1,-1
713,166,0.11,30.50,59.81,424.13,0.7371,-1,-1,-1
713,163,27.58,97.58,62.67,235.66,0.3119,-1,-1,-1
713,157,266.95,87.15,91.64,292.51,0.8166,-1,-1,-1
713,151,244.65,141.51,35.99,108.99,0.6947,-1,-1,-1
713,137,116.40,36.77,134.91,430.78,0.9003,-1,-1,-1
713,90,337.18,0.64,259.38,475.84,0.9167,-1,-1,-1
714,163,28.26,91.40,67.22,244.99,0.5798,-1,-1,-1
714,157,267.97,89.28,94.65,295.38,0.8158,-1,-1,-1
714,151,247.79,142.05,36.37,101.91,0.7459,-1,-1,-1
714,137,109.68,35.61,143.21,419.36,0.8968,-1,-1,-1
714,90,331.87,0.47,301.87,475.34,0.9015,-1,-1,-1
715,166,0.00,82.25,69.15,253.33,0.7394,-1,-1,-1
715,163,29.29,87.39,74.50,229.05,0.7634,-1,-1,-1
715,157,272.95,89.88,94.09,298.08,0.8308,-1,-1,-1
715,151,251.04,138.98,37.04,105.22,0.6352,-1,-1,-1
715,137,106.03,32.18,151.43,400.75,0.9022,-1,-1,-1
715,90,329.91,0.57,309.11,473.06,0.9130,-1,-1,-1
716,166,0.15,65.83,71.10,273.16,0.3837,-1,-1,-1
716,163,26.02,85.85,80.89,253.83,0.8296,-1,-1,-1
716,157,274.18,92.04,96.92,309.46,0.8401,-1,-1,-1
716,151,255.66,141.96,36.39,102.92,0.6751,-1,-1,-1
716,137,101.32,34.39,159.42,404.34,0.8984,-1,-1,-1
716,90,336.47,0.27,302.53,476.16,0.8857,-1,-1,-1
717,163,8.29,80.26,99.68,266.25,0.8884,-1,-1,-1
717,157,278.56,94.46,100.02,305.44,0.8474,-1,-1,-1
717,151,260.16,142.65,39.83,101.89,0.7289,-1,-1,-1
717,137,98.92,41.98,164.24,399.94,0.8877,-1,-1,-1
717,90,350.30,0.14,288.75,477.77,0.8716,-1,-1,-1
718,163,2.55,78.95,103.66,292.01,0.8837,-1,-1,-1
718,157,288.02,97.01,97.88,307.73,0.8119,-1,-1,-1
718,151,265.43,149.21,38.80,107.12,0.7654,-1,-1,-1
718,137,97.69,51.27,169.68,411.59,0.8917,-1,-1,-1
718,90,370.66,0.52,268.31,475.75,0.8972,-1,-1,-1
719,163,0.89,76.66,112.47,296.15,0.9004,-1,-1,-1
719,157,296.16,96.45,90.74,305.12,0.5821,-1,-1,-1
719,151,272.58,150.86,36.43,108.37,0.7072,-1,-1,-1
719,137,100.91,56.62,160.78,411.28,0.8880,-1,-1,-1
719,90,381.73,0.65,257.08,475.90,0.9051,-1,-1,-1
720,171,255.47,156.75,24.18,98.07,0.4299,-1,-1,-1
720,163,3.26,72.93,111.63,311.42,0.8963,-1,-1,-1
720,157,301.11,96.06,89.60,297.64,0.8466,-1,-1,-1
720,151,276.64,149.71,36.17,117.04,0.6705,-1,-1,-1
720,137,103.33,55.14,160.67,406.03,0.8887,-1,-1,-1
720,90,387.45,0.62,251.70,477.29,0.9164,-1,-1,-1
721,171,242.59,149.09,42.61,123.58,0.5537,-1,-1,-1
721,163,0.00,56.88,110.17,338.53,0.9202,-1,-1,-1
721,157,304.98,94.72,91.33,296.38,0.8502,-1,-1,-1
721,151,282.39,147.27,37.42,105.32,0.6122,-1,-1,-1
721,137,112.57,51.07,144.91,388.23,0.8912,-1,-1,-1
721,90,394.00,0.72,245.26,477.45,0.9261,-1,-1,-1
722,171,244.44,155.14,46.14,129.89,0.5240,-1,-1,-1
722,163,0.00,49.92,108.33,349.50,0.9217,-1,-1,-1
722,157,307.21,95.42,93.79,301.20,0.8777,-1,-1,-1
722,151,288.34,148.12,33.33,99.52,0.6000,-1,-1,-1
722,137,122.10,51.98,135.92,377.11,0.9016,-1,-1,-1
722,90,399.45,0.55,240.15,477.04,0.9254,-1,-1,-1
723,171,256.19,157.80,41.40,142.57,0.6101,-1,-1,-1
723,163,0.16,44.40,108.73,363.72,0.9252,-1,-1,-1
723,157,316.03,100.03,90.54,305.33,0.6783,-1,-1,-1
723,151,294.75,153.41,32.39,99.20,0.6305,-1,-1,-1
723,137,136.71,52.94,125.30,385.37,0.8952,-1,-1,-1
723,90,395.90,0.84,243.85,479.16,0.9147,-1,-1,-1
724,171,247.74,160.89,52.15,153.25,0.5819,-1,-1,-1
724,163,0.05,37.03,107.35,375.90,0.9165,-1,-1,-1
724,157,316.78,102.35,92.41,304.08,0.8461,-1,-1,-1
724,151,298.53,154.64,31.55,101.46,0.6611,-1,-1,-1
724,137,144.04,55.54,119.43,388.66,0.8978,-1,-1,-1
724,90,391.49,1.12,248.17,478.56,0.9033,-1,-1,-1
725,174,124.84,200.68,13.09,44.01,0.5110,-1,-1,-1
725,173,140.10,197.19,15.28,46.68,0.5806,-1,-1,-1
725,172,93.29,187.42,21.56,70.07,0.5552,-1,-1,-1
725,171,260.53,156.44,43.64,154.12,0.6966,-1,-1,-1
725,163,0.04,20.21,97.99,396.10,0.9011,-1,-1,-1
725,157,314.30,99.48,97.43,305.10,0.8198,-1,-1,-1
725,151,300.98,152.02,31.24,102.66,0.4271,-1,-1,-1
725,137,149.58,56.40,114.88,394.52,0.8948,-1,-1,-1
725,90,395.78,0.87,244.02,479.13,0.8764,-1,-1,-1
726,173,146.17,197.90,13.06,48.41,0.4131,-1,-1,-1
726,172,90.85,189.40,28.01,69.02,0.7156,-1,-1,-1
726,171,264.39,155.70,42.66,151.61,0.7928,-1,-1,-1
726,163,0.09,6.76,89.52,418.85,0.8918,-1,-1,-1
726,157,319.02,98.85,90.73,303.18,0.8232,-1,-1,-1
726,151,304.92,153.12,31.92,99.83,0.5478,-1,-1,-1
726,137,157.22,62.27,107.30,396.63,0.8776,-1,-1,-1
726,90,413.57,0.41,226.31,478.56,0.9232,-1,-1,-1
727,173,146.71,196.02,12.06,47.83,0.5007,-1,-1,-1
727,172,92.90,186.77,23.88,71.12,0.6398,-1,-1,-1
727,171,266.72,152.74,41.40,151.76,0.8131,-1,-1,-1
727,163,0.20,1.38,77.72,426.51,0.8778,-1,-1,-1
727,157,318.78,93.40,89.61,299.15,0.8264,-1,-1,-1
727,151,307.15,149.59,28.58,96.81,0.5001,-1,-1,-1
727,137,160.79,60.63,105.77,394.10,0.8886,-1,-1,-1
727,90,405.60,0.26,234.09,478.59,0.9251,-1,-1,-1
728,174,124.43,197.10,16.67,46.80,0.4838,-1,-1,-1
728,173,142.33,195.66,14.53,48.42,0.5435,-1,-1,-1
728,172,90.34,187.49,22.19,70.20,0.5428,-1,-1,-1
728,171,265.85,151.89,41.53,152.11,0.8363,-1,-1,-1
728,163,0.23,36.79,57.55,397.42,0.7277,-1,-1,-1
728,157,315.61,91.87,97.82,291.30,0.8062,-1,-1,-1
728,151,305.12,148.00,29.81,88.14,0.5179,-1,-1,-1
728,137,160.23,59.13,105.57,391.21,0.8867,-1,-1,-1
728,90,392.31,0.36,246.49,477.74,0.9283,-1,-1,-1
729,174,120.53,195.34,19.07,47.90,0.4411,-1,-1,-1
729,173,139.86,195.84,14.90,46.46,0.5569,-1,-1,-1
729,172,82.39,186.10,25.16,71.22,0.5966,-1,-1,-1
729,171,265.13,152.46,42.41,150.29,0.8542,-1,-1,-1
729,157,314.96,89.69,91.51,298.75,0.8493,-1,-1,-1
729,151,305.32,148.83,26.33,83.65,0.5709,-1,-1,-1
729,137,159.53,56.12,106.52,376.83,0.8967,-1,-1,-1
729,90,383.46,0.60,255.78,475.52,0.9302,-1,-1,-1
730,174,120.79,198.20,16.06,52.03,0.3289,-1,-1,-1
730,172,85.00,192.87,21.49,71.70,0.5880,-1,-1,-1
730,171,265.56,160.95,43.10,148.95,0.8182,-1,-1,-1
730,157,314.63,100.08,92.22,301.79,0.8134,-1,-1,-1
730,151,304.95,156.56,28.49,84.67,0.4542,-1,-1,-1
730,137,159.36,62.79,107.27,365.86,0.9013,-1,-1,-1
730,90,375.25,0.52,263.86,476.82,0.9263,-1,-1,-1
731,174,122.69,205.87,15.21,48.07,0.5077,-1,-1,-1
731,172,81.84,194.20,25.78,75.78,0.6460,-1,-1,-1
731,171,268.04,165.24,40.40,145.41,0.7877,-1,-1,-1
731,157,314.80,101.84,94.17,312.12,0.8346,-1,-1,-1
731,151,306.15,161.10,32.65,83.26,0.4410,-1,-1,-1
731,137,159.32,68.06,109.94,369.08,0.9013,-1,-1,-1
731,90,372.18,0.61,267.10,476.63,0.9269,-1,-1,-1
732,174,119.58,205.52,17.26,49.77,0.5413,-1,-1,-1
732,172,75.73,194.32,27.96,77.35,0.6473,-1,-1,-1
732,171,268.70,165.60,39.84,142.77,0.7782,-1,-1,-1
732,157,314.86,110.16,94.38,308.45,0.8606,-1,-1,-1
732,151,306.55,163.21,32.85,85.72,0.4103,-1,-1,-1
732,137,151.91,73.68,117.36,374.92,0.9002,-1,-1,-1
732,90,373.45,0.49,266.05,476.42,0.9190,-1,-1,-1
733,174,112.24,203.44,23.75,54.32,0.3608,-1,-1,-1
733,172,64.82,194.39,32.52,80.83,0.6064,-1,-1,-1
733,171,265.97,165.41,40.83,141.81,0.7991,-1,-1,-1
733,157,315.84,111.55,91.05,306.49,0.8629,-1,-1,-1
733,151,311.26,164.27,29.19,90.17,0.3416,-1,-1,-1
733,137,145.40,83.48,116.60,378.25,0.8711,-1,-1,-1
733,90,382.18,0.78,257.38,477.12,0.9096,-1,-1,-1
734,172,60.72,201.84,33.08,78.51,0.6119,-1,-1,-1
734,171,265.72,170.19,41.37,134.27,0.7530,-1,-1,-1
734,157,315.89,116.72,90.21,301.51,0.8353,-1,-1,-1
734,137,137.70,90.68,117.29,378.21,0.8832,-1,-1,-1
734,90,389.51,0.69,250.22,477.63,0.9102,-1,-1,-1
735,177,240.60,160.67,33.02,124.32,0.5759,-1,-1,-1
735,172,59.25,195.07,30.52,81.17,0.6092,-1,-1,-1
735,171,265.41,165.28,42.00,140.90,0.7550,-1,-1,-1
735,157,316.41,108.45,90.11,291.38,0.8267,-1,-1,-1
735,137,129.19,84.43,121.82,374.12,0.8493,-1,-1,-1
735,90,396.19,0.43,243.28,478.26,0.9140,-1,-1,-1
736,177,239.20,157.76,31.20,110.01,0.4722,-1,-1,-1
736,172,56.60,191.48,30.42,82.33,0.5822,-1,-1,-1
736,171,264.41,165.09,41.36,141.06,0.7888,-1,-1,-1
736,157,315.65,104.00,90.41,295.00,0.8300,-1,-1,-1
736,137,151.04,78.58,106.24,361.33,0.8249,-1,-1,-1
736,90,399.72,0.41,239.26,477.57,0.8932,-1,-1,-1
737,178,109.57,137.32,53.92,185.10,0.8010,-1,-1,-1
737,177,237.20,156.73,34.23,141.69,0.3418,-1,-1,-1
737,172,46.92,189.31,31.04,84.08,0.6173,-1,-1,-1
737,171,260.73,165.79,43.09,142.72,0.7947,-1,-1,-1
737,157,314.84,105.91,89.96,297.89,0.8279,-1,-1,-1
737,137,147.50,74.40,110.14,346.40,0.8490,-1,-1,-1
737,90,401.03,0.21,238.14,475.15,0.9135,-1,-1,-1
738,178,104.68,134.10,54.33,191.64,0.7932,-1,-1,-1
738,177,236.45,154.85,34.34,146.08,0.4675,-1,-1,-1
738,172,42.53,185.87,32.17,86.06,0.7077,-1,-1,-1
738,171,258.17,164.24,45.07,144.45,0.7889,-1,-1,-1
738,157,313.09,108.66,92.34,299.28,0.8235,-1,-1,-1
738,137,144.40,73.55,110.00,351.58,0.8391,-1,-1,-1
738,90,400.23,0.73,238.93,476.24,0.9190,-1,-1,-1
739,178,92.70,131.74,61.71,196.62,0.8093,-1,-1,-1
739,177,236.10,156.49,31.10,110.53,0.5479,-1,-1,-1
739,172,36.34,184.88,30.94,87.58,0.6082,-1,-1,-1
739,171,254.53,163.05,48.76,143.53,0.7622,-1,-1,-1
739,157,309.98,111.37,92.26,301.96,0.8409,-1,-1,-1
739,137,143.50,75.94,99.20,355.80,0.8662,-1,-1,-1
739,90,397.98,0.57,241.39,476.88,0.9141,-1,-1,-1
740,178,82.97,130.73,67.39,211.81,0.8337,-1,-1,-1
740,177,237.14,157.44,30.61,134.37,0.4094,-1,-1,-1
740,172,30.54,183.50,34.17,89.68,0.7125,-1,-1,-1
740,171,255.05,162.09,54.29,144.04,0.7523,-1,-1,-1
740,157,310.44,111.91,91.11,300.87,0.8469,-1,-1,-1
740,137,142.89,83.95,104.26,357.53,0.8775,-1,-1,-1
740,90,394.60,1.08,244.98,476.80,0.9144,-1,-1,-1
741,179,0.06,190.69,18.35,77.53,0.3250,-1,-1,-1
741,178,76.09,122.72,76.72,217.71,0.8391,-1,-1,-1
741,177,236.67,153.90,30.74,138.07,0.5042,-1,-1,-1
741,172,26.27,179.75,33.77,91.09,0.6871,-1,-1,-1
741,171,255.26,160.18,52.28,144.23,0.7427,-1,-1,-1
741,157,306.31,106.18,94.07,303.61,0.8237,-1,-1,-1
741,137,143.75,85.01,101.97,357.18,0.8789,-1,-1,-1
741,90,388.72,1.08,251.07,477.75,0.8986,-1,-1,-1
742,179,0.04,183.08,18.17,75.78,0.5543,-1,-1,-1
742,178,72.41,115.27,76.80,228.48,0.8039,-1,-1,-1
742,177,235.71,152.09,32.88,137.94,0.5313,-1,-1,-1
742,172,24.02,179.22,30.25,92.53,0.6924,-1,-1,-1
742,171,260.30,161.23,46.85,142.78,0.7662,-1,-1,-1
742,157,307.86,104.86,89.21,293.05,0.8310,-1,-1,-1
742,137,142.92,88.53,102.02,346.52,0.8837,-1,-1,-1
742,90,397.57,0.89,241.79,479.11,0.9148,-1,-1,-1
743,179,0.01,187.18,15.09,68.77,0.4814,-1,-1,-1
743,178,47.26,104.67,97.04,239.78,0.6869,-1,-1,-1
743,177,236.77,152.56,31.54,137.72,0.5910,-1,-1,-1
743,172,13.88,176.17,33.49,92.21,0.6174,-1,-1,-1
743,171,259.78,161.23,47.83,142.28,0.7625,-1,-1,-1
743,157,311.23,104.88,82.04,284.53,0.8062,-1,-1,-1
743,137,138.18,85.07,107.19,348.09,0.8710,-1,-1,-1
743,90,398.26,1.06,240.05,478.94,0.9029,-1,-1,-1
744,178,42.53,97.50,93.70,253.84,0.8555,-1,-1,-1
744,177,238.36,149.52,31.63,143.18,0.5767,-1,-1,-1
744,172,9.15,173.43,35.58,97.37,0.6043,-1,-1,-1
744,171,258.49,161.93,52.81,141.66,0.7106,-1,-1,-1
744,157,306.60,103.75,87.05,292.30,0.8317,-1,-1,-1
744,137,151.94,82.49,96.20,332.77,0.8638,-1,-1,-1
744,90,389.76,0.28,238.61,478.52,0.8927,-1,-1,-1
745,180,122.20,129.40,46.44,180.41,0.7046,-1,-1,-1
745,178,15.70,94.62,114.40,265.89,0.8610,-1,-1,-1
745,177,242.27,148.86,30.79,140.88,0.6156,-1,-1,-1
745,172,7.67,171.88,34.89,133.37,0.3444,-1,-1,-1
745,171,265.53,159.09,46.60,137.98,0.6856,-1,-1,-1
745,157,308.40,99.59,93.78,299.98,0.8310,-1,-1,-1
745,137,155.86,78.89,94.28,324.87,0.8714,-1,-1,-1
745,90,400.53,0.15,229.62,477.86,0.9241,-1,-1,-1
746,180,112.93,131.05,63.13,184.74,0.8578,-1,-1,-1
746,178,0.85,91.66,114.79,289.88,0.8703,-1,-1,-1
746,177,248.70,154.17,28.79,131.82,0.5161,-1,-1,-1
746,171,269.59,158.68,50.06,139.22,0.5441,-1,-1,-1
746,157,308.12,155.47,92.46,251.78,0.7880,-1,-1,-1
746,137,160.68,82.68,97.09,329.71,0.8748,-1,-1,-1
746,90,391.24,0.41,246.52,478.64,0.9070,-1,-1,-1
747,180,112.45,126.85,63.71,191.63,0.8143,-1,-1,-1
747,178,0.05,84.93,111.64,301.21,0.8906,-1,-1,-1
747,177,251.39,153.31,27.59,126.78,0.3074,-1,-1,-1
747,171,266.66,158.07,53.70,139.84,0.6909,-1,-1,-1
747,157,311.39,107.13,93.14,301.65,0.8522,-1,-1,-1
747,137,163.32,83.54,98.23,332.03,0.8696,-1,-1,-1
747,90,390.20,0.32,248.95,477.51,0.8959,-1,-1,-1
748,180,113.03,124.05,61.29,198.84,0.8248,-1,-1,-1
748,178,0.00,75.02,92.73,316.84,0.8873,-1,-1,-1
748,177,251.63,154.12,32.20,102.95,0.4526,-1,-1,-1
748,171,270.76,160.57,52.25,140.41,0.6607,-1,-1,-1
748,157,315.56,107.68,90.13,301.17,0.8377,-1,-1,-1
748,137,164.36,88.60,102.37,335.16,0.8671,-1,-1,-1
748,90,390.99,0.31,248.71,476.77,0.9182,-1,-1,-1
749,180,107.95,121.05,65.68,209.23,0.8597,-1,-1,-1
749,178,0.02,64.32,84.01,331.66,0.8909,-1,-1,-1
749,177,251.43,155.92,39.51,139.89,0.5088,-1,-1,-1
749,171,273.58,167.01,53.01,137.76,0.6500,-1,-1,-1
749,157,318.61,108.96,93.88,298.87,0.7947,-1,-1,-1
749,137,164.15,93.90,104.76,337.68,0.8559,-1,-1,-1
749,90,393.52,0.43,245.96,477.91,0.9216,-1,-1,-1
750,180,106.37,113.76,67.50,216.50,0.8609,-1,-1,-1
750,178,0.17,47.53,77.58,368.90,0.8683,-1,-1,-1
750,177,257.53,153.14,39.60,139.67,0.6304,-1,-1,-1
750,171,281.62,164.50,53.43,139.24,0.7166,-1,-1,-1
750,157,325.85,105.77,88.64,287.55,0.8413,-1,-1,-1
750,137,170.68,92.37,104.07,328.18,0.8716,-1,-1,-1
750,90,405.19,0.84,234.49,476.99,0.9137,-1,-1,-1
751,180,101.59,105.89,81.17,222.26,0.8683,-1,-1,-1
751,178,0.17,33.28,71.16,367.88,0.7761,-1,-1,-1
751,177,263.28,146.68,42.61,143.35,0.7270,-1,-1,-1
751,171,290.56,160.09,50.47,133.25,0.7352,-1,-1,-1
751,157,335.02,97.67,87.09,290.66,0.8021,-1,-1,-1
751,137,179.15,88.11,84.46,324.22,0.8298,-1,-1,-1
751,90,414.45,1.17,225.15,478.83,0.9109,-1,-1,-1
752,180,95.36,99.18,86.96,234.82,0.8731,-1,-1,-1
752,178,0.46,6.33,79.48,396.47,0.7360,-1,-1,-1
752,177,270.15,147.03,40.78,133.23,0.6895,-1,-1,-1
752,171,295.84,160.35,52.11,126.38,0.6201,-1,-1,-1
752,157,336.50,100.69,90.56,295.30,0.8463,-1,-1,-1
752,137,185.45,85.25,100.51,304.90,0.8926,-1,-1,-1
752,90,418.39,0.83,221.12,477.44,0.9181,-1,-1,-1
753,180,90.94,94.45,90.80,246.97,0.8759,-1,-1,-1
753,178,0.00,74.86,77.44,325.19,0.4423,-1,-1,-1
753,177,274.68,150.71,39.43,127.52,0.7603,-1,-1,-1
753,171,303.66,158.89,48.26,125.19,0.4399,-1,-1,-1
753,157,339.62,102.76,93.74,297.27,0.8253,-1,-1,-1
753,137,186.90,83.04,99.84,308.97,0.8963,-1,-1,-1
753,90,411.53,0.80,228.25,478.14,0.9175,-1,-1,-1
754,180,76.13,90.07,104.56,266.58,0.8934,-1,-1,-1
754,177,283.08,149.35,39.75,137.32,0.7252,-1,-1,-1
754,172,0.20,118.23,34.04,156.76,0.3205,-1,-1,-1
754,171,320.39,160.33,38.82,105.43,0.4928,-1,-1,-1
754,157,345.57,106.32,93.60,300.04,0.7775,-1,-1,-1
754,137,195.15,84.03,98.80,314.53,0.8752,-1,-1,-1
754,90,411.96,1.27,227.65,478.46,0.9171,-1,-1,-1
755,181,31.99,166.68,38.16,88.82,0.5867,-1,-1,-1
755,180,71.39,84.57,107.76,273.51,0.9012,-1,-1,-1
755,177,285.32,152.48,40.40,131.69,0.7343,-1,-1,-1
755,172,0.01,151.11,36.87,123.68,0.4058,-1,-1,-1
755,171,326.79,161.17,34.87,107.07,0.4149,-1,-1,-1
755,157,347.60,103.27,93.08,297.87,0.8358,-1,-1,-1
755,137,202.25,86.16,92.71,313.68,0.8680,-1,-1,-1
755,90,427.61,1.99,211.83,477.57,0.9132,-1,-1,-1
756,181,40.75,171.17,31.51,86.76,0.5811,-1,-1,-1
756,180,66.83,78.88,109.94,296.25,0.9018,-1,-1,-1
756,177,292.43,151.64,35.37,133.08,0.7328,-1,-1,-1
756,172,0.18,155.00,28.50,124.38,0.7076,-1,-1,-1
756,171,329.38,161.66,37.84,112.31,0.3904,-1,-1,-1
756,157,347.83,98.70,97.37,306.69,0.7099,-1,-1,-1
756,137,211.30,89.73,89.31,316.88,0.8664,-1,-1,-1
756,90,465.12,1.90,174.52,477.74,0.9045,-1,-1,-1
757,181,41.70,167.20,33.03,91.87,0.3223,-1,-1,-1
757,180,57.65,65.72,112.45,314.00,0.8917,-1,-1,-1
757,177,296.60,148.80,36.41,130.76,0.7435,-1,-1,-1
757,172,0.16,154.20,21.74,123.82,0.6024,-1,-1,-1
757,171,329.14,158.53,38.71,113.81,0.3948,-1,-1,-1
757,157,351.89,94.96,94.02,301.09,0.8006,-1,-1,-1
757,137,206.52,90.24,99.47,313.54,0.8621,-1,-1,-1
757,90,487.80,0.96,152.02,477.17,0.8989,-1,-1,-1
758,180,45.52,50.50,115.29,333.29,0.8994,-1,-1,-1
758,177,299.85,146.09,31.02,129.68,0.5503,-1,-1,-1
758,172,0.10,159.21,15.43,90.01,0.3193,-1,-1,-1
758,171,321.53,158.03,47.44,114.22,0.3660,-1,-1,-1
758,157,348.94,92.69,97.39,297.26,0.7838,-1,-1,-1
758,137,217.10,85.94,89.56,316.10,0.8682,-1,-1,-1
759,184,190.32,162.48,33.34,116.69,0.4170,-1,-1,-1
759,180,20.56,39.85,132.23,352.32,0.9099,-1,-1,-1
759,177,302.72,149.84,33.99,133.46,0.5958,-1,-1,-1
759,157,351.23,95.50,96.45,298.05,0.7821,-1,-1,-1
759,137,203.28,87.61,105.39,300.78,0.8736,-1,-1,-1
759,90,478.94,4.14,160.64,474.09,0.4442,-1,-1,-1
760,184,181.44,162.00,45.03,120.52,0.5227,-1,-1,-1
760,180,0.00,25.03,138.68,371.72,0.9174,-1,-1,-1
760,177,304.59,145.31,32.15,131.47,0.5637,-1,-1,-1
760,173,133.62,180.76,22.41,67.34,0.6071,-1,-1,-1
760,157,348.68,91.83,99.79,304.33,0.8158,-1,-1,-1
760,137,199.37,82.78,110.43,299.86,0.8690,-1,-1,-1
760,90,494.76,3.45,144.77,475.81,0.5794,-1,-1,-1
761,184,180.39,160.19,39.51,121.83,0.5936,-1,-1,-1
761,180,0.00,9.00,117.46,391.93,0.9313,-1,-1,-1
761,177,308.62,154.26,32.17,121.98,0.5045,-1,-1,-1
761,174,106.14,177.32,21.99,71.47,0.4486,-1,-1,-1
761,173,129.67,179.78,25.50,68.49,0.6503,-1,-1,-1
761,157,350.82,95.97,98.18,306.60,0.8525,-1,-1,-1
761,137,206.06,81.84,107.95,302.22,0.8704,-1,-1,-1
761,90,505.32,1.08,134.51,477.38,0.8353,-1,-1,-1
762,184,176.39,155.11,39.45,121.51,0.6107,-1,-1,-1
762,180,0.00,0.30,103.04,403.21,0.9146,-1,-1,-1
762,177,310.51,146.51,26.99,125.39,0.6126,-1,-1,-1
762,174,108.18,175.52,19.75,73.08,0.4109,-1,-1,-1
762,173,128.78,175.74,26.02,69.73,0.6016,-1,-1,-1
762,157,354.21,94.40,95.14,307.97,0.8558,-1,-1,-1
762,137,180.53,79.44,135.94,306.68,0.8691,-1,-1,-1
762,90,492.22,1.14,147.45,478.86,0.8897,-1,-1,-1
763,185,81.09,161.23,40.77,83.13,0.7079,-1,-1,-1
763,184,167.65,143.02,37.22,126.13,0.6875,-1,-1,-1
763,182,53.15,150.36,34.51,94.75,0.5831,-1,-1,-1
763,180,0.23,25.27,82.98,379.56,0.8859,-1,-1,-1
763,177,308.03,136.23,30.00,120.20,0.5859,-1,-1,-1
763,173,124.90,166.26,25.21,72.00,0.6716,-1,-1,-1
763,157,354.40,84.73,94.33,304.45,0.8544,-1,-1,-1
763,137,189.56,75.89,126.73,308.35,0.8898,-1,-1,-1
763,90,463.63,1.60,176.08,478.40,0.8764,-1,-1,-1
764,185,84.20,163.41,38.54,86.72,0.6896,-1,-1,-1
764,184,161.69,149.12,39.34,124.42,0.7259,-1,-1,-1
764,182,52.73,158.00,41.38,92.49,0.4993,-1,-1,-1
764,180,0.34,24.70,64.95,391.42,0.7996,-1,-1,-1
764,177,308.89,139.87,32.50,121.99,0.6086,-1,-1,-1
764,173,124.52,170.53,25.11,71.33,0.6333,-1,-1,-1
764,157,358.71,90.17,90.60,296.40,0.8284,-1,-1,-1
764,137,208.09,82.83,110.93,309.09,0.8786,-1,-1,-1
764,90,457.05,0.85,182.49,450.71,0.7884,-1,-1,-1
765,186,199.27,155.32,31.76,115.77,0.6050,-1,-1,-1
765,185,93.80,168.83,30.76,85.83,0.6549,-1,-1,-1
765,184,147.13,155.37,50.51,125.04,0.7889,-1,-1,-1
765,182,60.56,160.90,40.95,96.54,0.6542,-1,-1,-1
765,177,310.35,145.32,34.73,119.83,0.6783,-1,-1,-1
765,173,125.54,175.63,23.79,72.97,0.6320,-1,-1,-1
765,157,360.58,92.56,94.66,292.87,0.8494,-1,-1,-1
765,137,217.23,87.22,105.26,303.78,0.8755,-1,-1,-1
765,90,458.50,1.36,181.17,478.64,0.8615,-1,-1,-1
766,186,198.27,156.09,34.09,119.55,0.6893,-1,-1,-1
766,185,94.96,166.94,28.81,89.74,0.6901,-1,-1,-1
766,184,139.98,154.89,54.29,127.42,0.8330,-1,-1,-1
766,182,61.85,164.69,38.92,94.29,0.6273,-1,-1,-1
766,177,310.14,147.86,30.11,120.92,0.6251,-1,-1,-1
766,173,122.89,175.11,23.63,74.12,0.6201,-1,-1,-1
766,157,360.35,92.32,93.75,292.90,0.7670,-1,-1,-1
766,137,224.40,86.30,96.80,304.28,0.8896,-1,-1,-1
766,90,457.28,1.24,182.45,478.76,0.8783,-1,-1,-1
767,186,188.11,151.30,41.28,125.33,0.8009,-1,-1,-1
767,185,91.91,164.77,26.12,90.37,0.4924,-1,-1,-1
767,184,127.71,154.38,58.44,126.33,0.8247,-1,-1,-1
767,182,57.28,160.34,35.61,96.81,0.6078,-1,-1,-1
767,177,310.49,147.25,33.66,119.57,0.4051,-1,-1,-1
767,157,354.73,91.33,97.65,297.95,0.7946,-1,-1,-1
767,137,228.29,80.14,89.37,290.80,0.8882,-1,-1,-1
767,90,457.75,1.32,181.89,477.93,0.9012,-1,-1,-1
768,186,184.97,155.13,41.94,126.69,0.8359,-1,-1,-1
768,185,90.87,165.64,34.75,92.41,0.4598,-1,-1,-1
768,184,120.82,157.71,57.41,125.85,0.8012,-1,-1,-1
768,182,51.35,161.63,35.95,98.57,0.6307,-1,-1,-1
768,157,351.54,94.49,97.94,303.78,0.7888,-1,-1,-1
768,137,226.11,81.84,89.91,290.28,0.8781,-1,-1,-1
768,90,457.45,1.29,182.20,478.71,0.8852,-1,-1,-1
769,186,183.09,154.83,44.97,130.21,0.8509,-1,-1,-1
769,185,87.89,167.12,30.20,92.29,0.4929,-1,-1,-1
769,184,116.69,154.94,45.68,129.77,0.7336,-1,-1,-1
769,182,54.36,161.12,31.06,100.18,0.6627,-1,-1,-1
769,157,351.82,98.17,94.54,304.88,0.7861,-1,-1,-1
769,137,226.45,83.65,88.69,295.40,0.8834,-1,-1,-1
769,90,463.57,2.00,176.04,478.00,0.8710,-1,-1,-1
770,186,179.94,152.79,47.14,132.63,0.8407,-1,-1,-1
770,185,87.47,164.78,25.69,93.69,0.4094,-1,-1,-1
770,184,111.57,153.15,41.60,129.36,0.5494,-1,-1,-1
770,182,53.14,160.65,35.55,100.69,0.6278,-1,-1,-1
770,157,350.47,94.22,95.84,305.67,0.7878,-1,-1,-1
770,137,225.58,84.50,92.62,297.79,0.8877,-1,-1,-1
770,90,477.16,1.12,162.41,478.34,0.8333,-1,-1,-1
771,186,167.45,149.55,51.03,140.01,0.8298,-1,-1,-1
771,185,80.74,161.60,32.43,98.21,0.4975,-1,-1,-1
771,184,101.09,152.40,37.50,133.73,0.5532,-1,-1,-1
771,182,48.09,159.62,36.65,103.33,0.6872,-1,-1,-1
771,157,347.74,93.30,89.70,301.85,0.8292,-1,-1,-1
771,137,220.82,89.73,93.02,300.80,0.8731,-1,-1,-1
771,90,503.59,0.75,136.04,473.62,0.8517,-1,-1,-1
772,186,163.31,144.70,52.06,141.30,0.8313,-1,-1,-1
772,184,83.03,151.63,49.64,133.14,0.7168,-1,-1,-1
772,182,45.74,156.12,37.80,104.28,0.6338,-1,-1,-1
772,157,343.86,92.63,89.94,293.69,0.8169,-1,-1,-1
772,137,211.26,89.68,100.42,297.44,0.8952,-1,-1,-1
772,90,494.21,0.00,145.64,475.16,0.8111,-1,-1,-1
773,186,148.68,140.06,61.77,147.17,0.8454,-1,-1,-1
773,184,72.93,151.49,47.35,132.55,0.7892,-1,-1,-1
773,182,42.95,155.55,38.41,103.04,0.6628,-1,-1,-1
773,157,338.11,87.43,96.43,291.23,0.8604,-1,-1,-1
773,137,212.79,89.38,97.95,293.78,0.8925,-1,-1,-1
773,90,493.35,0.00,146.50,474.76,0.7821,-1,-1,-1
774,186,154.03,136.56,51.65,154.48,0.8335,-1,-1,-1
774,184,66.14,150.32,49.44,134.47,0.6663,-1,-1,-1
774,182,44.68,158.47,38.48,93.42,0.4213,-1,-1,-1
774,157,335.43,87.84,97.25,294.96,0.8503,-1,-1,-1
774,137,219.24,87.39,93.90,287.06,0.8911,-1,-1,-1
774,90,494.51,4.71,145.49,472.41,0.8449,-1,-1,-1
775,186,152.11,138.34,52.06,159.24,0.8538,-1,-1,-1
775,185,88.79,156.82,37.69,103.96,0.4668,-1,-1,-1
775,184,66.19,153.92,42.10,132.77,0.4788,-1,-1,-1
775,182,43.43,155.06,39.43,110.06,0.4448,-1,-1,-1
775,157,337.53,88.49,94.54,300.39,0.7955,-1,-1,-1
775,137,215.24,87.03,99.47,277.72,0.8734,-1,-1,-1
775,90,463.65,18.46,124.42,433.69,0.7888,-1,-1,-1
776,188,496.77,0.00,143.08,479.79,0.8020,-1,-1,-1
776,186,144.95,139.50,54.48,161.58,0.8228,-1,-1,-1
776,185,89.73,172.89,34.81,91.59,0.6757,-1,-1,-1
776,184,43.90,152.03,52.13,135.75,0.6141,-1,-1,-1
776,157,338.75,94.32,92.63,302.67,0.8507,-1,-1,-1
776,137,212.17,87.95,103.86,280.47,0.8758,-1,-1,-1
776,90,412.75,22.61,166.26,419.10,0.7639,-1,-1,-1
777,188,495.31,0.00,144.57,479.91,0.7786,-1,-1,-1
777,186,142.17,138.29,54.36,167.08,0.8225,-1,-1,-1
777,185,93.60,170.48,31.24,94.11,0.6619,-1,-1,-1
777,184,38.57,150.88,52.18,138.87,0.5966,-1,-1,-1
777,157,337.33,95.69,91.45,302.21,0.8432,-1,-1,-1
777,137,208.69,91.39,107.98,280.91,0.8753,-1,-1,-1
777,90,400.23,32.36,170.29,407.08,0.7583,-1,-1,-1
778,188,515.87,0.00,123.98,476.19,0.7293,-1,-1,-1
778,186,132.42,134.74,63.32,175.82,0.8304,-1,-1,-1
778,185,92.47,164.98,39.84,101.88,0.6734,-1,-1,-1
778,184,26.35,153.05,61.38,139.60,0.7983,-1,-1,-1
778,157,342.26,96.15,88.08,300.88,0.8533,-1,-1,-1
778,137,208.17,97.62,114.22,283.04,0.8373,-1,-1,-1
778,90,407.50,26.46,155.95,423.81,0.8357,-1,-1,-1
779,190,209.75,136.93,47.15,184.01,0.7213,-1,-1,-1
779,188,508.15,5.29,131.08,474.71,0.7734,-1,-1,-1
779,186,137.94,133.57,59.13,182.32,0.8355,-1,-1,-1
779,184,23.38,157.84,58.93,138.28,0.8346,-1,-1,-1
779,173,106.29,168.47,29.69,102.15,0.7605,-1,-1,-1
779,157,349.63,98.18,87.98,267.99,0.6219,-1,-1,-1
779,137,234.15,106.77,93.90,278.93,0.8142,-1,-1,-1
779,90,416.01,26.27,145.75,451.75,0.8538,-1,-1,-1
780,191,72.86,160.44,29.56,111.97,0.6270,-1,-1,-1
780,190,212.17,135.73,47.14,188.85,0.7478,-1,-1,-1
780,188,494.04,1.14,145.59,478.86,0.8530,-1,-1,-1
780,186,131.52,130.09,67.41,185.78,0.8557,-1,-1,-1
780,185,108.34,166.60,31.38,105.21,0.7850,-1,-1,-1
780,184,19.26,156.60,62.25,139.55,0.7971,-1,-1,-1
780,157,351.38,95.48,86.05,286.17,0.5685,-1,-1,-1
780,137,236.35,107.21,93.22,273.57,0.8387,-1,-1,-1
780,90,419.48,20.63,119.69,451.58,0.7413,-1,-1,-1
781,191,69.03,159.95,42.85,113.32,0.6691,-1,-1,-1
781,190,210.46,129.61,48.29,200.55,0.7600,-1,-1,-1
781,188,466.21,1.61,173.37,476.58,0.8815,-1,-1,-1
781,186,126.57,125.66,70.01,198.13,0.8482,-1,-1,-1
781,185,110.38,165.16,24.75,103.84,0.6569,-1,-1,-1
781,184,17.74,153.63,60.02,142.03,0.7577,-1,-1,-1
781,157,353.97,95.48,78.63,194.08,0.4016,-1,-1,-1
781,137,238.68,102.76,93.60,268.04,0.8507,-1,-1,-1
781,90,388.59,16.58,135.93,454.34,0.7430,-1,-1,-1
782,191,71.59,160.11,46.17,113.96,0.7203,-1,-1,-1
782,190,200.77,125.62,59.26,207.04,0.8035,-1,-1,-1
782,188,450.34,1.94,189.24,478.06,0.8589,-1,-1,-1
782,186,114.25,125.83,80.77,201.20,0.8544,-1,-1,-1
782,185,110.89,168.52,23.24,101.26,0.3542,-1,-1,-1
782,184,13.13,152.04,57.46,144.70,0.8250,-1,-1,-1
782,137,244.48,102.87,88.23,264.14,0.8661,-1,-1,-1
782,90,392.29,26.57,109.59,435.86,0.6727,-1,-1,-1
783,191,75.19,161.35,45.31,114.03,0.7134,-1,-1,-1
783,190,199.88,121.90,59.67,212.48,0.8242,-1,-1,-1
783,188,452.45,1.58,187.14,478.15,0.7669,-1,-1,-1
783,186,110.11,125.24,82.60,210.53,0.8765,-1,-1,-1
783,184,9.65,150.88,51.29,146.03,0.7802,-1,-1,-1
783,157,347.46,141.03,79.95,295.98,0.4366,-1,-1,-1
783,137,252.41,103.59,79.82,257.18,0.8780,-1,-1,-1
783,90,390.79,28.96,111.87,443.02,0.6799,-1,-1,-1
784,191,77.85,158.42,38.72,119.89,0.6720,-1,-1,-1
784,190,194.59,120.61,67.17,219.53,0.8474,-1,-1,-1
784,188,457.05,1.09,182.30,477.83,0.8209,-1,-1,-1
784,186,107.50,123.12,77.92,220.02,0.8513,-1,-1,-1
784,184,8.54,152.97,48.65,148.53,0.7225,-1,-1,-1
784,137,257.74,107.52,76.82,256.55,0.8734,-1,-1,-1
784,90,355.23,33.53,132.08,416.58,0.7994,-1,-1,-1
785,190,180.81,115.43,78.49,230.90,0.8657,-1,-1,-1
785,188,465.16,1.42,174.31,441.37,0.6816,-1,-1,-1
785,186,90.65,116.00,86.25,232.12,0.8835,-1,-1,-1
785,184,0.38,156.78,39.17,145.56,0.6697,-1,-1,-1
785,182,27.59,166.49,26.68,104.41,0.3081,-1,-1,-1
785,137,256.41,109.67,71.68,257.93,0.8594,-1,-1,-1
785,90,353.33,32.83,135.61,444.63,0.8155,-1,-1,-1
786,190,162.48,113.80,85.01,242.21,0.8595,-1,-1,-1
786,188,480.86,1.07,158.76,445.73,0.6975,-1,-1,-1
786,186,65.65,109.01,99.43,240.27,0.8668,-1,-1,-1
786,184,0.20,157.86,24.51,145.21,0.5807,-1,-1,-1
786,182,12.64,169.62,34.27,102.90,0.4374,-1,-1,-1
786,181,50.66,172.42,26.91,101.09,0.3672,-1,-1,-1
786,137,252.19,117.84,73.92,249.73,0.8585,-1,-1,-1
786,90,347.16,34.77,134.51,419.54,0.5778,-1,-1,-1
787,190,152.22,112.51,92.09,249.10,0.8751,-1,-1,-1
787,188,494.91,0.63,144.69,476.75,0.6921,-1,-1,-1
787,186,54.00,105.39,102.15,247.75,0.8492,-1,-1,-1
787,184,0.14,160.14,19.19,143.00,0.4148,-1,-1,-1
787,182,10.33,170.05,30.48,104.43,0.3973,-1,-1,-1
787,137,254.24,120.32,70.48,247.65,0.8670,-1,-1,-1
787,90,340.85,33.76,162.83,421.56,0.7765,-1,-1,-1
788,194,455.02,27.24,78.78,421.76,0.5080,-1,-1,-1
788,190,138.51,106.12,97.78,272.76,0.8487,-1,-1,-1
788,188,502.45,0.39,137.17,476.86,0.7231,-1,-1,-1
788,186,37.89,99.99,108.95,267.45,0.8610,-1,-1,-1
788,182,0.17,169.01,37.88,108.62,0.4604,-1,-1,-1
788,137,252.71,119.16,72.65,249.97,0.8295,-1,-1,-1
788,90,333.37,34.01,191.62,433.09,0.8444,-1,-1,-1
789,194,433.50,27.79,106.09,429.85,0.7558,-1,-1,-1
789,192,324.09,45.70,115.85,430.85,0.6921,-1,-1,-1
789,190,128.60,100.55,90.78,288.75,0.8426,-1,-1,-1
789,188,500.97,1.26,138.67,475.98,0.8184,-1,-1,-1
789,186,15.58,97.89,117.60,278.78,0.8860,-1,-1,-1
789,137,249.68,117.40,72.09,239.62,0.8371,-1,-1,-1
790,194,434.51,37.29,102.94,426.53,0.7758,-1,-1,-1
790,190,120.03,94.25,84.77,306.35,0.8756,-1,-1,-1
790,188,497.49,1.65,142.05,436.03,0.7148,-1,-1,-1
790,186,2.83,97.22,112.22,299.95,0.8843,-1,-1,-1
790,137,241.18,121.56,79.14,233.20,0.8173,-1,-1,-1
790,90,316.94,48.82,171.02,431.18,0.8288,-1,-1,-1
791,194,430.93,43.35,104.27,427.96,0.7954,-1,-1,-1
791,190,104.24,85.75,91.20,318.53,0.8661,-1,-1,-1
791,188,490.21,0.68,149.39,478.52,0.8342,-1,-1,-1
791,186,0.00,90.36,111.99,325.06,0.8881,-1,-1,-1
791,137,232.47,123.80,83.56,228.57,0.8097,-1,-1,-1
791,90,310.76,56.86,146.41,421.52,0.8427,-1,-1,-1
792,196,193.52,194.07,29.86,89.30,0.6556,-1,-1,-1
792,194,418.76,49.73,115.31,423.25,0.8233,-1,-1,-1
792,190,77.88,80.26,106.44,338.94,0.8885,-1,-1,-1
792,188,492.98,4.33,146.77,472.93,0.7422,-1,-1,-1
792,186,0.33,81.62,89.37,341.06,0.8758,-1,-1,-1
792,137,227.13,130.01,84.25,240.53,0.7870,-1,-1,-1
792,90,307.98,62.66,151.82,414.94,0.7613,-1,-1,-1
793,196,186.27,192.80,29.33,87.10,0.4398,-1,-1,-1
793,194,415.85,43.02,120.02,396.91,0.8426,-1,-1,-1
793,190,16.34,67.39,152.51,374.57,0.8860,-1,-1,-1
793,188,506.01,1.91,133.68,477.10,0.8545,-1,-1,-1
793,186,0.11,62.81,74.41,359.51,0.8355,-1,-1,-1
793,137,218.26,129.50,90.44,242.95,0.7210,-1,-1,-1
793,90,301.34,59.80,186.10,392.25,0.6967,-1,-1,-1
794,196,180.73,179.48,31.71,91.99,0.5680,-1,-1,-1
794,194,405.49,30.12,133.66,411.36,0.8678,-1,-1,-1
794,190,0.40,48.23,153.02,395.26,0.8852,-1,-1,-1
794,188,518.53,2.07,121.12,476.89,0.8623,-1,-1,-1
794,186,0.03,73.60,57.06,349.04,0.7250,-1,-1,-1
794,137,219.46,123.75,83.23,235.10,0.7993,-1,-1,-1
794,90,296.52,51.51,128.52,384.12,0.6650,-1,-1,-1
795,196,171.84,180.87,45.31,95.00,0.6758,-1,-1,-1
795,194,401.98,32.36,131.17,404.96,0.8396,-1,-1,-1
795,190,0.00,32.11,125.43,443.34,0.8588,-1,-1,-1
795,188,517.18,0.80,122.65,476.41,0.7902,-1,-1,-1
795,137,219.37,126.06,77.48,211.36,0.7972,-1,-1,-1
795,90,294.03,60.12,132.63,388.93,0.8348,-1,-1,-1
796,199,123.04,176.49,39.04,99.65,0.7288,-1,-1,-1
796,196,173.49,184.94,41.12,95.31,0.3717,-1,-1,-1
796,194,409.28,40.47,123.50,406.18,0.8703,-1,-1,-1
796,190,0.15,20.63,110.92,440.84,0.6839,-1,-1,-1
796,188,525.63,0.78,114.22,476.06,0.7073,-1,-1,-1
796,137,218.66,128.90,79.16,220.07,0.8278,-1,-1,-1
796,90,292.57,67.61,172.33,390.70,0.6595,-1,-1,-1
797,199,111.56,170.58,46.20,101.30,0.7063,-1,-1,-1
797,196,170.01,181.41,25.40,95.96,0.6548,-1,-1,-1
797,194,403.02,36.18,126.02,410.90,0.8411,-1,-1,-1
797,190,0.16,0.46,83.82,437.69,0.4561,-1,-1,-1
797,188,541.75,1.82,97.97,474.20,0.7927,-1,-1,-1
797,173,74.57,162.09,27.16,118.67,0.5695,-1,-1,-1
797,137,227.48,120.58,67.53,223.76,0.8223,-1,-1,-1
797,90,285.53,63.67,127.04,395.87,0.6518,-1,-1,-1
798,199,110.11,171.67,45.41,103.46,0.7267,-1,-1,-1
798,196,165.41,180.97,30.90,97.97,0.5265,-1,-1,-1
798,194,406.08,38.17,121.24,415.86,0.8135,-1,-1,-1
798,190,0.18,9.67,57.60,300.35,0.5531,-1,-1,-1
798,188,512.19,0.53,127.50,477.35,0.8715,-1,-1,-1
798,173,69.21,160.04,34.34,121.78,0.7030,-1,-1,-1
798,137,228.99,120.51,64.89,227.46,0.8257,-1,-1,-1
798,90,280.77,65.49,135.36,399.13,0.5836,-1,-1,-1
799,201,211.62,187.31,25.16,79.67,0.4531,-1,-1,-1
799,199,107.37,169.43,46.98,106.95,0.7088,-1,-1,-1
799,196,164.05,179.44,36.56,100.85,0.5627,-1,-1,-1
799,194,382.47,39.41,140.65,372.02,0.7044,-1,-1,-1
799,188,477.45,1.54,162.17,474.39,0.8824,-1,-1,-1
799,181,30.20,152.68,40.96,110.74,0.4343,-1,-1,-1
799,173,67.49,159.42,35.18,123.84,0.7400,-1,-1,-1
799,137,229.92,122.39,62.24,226.20,0.7989,-1,-1,-1
799,90,282.94,64.57,134.83,399.84,0.5656,-1,-1,-1
800,201,207.97,181.88,25.36,80.71,0.6078,-1,-1,-1
800,199,98.19,163.04,47.78,109.85,0.7176,-1,-1,-1
800,196,157.25,173.85,43.54,103.73,0.7339,-1,-1,-1
800,194,406.67,31.26,106.72,387.15,0.8385,-1,-1,-1
800,192,275.51,55.72,181.39,363.42,0.8003,-1,-1,-1
800,188,454.85,1.57,184.87,474.59,0.8551,-1,-1,-1
800,181,24.60,147.01,42.41,90.68,0.4868,-1,-1,-1
800,173,61.90,155.39,35.95,124.15,0.7690,-1,-1,-1
800,137,227.33,123.45,59.72,221.11,0.8194,-1,-1,-1
801,201,201.85,188.19,31.14,79.08,0.3900,-1,-1,-1
801,199,95.84,165.91,28.92,111.58,0.6881,-1,-1,-1
801,196,156.07,177.76,37.71,103.60,0.6913,-1,-1,-1
801,194,402.75,33.20,104.99,409.58,0.7887,-1,-1,-1
801,192,276.13,56.72,189.04,385.21,0.7665,-1,-1,-1
801,188,446.95,1.31,192.62,477.49,0.5273,-1,-1,-1
801,181,22.17,149.71,34.68,95.36,0.4131,-1,-1,-1
801,173,58.84,159.12,34.54,125.04,0.7562,-1,-1,-1
801,137,228.10,129.63,56.08,225.34,0.8157,-1,-1,-1
802,201,201.13,187.33,31.03,83.41,0.6413,-1,-1,-1
802,199,89.74,163.56,30.19,116.56,0.6546,-1,-1,-1
802,196,156.01,176.37,45.44,107.97,0.6895,-1,-1,-1
802,194,401.60,31.90,105.00,404.42,0.7721,-1,-1,-1
802,188,455.52,1.62,184.28,474.35,0.6792,-1,-1,-1
802,181,21.97,154.93,30.35,91.76,0.5381,-1,-1,-1
802,173,58.02,159.25,35.24,125.63,0.7428,-1,-1,-1
802,137,229.85,131.77,56.11,214.83,0.7731,-1,-1,-1
802,90,275.24,57.18,125.57,380.05,0.6431,-1,-1,-1
803,201,200.62,189.14,31.37,83.12,0.7223,-1,-1,-1
803,199,89.58,165.79,28.40,111.14,0.5836,-1,-1,-1
803,196,157.02,178.82,38.37,108.75,0.6213,-1,-1,-1
803,194,399.75,33.94,107.19,402.40,0.7497,-1,-1,-1
803,192,276.31,58.97,121.97,384.62,0.5343,-1,-1,-1
803,188,461.37,1.55,178.45,478.45,0.6630,-1,-1,-1
803,173,57.84,159.71,38.40,128.13,0.7009,-1,-1,-1
803,137,232.55,131.33,51.30,191.05,0.8264,-1,-1,-1
804,201,205.46,189.91,28.49,84.93,0.5803,-1,-1,-1
804,199,91.98,167.37,28.31,116.46,0.4929,-1,-1,-1
804,196,161.37,181.95,34.65,109.68,0.5427,-1,-1,-1
804,194,411.84,33.24,128.91,412.60,0.7165,-1,-1,-1
804,192,282.66,63.07,194.53,390.22,0.8300,-1,-1,-1
804,188,478.35,1.34,161.48,478.66,0.7691,-1,-1,-1
804,181,25.14,149.04,42.28,121.40,0.4972,-1,-1,-1
804,173,61.99,162.28,38.48,128.79,0.7041,-1,-1,-1
804,137,234.47,132.89,58.83,203.26,0.7565,-1,-1,-1
805,199,66.92,158.23,54.46,130.14,0.5001,-1,-1,-1
805,196,163.14,177.46,33.91,112.36,0.5986,-1,-1,-1
805,195,208.23,185.51,31.23,87.12,0.7207,-1,-1,-1
805,194,420.59,32.83,114.35,423.83,0.8363,-1,-1,-1
805,192,290.51,59.41,203.42,404.56,0.7449,-1,-1,-1
805,188,494.17,0.29,145.66,435.79,0.6383,-1,-1,-1
805,181,28.02,144.55,39.93,133.98,0.4513,-1,-1,-1
805,137,238.25,129.21,63.30,206.03,0.7943,-1,-1,-1
806,199,70.74,159.22,54.55,130.50,0.7624,-1,-1,-1
806,196,167.94,176.04,37.69,115.13,0.4665,-1,-1,-1
806,195,214.80,185.77,29.10,88.94,0.7033,-1,-1,-1
806,194,429.10,36.08,124.49,429.59,0.8649,-1,-1,-1
806,192,298.61,62.55,214.91,409.57,0.7821,-1,-1,-1
806,188,516.91,0.71,122.92,272.54,0.5470,-1,-1,-1
806,181,27.32,145.86,51.23,152.34,0.6766,-1,-1,-1
806,137,240.86,129.85,72.15,207.04,0.8300,-1,-1,-1
807,199,75.79,156.99,52.26,131.66,0.7755,-1,-1,-1
807,196,172.68,174.71,44.17,118.39,0.7469,-1,-1,-1
807,195,218.22,187.06,29.20,88.58,0.6866,-1,-1,-1
807,194,440.46,39.42,127.26,424.45,0.7894,-1,-1,-1
807,192,309.54,58.83,216.27,409.79,0.6322,-1,-1,-1
807,188,540.52,30.31,99.35,267.03,0.5785,-1,-1,-1
807,181,32.49,144.09,49.09,151.15,0.6956,-1,-1,-1
807,137,244.15,131.58,77.96,200.14,0.8393,-1,-1,-1
808,199,79.40,154.24,48.83,131.89,0.7696,-1,-1,-1
808,196,177.39,170.77,48.02,120.04,0.7063,-1,-1,-1
808,195,222.35,183.79,27.60,90.99,0.7184,-1,-1,-1
808,194,450.59,35.21,130.51,422.26,0.8553,-1,-1,-1
808,192,323.00,53.04,212.05,408.66,0.8348,-1,-1,-1
808,188,567.35,88.58,72.54,197.31,0.8134,-1,-1,-1
808,181,42.78,140.47,41.16,154.29,0.6287,-1,-1,-1
808,137,253.63,131.31,74.98,192.91,0.8165,-1,-1,-1
809,199,91.57,157.41,37.65,131.24,0.7443,-1,-1,-1
809,196,185.77,172.34,49.87,124.10,0.8301,-1,-1,-1
809,195,233.37,186.20,28.91,91.26,0.7444,-1,-1,-1
809,194,468.54,31.87,142.64,419.85,0.8561,-1,-1,-1
809,192,336.30,50.12,220.89,394.19,0.5778,-1,-1,-1
809,181,56.81,143.69,36.89,149.84,0.6200,-1,-1,-1
809,137,264.18,136.42,75.90,198.47,0.8214,-1,-1,-1
810,199,97.69,158.02,36.50,136.40,0.7165,-1,-1,-1
810,196,190.50,174.45,51.63,126.67,0.7031,-1,-1,-1
810,195,238.67,188.48,28.81,91.84,0.7077,-1,-1,-1
810,194,471.72,30.62,151.02,413.01,0.8276,-1,-1,-1
810,192,342.06,49.79,158.32,396.07,0.6032,-1,-1,-1
810,181,64.45,145.83,38.97,156.39,0.7112,-1,-1,-1
810,137,277.33,138.36,70.22,202.82,0.8346,-1,-1,-1
811,202,268.81,191.80,21.25,85.24,0.7300,-1,-1,-1
811,199,100.06,152.76,38.20,139.29,0.5751,-1,-1,-1
811,196,189.37,171.42,52.91,129.49,0.7866,-1,-1,-1
811,195,242.04,184.08,30.22,93.46,0.7312,-1,-1,-1
811,194,487.40,23.62,144.94,427.35,0.8637,-1,-1,-1
811,192,358.13,44.29,116.62,406.82,0.6244,-1,-1,-1
811,181,66.29,147.59,42.26,150.29,0.4990,-1,-1,-1
811,137,286.39,132.62,66.38,214.99,0.8327,-1,-1,-1
812,202,270.18,191.96,24.38,86.94,0.6402,-1,-1,-1
812,199,101.30,150.34,39.60,143.57,0.7203,-1,-1,-1
812,196,190.34,171.37,54.77,133.17,0.8085,-1,-1,-1
812,195,242.61,181.00,32.89,98.06,0.6975,-1,-1,-1
812,194,490.95,24.91,148.02,435.07,0.8060,-1,-1,-1
812,192,371.05,42.75,138.04,419.74,0.5677,-1,-1,-1
812,181,67.70,145.88,40.81,157.14,0.6793,-1,-1,-1
812,137,293.36,129.83,64.63,209.43,0.8549,-1,-1,-1
813,202,264.45,195.54,30.26,86.08,0.6113,-1,-1,-1
813,199,101.40,152.81,42.05,143.06,0.6552,-1,-1,-1
813,196,187.10,168.68,57.96,136.92,0.8113,-1,-1,-1
813,195,240.71,180.00,35.86,101.87,0.6364,-1,-1,-1
813,194,505.11,30.23,134.41,441.21,0.8340,-1,-1,-1
813,192,376.12,40.49,138.27,431.15,0.8389,-1,-1,-1
813,181,51.89,145.37,54.14,154.06,0.6672,-1,-1,-1
813,137,298.24,130.66,60.78,210.65,0.8460,-1,-1,-1
814,202,269.45,194.88,26.78,85.74,0.6239,-1,-1,-1
814,199,103.44,149.05,38.21,145.44,0.7003,-1,-1,-1
814,196,186.11,162.38,59.66,142.66,0.8207,-1,-1,-1
814,195,237.75,177.03,39.52,104.53,0.7301,-1,-1,-1
814,194,510.72,30.74,129.27,442.58,0.8389,-1,-1,-1
814,192,365.51,34.88,157.34,445.12,0.5980,-1,-1,-1
814,181,48.49,138.90,58.35,160.69,0.7064,-1,-1,-1
814,137,302.07,129.98,63.07,210.63,0.8485,-1,-1,-1
815,202,270.30,194.20,26.47,89.09,0.6749,-1,-1,-1
815,199,100.73,148.23,41.73,149.83,0.6533,-1,-1,-1
815,196,183.34,161.81,61.72,146.24,0.7416,-1,-1,-1
815,195,240.29,179.05,35.72,105.47,0.6980,-1,-1,-1
815,194,516.51,30.68,123.45,442.63,0.8575,-1,-1,-1
815,192,377.16,25.22,220.78,454.78,0.6135,-1,-1,-1
815,181,49.04,142.42,55.85,161.35,0.6795,-1,-1,-1
815,137,305.96,134.15,62.62,211.63,0.8165,-1,-1,-1
816,202,269.46,191.52,25.65,90.84,0.6536,-1,-1,-1
816,199,99.73,149.19,41.50,147.25,0.6950,-1,-1,-1
816,196,175.90,159.07,65.19,150.07,0.7013,-1,-1,-1
816,195,237.30,174.96,35.86,110.01,0.7411,-1,-1,-1
816,194,519.43,26.73,120.55,425.82,0.8743,-1,-1,-1
816,193,60.05,138.85,45.79,160.12,0.5152,-1,-1,-1
816,192,383.10,25.13,130.57,454.02,0.6092,-1,-1,-1
816,181,43.81,170.04,28.17,130.13,0.3200,-1,-1,-1
816,137,311.36,136.03,56.93,210.44,0.7724,-1,-1,-1
817,202,268.78,192.03,23.57,87.26,0.6622,-1,-1,-1
817,199,98.18,147.61,39.36,148.11,0.7003,-1,-1,-1
817,196,168.61,156.85,69.27,154.30,0.7468,-1,-1,-1
817,195,235.92,173.33,35.70,109.89,0.6605,-1,-1,-1
817,194,521.95,22.24,118.03,432.87,0.8914,-1,-1,-1
817,193,59.70,135.90,46.60,168.61,0.4934,-1,-1,-1
817,192,382.45,5.91,165.34,455.96,0.7703,-1,-1,-1
817,181,30.09,145.33,37.62,155.04,0.4433,-1,-1,-1
817,137,312.97,134.54,60.51,210.27,0.8088,-1,-1,-1
818,203,288.13,177.73,30.01,92.16,0.7279,-1,-1,-1
818,202,266.53,187.28,26.79,95.74,0.6999,-1,-1,-1
818,199,96.27,145.85,39.16,151.08,0.7054,-1,-1,-1
818,196,172.50,156.95,65.36,161.44,0.7519,-1,-1,-1
818,195,231.05,168.92,38.52,115.44,0.7656,-1,-1,-1
818,194,527.96,11.59,111.90,442.76,0.8194,-1,-1,-1
818,193,56.71,133.64,48.89,172.39,0.3485,-1,-1,-1
818,192,387.81,9.08,146.96,457.80,0.7849,-1,-1,-1
818,181,13.04,135.70,55.01,168.11,0.6367,-1,-1,-1
818,137,317.56,132.03,61.48,210.26,0.8176,-1,-1,-1
819,203,288.84,179.02,29.09,92.23,0.6376,-1,-1,-1
819,202,265.53,188.54,28.08,97.94,0.6750,-1,-1,-1
819,199,93.69,145.97,40.12,153.71,0.7342,-1,-1,-1
819,196,167.59,157.92,69.22,164.32,0.7693,-1,-1,-1
819,195,228.28,167.94,39.80,118.72,0.7897,-1,-1,-1
819,194,538.01,9.47,101.95,452.70,0.8776,-1,-1,-1
819,193,54.43,133.16,44.88,114.51,0.3450,-1,-1,-1
819,192,407.25,7.84,137.05,460.65,0.8688,-1,-1,-1
819,181,0.41,138.48,60.32,168.12,0.7191,-1,-1,-1
819,137,318.56,129.86,61.83,205.61,0.8326,-1,-1,-1
820,203,282.77,182.86,30.21,91.98,0.6394,-1,-1,-1
820,202,260.41,190.27,28.70,101.51,0.7276,-1,-1,-1
820,199,82.94,146.69,43.52,159.27,0.7490,-1,-1,-1
820,196,150.58,154.61,78.81,174.35,0.7141,-1,-1,-1
820,195,221.47,170.93,41.91,123.08,0.7660,-1,-1,-1
820,194,548.64,11.52,91.22,468.48,0.8740,-1,-1,-1
820,193,44.28,134.54,42.14,118.47,0.4479,-1,-1,-1
820,192,411.68,9.25,160.75,470.20,0.8325,-1,-1,-1
820,181,0.18,143.89,48.87,166.40,0.7158,-1,-1,-1
820,137,312.94,131.18,66.79,207.43,0.8127,-1,-1,-1
821,203,277.82,177.26,31.02,95.95,0.6410,-1,-1,-1
821,202,253.50,187.33,28.43,103.50,0.6728,-1,-1,-1
821,199,75.53,143.04,45.72,157.91,0.7891,-1,-1,-1
821,196,145.15,147.88,74.93,179.79,0.7663,-1,-1,-1
821,195,214.68,166.40,42.04,125.83,0.7414,-1,-1,-1
821,194,553.39,10.94,86.48,469.06,0.8854,-1,-1,-1
821,193,34.47,128.82,50.17,186.53,0.7400,-1,-1,-1
821,192,409.33,4.82,152.53,475.17,0.8159,-1,-1,-1
821,181,0.11,136.81,37.38,171.71,0.7425,-1,-1,-1
821,137,308.28,128.92,68.78,205.07,0.8151,-1,-1,-1
822,203,270.45,177.21,33.51,97.17,0.6782,-1,-1,-1
822,202,247.58,189.15,29.27,104.81,0.7227,-1,-1,-1
822,199,65.40,141.33,46.61,162.59,0.7522,-1,-1,-1
822,196,134.15,143.91,77.55,187.89,0.8067,-1,-1,-1
822,195,207.36,166.71,43.13,128.48,0.7999,-1,-1,-1
822,194,565.31,12.40,74.69,467.60,0.8535,-1,-1,-1
822,193,23.14,122.25,44.87,118.98,0.4542,-1,-1,-1
822,192,417.00,5.49,154.26,474.51,0.8657,-1,-1,-1
822,137,305.49,130.72,80.23,206.56,0.8354,-1,-1,-1
823,204,379.01,119.38,70.18,165.33,0.4700,-1,-1,-1
823,203,272.03,175.25,34.07,105.13,0.6378,-1,-1,-1
823,202,248.22,184.27,31.32,115.46,0.7212,-1,-1,-1
823,199,64.17,142.62,46.32,166.59,0.8120,-1,-1,-1
823,196,127.56,144.49,81.29,193.01,0.8534,-1,-1,-1
823,195,205.35,168.35,45.32,133.84,0.7767,-1,-1,-1
823,194,574.60,14.60,65.23,465.40,0.7659,-1,-1,-1
823,193,19.69,128.64,48.34,122.23,0.4760,-1,-1,-1
823,192,431.79,3.28,149.71,470.94,0.8633,-1,-1,-1
823,137,305.47,138.02,82.52,206.76,0.8052,-1,-1,-1
824,204,379.59,114.31,82.19,288.65,0.6824,-1,-1,-1
824,203,264.89,174.75,34.93,102.71,0.7263,-1,-1,-1
824,202,242.54,179.12,33.16,117.59,0.7711,-1,-1,-1
824,199,57.42,141.77,45.95,167.42,0.7653,-1,-1,-1
824,196,115.54,138.38,84.30,203.69,0.8517,-1,-1,-1
824,195,197.41,163.73,44.79,139.22,0.7686,-1,-1,-1
824,194,570.78,7.55,69.03,456.86,0.7309,-1,-1,-1
824,193,10.06,125.69,54.60,195.12,0.5992,-1,-1,-1
824,192,445.02,1.11,162.67,478.89,0.8450,-1,-1,-1
824,137,309.12,137.19,76.08,207.20,0.7842,-1,-1,-1
825,204,379.58,113.01,87.36,229.01,0.6576,-1,-1,-1
825,203,262.37,173.68,34.62,105.66,0.6914,-1,-1,-1
825,202,236.66,181.25,38.14,120.35,0.7782,-1,-1,-1
825,199,49.38,138.02,48.33,172.45,0.7614,-1,-1,-1
825,196,93.06,136.44,102.53,215.16,0.8595,-1,-1,-1
825,195,188.52,158.76,48.17,144.25,0.7696,-1,-1,-1
825,194,584.76,3.49,55.10,444.36,0.3485,-1,-1,-1
825,193,1.29,120.43,46.80,125.09,0.3729,-1,-1,-1
825,192,454.31,0.32,182.92,479.68,0.8730,-1,-1,-1
825,137,310.46,136.31,76.33,206.36,0.7867,-1,-1,-1
826,205,294.69,169.72,26.24,100.50,0.4904,-1,-1,-1
826,204,380.73,106.63,87.70,262.67,0.5902,-1,-1,-1
826,203,261.07,171.20,32.87,104.21,0.6680,-1,-1,-1
826,202,231.49,174.77,38.29,126.47,0.7523,-1,-1,-1
826,199,42.85,131.25,50.12,177.80,0.7052,-1,-1,-1
826,196,83.80,129.91,109.53,226.95,0.8858,-1,-1,-1
826,195,180.67,151.73,50.41,148.52,0.8042,-1,-1,-1
826,193,0.00,112.02,49.52,206.63,0.4645,-1,-1,-1
826,192,465.32,0.51,174.50,479.14,0.9123,-1,-1,-1
826,137,311.52,130.16,73.05,205.13,0.8164,-1,-1,-1
827,205,287.24,175.23,30.08,99.71,0.5400,-1,-1,-1
827,204,373.71,112.26,93.26,269.25,0.8235,-1,-1,-1
827,203,251.57,174.34,34.09,108.41,0.6816,-1,-1,-1
827,202,218.99,180.00,40.87,131.25,0.7613,-1,-1,-1
827,199,29.96,129.98,47.65,182.09,0.6745,-1,-1,-1
827,196,67.08,123.86,100.75,242.66,0.8609,-1,-1,-1
827,195,157.15,156.22,64.11,154.89,0.8150,-1,-1,-1
827,192,473.06,0.80,166.83,479.20,0.8848,-1,-1,-1
827,137,310.23,131.19,68.67,203.68,0.8229,-1,-1,-1
828,205,286.95,175.97,29.22,100.04,0.6320,-1,-1,-1
828,204,372.59,113.78,96.42,272.03,0.7752,-1,-1,-1
828,203,248.80,173.20,36.36,110.33,0.7181,-1,-1,-1
828,202,217.46,178.02,39.54,135.32,0.7915,-1,-1,-1
828,199,25.41,130.41,59.45,184.51,0.6803,-1,-1,-1
828,196,61.81,116.16,99.22,251.95,0.8610,-1,-1,-1
828,195,151.39,153.91,67.20,158.35,0.7979,-1,-1,-1
828,193,0.00,109.56,32.88,214.96,0.4922,-1,-1,-1
828,192,487.02,1.12,152.92,478.25,0.9011,-1,-1,-1
828,137,311.87,131.52,67.10,204.62,0.8254,-1,-1,-1
829,205,288.21,172.10,33.53,101.63,0.6965,-1,-1,-1
829,204,376.94,113.29,104.21,275.75,0.7913,-1,-1,-1
829,203,245.38,168.14,41.01,116.20,0.6904,-1,-1,-1
829,202,213.13,175.14,43.39,139.14,0.7383,-1,-1,-1
829,199,22.65,127.23,52.34,187.20,0.7469,-1,-1,-1
829,196,56.91,109.78,98.48,263.96,0.8514,-1,-1,-1
829,195,152.65,149.09,59.85,169.09,0.8736,-1,-1,-1
829,192,507.70,0.81,132.30,479.19,0.8759,-1,-1,-1
829,137,317.46,130.68,63.33,206.52,0.8096,-1,-1,-1
830,205,291.89,175.57,33.06,102.26,0.7839,-1,-1,-1
830,204,380.31,119.11,102.33,272.24,0.8317,-1,-1,-1
830,203,247.00,176.15,38.29,112.72,0.6785,-1,-1,-1
830,202,209.79,176.22,44.54,146.04,0.7117,-1,-1,-1
830,196,21.44,108.60,124.20,278.94,0.8579,-1,-1,-1
830,195,150.08,151.71,59.85,174.23,0.8621,-1,-1,-1
830,193,0.08,115.83,22.52,134.78,0.3357,-1,-1,-1
830,192,521.17,0.00,118.62,480.00,0.8586,-1,-1,-1
830,137,320.56,139.22,62.86,203.17,0.8562,-1,-1,-1
831,205,286.64,174.25,36.25,101.87,0.7748,-1,-1,-1
831,204,377.82,115.64,102.84,277.37,0.8369,-1,-1,-1
831,203,242.92,170.51,35.70,119.38,0.7146,-1,-1,-1
831,202,204.85,170.49,44.80,153.54,0.7439,-1,-1,-1
831,196,8.89,104.50,125.42,293.04,0.8526,-1,-1,-1
831,195,140.44,144.48,61.86,183.11,0.8516,-1,-1,-1
831,192,531.36,0.19,108.41,478.06,0.8641,-1,-1,-1
831,137,320.82,139.29,59.58,206.23,0.8276,-1,-1,-1
832,205,279.26,166.21,37.84,104.19,0.7869,-1,-1,-1
832,204,372.25,107.94,95.58,274.20,0.8542,-1,-1,-1
832,203,229.66,162.02,44.11,125.23,0.7618,-1,-1,-1
832,202,188.84,161.31,46.42,164.92,0.7895,-1,-1,-1
832,196,0.06,86.07,112.92,327.89,0.8791,-1,-1,-1
832,195,120.51,132.04,69.39,192.49,0.8306,-1,-1,-1
832,192,553.11,0.77,86.74,477.56,0.8524,-1,-1,-1
832,137,312.62,133.80,63.45,205.43,0.8394,-1,-1,-1
833,205,273.63,166.28,39.27,104.80,0.7796,-1,-1,-1
833,204,369.31,106.63,94.76,270.36,0.8536,-1,-1,-1
833,203,226.90,162.16,41.22,127.56,0.8047,-1,-1,-1
833,202,179.44,162.02,52.13,166.70,0.8041,-1,-1,-1
833,196,0.28,81.80,102.19,322.74,0.8577,-1,-1,-1
833,195,109.82,129.82,73.16,203.46,0.8619,-1,-1,-1
833,192,561.10,0.78,78.84,477.37,0.8371,-1,-1,-1
833,137,312.28,133.06,63.32,206.07,0.8310,-1,-1,-1
834,205,271.88,167.56,38.55,103.74,0.8088,-1,-1,-1
834,204,372.48,104.09,91.35,271.65,0.8748,-1,-1,-1
834,203,224.39,158.09,43.66,133.71,0.7558,-1,-1,-1
834,202,173.50,160.16,53.43,176.63,0.8354,-1,-1,-1
834,196,0.14,78.40,84.69,321.06,0.8877,-1,-1,-1
834,195,99.59,126.69,78.89,208.96,0.8690,-1,-1,-1
834,192,578.21,18.74,61.64,461.26,0.4672,-1,-1,-1
834,137,313.04,128.98,66.80,200.53,0.8308,-1,-1,-1
835,205,273.55,167.75,39.03,101.22,0.7934,-1,-1,-1
835,204,372.48,104.40,92.67,276.14,0.8716,-1,-1,-1
835,203,220.40,158.34,47.39,136.91,0.7635,-1,-1,-1
835,202,164.11,156.09,62.00,187.73,0.8136,-1,-1,-1
835,196,0.02,108.49,67.95,295.44,0.7041,-1,-1,-1
835,195,88.21,121.72,82.91,230.15,0.8827,-1,-1,-1
835,192,595.12,41.64,44.73,435.32,0.3301,-1,-1,-1
835,137,312.69,126.20,68.22,201.40,0.7938,-1,-1,-1
836,205,272.02,167.68,41.38,99.28,0.7786,-1,-1,-1
836,204,375.07,105.43,94.16,278.26,0.8710,-1,-1,-1
836,203,221.27,153.94,51.31,141.00,0.8358,-1,-1,-1
836,202,165.19,150.51,57.32,196.81,0.8415,-1,-1,-1
836,199,0.12,107.37,52.18,216.33,0.7719,-1,-1,-1
836,195,78.63,115.47,90.04,242.80,0.8687,-1,-1,-1
836,137,318.63,124.64,69.39,195.99,0.8522,-1,-1,-1
837,205,273.94,168.22,43.95,101.18,0.8119,-1,-1,-1
837,204,380.43,110.15,95.03,278.57,0.8626,-1,-1,-1
837,203,223.73,151.11,52.36,148.60,0.8130,-1,-1,-1
837,202,161.91,145.07,57.94,208.92,0.8648,-1,-1,-1
837,199,0.14,110.53,38.05,217.75,0.6794,-1,-1,-1
837,195,72.19,111.74,93.87,254.00,0.8547,-1,-1,-1
837,137,326.75,128.52,69.87,188.13,0.8316,-1,-1,-1
